season,game_id,start_date,home_team,away_team,home_points,away_points,neutral_site,scope_status,scope_provenance
2016,400869090,2016-08-27T02:00:00.000Z,California,Hawai'i,51,31,True,2016_PROVISIONAL_FBS_VS_FBS,v1.72_2016_bounded_lineage_plus_v0.22_schedule
2016,400869341,2016-09-01T23:00:00.000Z,Louisville,Charlotte,70,14,False,2016_PROVISIONAL_FBS_VS_FBS,v1.72_2016_bounded_lineage_plus_v0.22_schedule
2016,400869421,2016-09-01T23:00:00.000Z,Wake Forest,Tulane,7,3,False,2016_PROVISIONAL_FBS_VS_FBS,v1.72_2016_bounded_lineage_plus_v0.22_schedule
2016,400868977,2016-09-01T23:30:00.000Z,Tennessee,App State,20,13,False,2016_PROVISIONAL_FBS_VS_FBS,v1.72_2016_bounded_lineage_plus_v0.22_schedule
2016,400869342,2016-09-01T23:30:00.000Z,Florida International,Indiana,13,34,False,2016_PROVISIONAL_FBS_VS_FBS,v1.72_2016_bounded_lineage_plus_v0.22_schedule
2016,400868968,2016-09-02T00:00:00.000Z,Vanderbilt,South Carolina,10,13,False,2016_PROVISIONAL_FBS_VS_FBS,v1.72_2016_bounded_lineage_plus_v0.22_schedule
2016,400869347,2016-09-02T00:00:00.000Z,Western Kentucky,Rice,46,14,False,2016_PROVISIONAL_FBS_VS_FBS,v1.72_2016_bounded_lineage_plus_v0.22_schedule
2016,400869092,2016-09-02T01:00:00.000Z,Minnesota,Oregon State,30,23,False,2016_PROVISIONAL_FBS_VS_FBS,v1.72_2016_bounded_lineage_plus_v0.22_schedule
2016,400868910,2016-09-02T23:00:00.000Z,Temple,Army,13,28,False,2016_PROVISIONAL_FBS_VS_FBS,v1.72_2016_bounded_lineage_plus_v0.22_schedule
2016,400869258,2016-09-02T23:00:00.000Z,Georgia State,Ball State,21,31,False,2016_PROVISIONAL_FBS_VS_FBS,v1.72_2016_bounded_lineage_plus_v0.22_schedule
2016,400869093,2016-09-03T00:00:00.000Z,Colorado,Colorado State,44,7,True,2016_PROVISIONAL_FBS_VS_FBS,v1.72_2016_bounded_lineage_plus_v0.22_schedule
2016,400869094,2016-09-03T01:00:00.000Z,Stanford,Kansas State,26,13,False,2016_PROVISIONAL_FBS_VS_FBS,v1.72_2016_bounded_lineage_plus_v0.22_schedule
2016,400869265,2016-09-03T01:00:00.000Z,Arkansas State,Toledo,10,31,False,2016_PROVISIONAL_FBS_VS_FBS,v1.72_2016_bounded_lineage_plus_v0.22_schedule
2016,400869424,2016-09-03T11:30:00.000Z,Boston College,Georgia Tech,14,17,True,2016_PROVISIONAL_FBS_VS_FBS,v1.72_2016_bounded_lineage_plus_v0.22_schedule
2016,400868975,2016-09-03T16:00:00.000Z,Mississippi State,South Alabama,20,21,False,2016_PROVISIONAL_FBS_VS_FBS,v1.72_2016_bounded_lineage_plus_v0.22_schedule
2016,400868976,2016-09-03T16:00:00.000Z,West Virginia,Missouri,26,11,False,2016_PROVISIONAL_FBS_VS_FBS,v1.72_2016_bounded_lineage_plus_v0.22_schedule
2016,400869176,2016-09-03T16:00:00.000Z,Louisiana,Boise State,10,45,False,2016_PROVISIONAL_FBS_VS_FBS,v1.72_2016_bounded_lineage_plus_v0.22_schedule
2016,400869180,2016-09-03T16:00:00.000Z,Michigan,Hawai'i,63,3,False,2016_PROVISIONAL_FBS_VS_FBS,v1.72_2016_bounded_lineage_plus_v0.22_schedule
2016,400869260,2016-09-03T16:00:00.000Z,Ohio State,Bowling Green,77,10,False,2016_PROVISIONAL_FBS_VS_FBS,v1.72_2016_bounded_lineage_plus_v0.22_schedule
2016,400869267,2016-09-03T16:00:00.000Z,Northwestern,Western Michigan,21,22,False,2016_PROVISIONAL_FBS_VS_FBS,v1.72_2016_bounded_lineage_plus_v0.22_schedule
2016,400869507,2016-09-03T16:00:00.000Z,Houston,Oklahoma,33,23,True,2016_PROVISIONAL_FBS_VS_FBS,v1.72_2016_bounded_lineage_plus_v0.22_schedule
2016,400869097,2016-09-03T18:00:00.000Z,Washington,Rutgers,48,13,False,2016_PROVISIONAL_FBS_VS_FBS,v1.72_2016_bounded_lineage_plus_v0.22_schedule
2016,400868974,2016-09-03T19:30:00.000Z,Wisconsin,LSU,16,14,True,2016_PROVISIONAL_FBS_VS_FBS,v1.72_2016_bounded_lineage_plus_v0.22_schedule
2016,400868978,2016-09-03T19:30:00.000Z,Texas A&M,UCLA,31,24,False,2016_PROVISIONAL_FBS_VS_FBS,v1.72_2016_bounded_lineage_plus_v0.22_schedule
2016,400869261,2016-09-03T19:30:00.000Z,Penn State,Kent State,33,13,False,2016_PROVISIONAL_FBS_VS_FBS,v1.72_2016_bounded_lineage_plus_v0.22_schedule
2016,400869262,2016-09-03T19:30:00.000Z,Iowa,Miami (OH),45,21,False,2016_PROVISIONAL_FBS_VS_FBS,v1.72_2016_bounded_lineage_plus_v0.22_schedule
2016,400869264,2016-09-03T19:30:00.000Z,Ohio,Texas State,54,56,False,2016_PROVISIONAL_FBS_VS_FBS,v1.72_2016_bounded_lineage_plus_v0.22_schedule
2016,400868970,2016-09-03T20:00:00.000Z,Arkansas,Louisiana Tech,21,20,False,2016_PROVISIONAL_FBS_VS_FBS,v1.72_2016_bounded_lineage_plus_v0.22_schedule
2016,400868972,2016-09-03T21:30:00.000Z,North Carolina,Georgia,24,33,True,2016_PROVISIONAL_FBS_VS_FBS,v1.72_2016_bounded_lineage_plus_v0.22_schedule
2016,400869183,2016-09-03T23:00:00.000Z,Tulsa,San José State,45,10,False,2016_PROVISIONAL_FBS_VS_FBS,v1.72_2016_bounded_lineage_plus_v0.22_schedule
2016,400869345,2016-09-03T23:00:00.000Z,North Texas,SMU,21,34,False,2016_PROVISIONAL_FBS_VS_FBS,v1.72_2016_bounded_lineage_plus_v0.22_schedule
2016,400868957,2016-09-03T23:30:00.000Z,Florida,Massachusetts,24,7,False,2016_PROVISIONAL_FBS_VS_FBS,v1.72_2016_bounded_lineage_plus_v0.22_schedule
2016,400868973,2016-09-03T23:30:00.000Z,Kentucky,Southern Miss,35,44,False,2016_PROVISIONAL_FBS_VS_FBS,v1.72_2016_bounded_lineage_plus_v0.22_schedule
2016,400868969,2016-09-04T00:00:00.000Z,Alabama,USC,52,6,True,2016_PROVISIONAL_FBS_VS_FBS,v1.72_2016_bounded_lineage_plus_v0.22_schedule
2016,400869179,2016-09-04T00:00:00.000Z,Nebraska,Fresno State,43,10,False,2016_PROVISIONAL_FBS_VS_FBS,v1.72_2016_bounded_lineage_plus_v0.22_schedule
2016,400869348,2016-09-04T00:00:00.000Z,UTEP,New Mexico State,38,22,False,2016_PROVISIONAL_FBS_VS_FBS,v1.72_2016_bounded_lineage_plus_v0.22_schedule
2016,400868971,2016-09-04T01:00:00.000Z,Auburn,Clemson,13,19,False,2016_PROVISIONAL_FBS_VS_FBS,v1.72_2016_bounded_lineage_plus_v0.22_schedule
2016,400868922,2016-09-04T02:30:00.000Z,Arizona,BYU,16,18,True,2016_PROVISIONAL_FBS_VS_FBS,v1.72_2016_bounded_lineage_plus_v0.22_schedule
2016,400869178,2016-09-04T02:30:00.000Z,Wyoming,Northern Illinois,40,34,False,2016_PROVISIONAL_FBS_VS_FBS,v1.72_2016_bounded_lineage_plus_v0.22_schedule
2016,400868946,2016-09-04T23:30:00.000Z,Texas,Notre Dame,50,47,False,2016_PROVISIONAL_FBS_VS_FBS,v1.72_2016_bounded_lineage_plus_v0.22_schedule
2016,400868979,2016-09-06T00:00:00.000Z,Florida State,Ole Miss,45,34,True,2016_PROVISIONAL_FBS_VS_FBS,v1.72_2016_bounded_lineage_plus_v0.22_schedule
2016,400869351,2016-09-09T23:30:00.000Z,Florida International,Maryland,14,41,False,2016_PROVISIONAL_FBS_VS_FBS,v1.72_2016_bounded_lineage_plus_v0.22_schedule
2016,400869429,2016-09-10T00:00:00.000Z,Syracuse,Louisville,28,62,False,2016_PROVISIONAL_FBS_VS_FBS,v1.72_2016_bounded_lineage_plus_v0.22_schedule
2016,400868911,2016-09-10T16:00:00.000Z,Army,Rice,31,14,False,2016_PROVISIONAL_FBS_VS_FBS,v1.72_2016_bounded_lineage_plus_v0.22_schedule
2016,400868958,2016-09-10T16:00:00.000Z,Massachusetts,Boston College,7,26,False,2016_PROVISIONAL_FBS_VS_FBS,v1.72_2016_bounded_lineage_plus_v0.22_schedule
2016,400869187,2016-09-10T16:00:00.000Z,Nebraska,Wyoming,52,17,False,2016_PROVISIONAL_FBS_VS_FBS,v1.72_2016_bounded_lineage_plus_v0.22_schedule
2016,400869270,2016-09-10T16:00:00.000Z,Oklahoma State,Central Michigan,27,30,False,2016_PROVISIONAL_FBS_VS_FBS,v1.72_2016_bounded_lineage_plus_v0.22_schedule
2016,400869435,2016-09-10T16:00:00.000Z,East Carolina,NC State,33,30,False,2016_PROVISIONAL_FBS_VS_FBS,v1.72_2016_bounded_lineage_plus_v0.22_schedule
2016,400869436,2016-09-10T16:00:00.000Z,Pittsburgh,Penn State,42,39,False,2016_PROVISIONAL_FBS_VS_FBS,v1.72_2016_bounded_lineage_plus_v0.22_schedule
2016,400869510,2016-09-10T16:00:00.000Z,Michigan,UCF,51,14,False,2016_PROVISIONAL_FBS_VS_FBS,v1.72_2016_bounded_lineage_plus_v0.22_schedule
2016,400869511,2016-09-10T16:00:00.000Z,Purdue,Cincinnati,20,38,False,2016_PROVISIONAL_FBS_VS_FBS,v1.72_2016_bounded_lineage_plus_v0.22_schedule
2016,400869430,2016-09-10T16:30:00.000Z,Clemson,Troy,30,24,False,2016_PROVISIONAL_FBS_VS_FBS,v1.72_2016_bounded_lineage_plus_v0.22_schedule
2016,400869101,2016-09-10T18:00:00.000Z,USC,Utah State,45,7,False,2016_PROVISIONAL_FBS_VS_FBS,v1.72_2016_bounded_lineage_plus_v0.22_schedule
2016,400869184,2016-09-10T18:00:00.000Z,Air Force,Georgia State,48,14,False,2016_PROVISIONAL_FBS_VS_FBS,v1.72_2016_bounded_lineage_plus_v0.22_schedule
2016,400869277,2016-09-10T18:30:00.000Z,Kansas,Ohio,21,37,False,2016_PROVISIONAL_FBS_VS_FBS,v1.72_2016_bounded_lineage_plus_v0.22_schedule
2016,400868877,2016-09-10T19:30:00.000Z,Baylor,SMU,40,13,False,2016_PROVISIONAL_FBS_VS_FBS,v1.72_2016_bounded_lineage_plus_v0.22_schedule
2016,400868947,2016-09-10T19:30:00.000Z,Notre Dame,Nevada,39,10,False,2016_PROVISIONAL_FBS_VS_FBS,v1.72_2016_bounded_lineage_plus_v0.22_schedule
2016,400868980,2016-09-10T19:30:00.000Z,Alabama,Western Kentucky,38,10,False,2016_PROVISIONAL_FBS_VS_FBS,v1.72_2016_bounded_lineage_plus_v0.22_schedule
2016,400868983,2016-09-10T19:30:00.000Z,Florida,Kentucky,45,7,False,2016_PROVISIONAL_FBS_VS_FBS,v1.72_2016_bounded_lineage_plus_v0.22_schedule
2016,400869268,2016-09-10T19:30:00.000Z,Wisconsin,Akron,54,10,False,2016_PROVISIONAL_FBS_VS_FBS,v1.72_2016_bounded_lineage_plus_v0.22_schedule
2016,400869355,2016-09-10T19:30:00.000Z,App State,Old Dominion,31,7,False,2016_PROVISIONAL_FBS_VS_FBS,v1.72_2016_bounded_lineage_plus_v0.22_schedule
2016,400869431,2016-09-10T19:30:00.000Z,Duke,Wake Forest,14,24,False,2016_PROVISIONAL_FBS_VS_FBS,v1.72_2016_bounded_lineage_plus_v0.22_schedule
2016,400869512,2016-09-10T19:30:00.000Z,Navy,UConn,28,24,False,2016_PROVISIONAL_FBS_VS_FBS,v1.72_2016_bounded_lineage_plus_v0.22_schedule
2016,400869516,2016-09-10T19:30:00.000Z,Ohio State,Tulsa,48,3,False,2016_PROVISIONAL_FBS_VS_FBS,v1.72_2016_bounded_lineage_plus_v0.22_schedule
2016,400868991,2016-09-10T20:00:00.000Z,Vanderbilt,Middle Tennessee,47,24,False,2016_PROVISIONAL_FBS_VS_FBS,v1.72_2016_bounded_lineage_plus_v0.22_schedule
2016,400869185,2016-09-10T20:00:00.000Z,Colorado State,UTSA,23,14,False,2016_PROVISIONAL_FBS_VS_FBS,v1.72_2016_bounded_lineage_plus_v0.22_schedule
2016,400869269,2016-09-10T20:00:00.000Z,Indiana,Ball State,30,20,False,2016_PROVISIONAL_FBS_VS_FBS,v1.72_2016_bounded_lineage_plus_v0.22_schedule
2016,400869105,2016-09-10T21:00:00.000Z,Washington,Idaho,59,14,False,2016_PROVISIONAL_FBS_VS_FBS,v1.72_2016_bounded_lineage_plus_v0.22_schedule
2016,400869719,2016-09-10T22:00:00.000Z,Miami,Florida Atlantic,38,10,False,2016_PROVISIONAL_FBS_VS_FBS,v1.72_2016_bounded_lineage_plus_v0.22_schedule
2016,400868981,2016-09-10T23:00:00.000Z,TCU,Arkansas,38,41,False,2016_PROVISIONAL_FBS_VS_FBS,v1.72_2016_bounded_lineage_plus_v0.22_schedule
2016,400868987,2016-09-10T23:00:00.000Z,Mississippi State,South Carolina,27,14,False,2016_PROVISIONAL_FBS_VS_FBS,v1.72_2016_bounded_lineage_plus_v0.22_schedule
2016,400869273,2016-09-10T23:00:00.000Z,South Florida,Northern Illinois,48,17,False,2016_PROVISIONAL_FBS_VS_FBS,v1.72_2016_bounded_lineage_plus_v0.22_schedule
2016,400869357,2016-09-10T23:00:00.000Z,Texas,UTEP,41,7,False,2016_PROVISIONAL_FBS_VS_FBS,v1.72_2016_bounded_lineage_plus_v0.22_schedule
2016,400869612,2016-09-10T23:00:00.000Z,Oklahoma,UL Monroe,59,17,False,2016_PROVISIONAL_FBS_VS_FBS,v1.72_2016_bounded_lineage_plus_v0.22_schedule
2016,400869811,2016-09-10T23:00:00.000Z,South Alabama,Georgia Southern,9,24,False,2016_PROVISIONAL_FBS_VS_FBS,v1.72_2016_bounded_lineage_plus_v0.22_schedule
2016,400868888,2016-09-10T23:30:00.000Z,Iowa,Iowa State,42,3,False,2016_PROVISIONAL_FBS_VS_FBS,v1.72_2016_bounded_lineage_plus_v0.22_schedule
2016,400868923,2016-09-10T23:30:00.000Z,Utah,BYU,20,19,False,2016_PROVISIONAL_FBS_VS_FBS,v1.72_2016_bounded_lineage_plus_v0.22_schedule
2016,400868982,2016-09-10T23:30:00.000Z,Auburn,Arkansas State,51,14,False,2016_PROVISIONAL_FBS_VS_FBS,v1.72_2016_bounded_lineage_plus_v0.22_schedule
2016,400868988,2016-09-10T23:30:00.000Z,Missouri,Eastern Michigan,61,21,False,2016_PROVISIONAL_FBS_VS_FBS,v1.72_2016_bounded_lineage_plus_v0.22_schedule
2016,400869434,2016-09-10T23:30:00.000Z,Illinois,North Carolina,23,48,False,2016_PROVISIONAL_FBS_VS_FBS,v1.72_2016_bounded_lineage_plus_v0.22_schedule
2016,400868989,2016-09-11T00:00:00.000Z,Tennessee,Virginia Tech,45,24,True,2016_PROVISIONAL_FBS_VS_FBS,v1.72_2016_bounded_lineage_plus_v0.22_schedule
2016,400869102,2016-09-11T00:00:00.000Z,UCLA,UNLV,42,21,False,2016_PROVISIONAL_FBS_VS_FBS,v1.72_2016_bounded_lineage_plus_v0.22_schedule
2016,400869186,2016-09-11T00:00:00.000Z,New Mexico State,New Mexico,32,31,False,2016_PROVISIONAL_FBS_VS_FBS,v1.72_2016_bounded_lineage_plus_v0.22_schedule
2016,400869100,2016-09-11T02:00:00.000Z,Arizona State,Texas Tech,68,55,False,2016_PROVISIONAL_FBS_VS_FBS,v1.72_2016_bounded_lineage_plus_v0.22_schedule
2016,400869106,2016-09-11T02:15:00.000Z,Boise State,Washington State,31,28,False,2016_PROVISIONAL_FBS_VS_FBS,v1.72_2016_bounded_lineage_plus_v0.22_schedule
2016,400869104,2016-09-11T02:30:00.000Z,Oregon,Virginia,44,26,False,2016_PROVISIONAL_FBS_VS_FBS,v1.72_2016_bounded_lineage_plus_v0.22_schedule
2016,400869107,2016-09-11T02:30:00.000Z,San Diego State,California,45,40,False,2016_PROVISIONAL_FBS_VS_FBS,v1.72_2016_bounded_lineage_plus_v0.22_schedule
2016,400869517,2016-09-15T23:30:00.000Z,Cincinnati,Houston,16,40,False,2016_PROVISIONAL_FBS_VS_FBS,v1.72_2016_bounded_lineage_plus_v0.22_schedule
2016,400869361,2016-09-17T00:00:00.000Z,Rice,Baylor,10,38,False,2016_PROVISIONAL_FBS_VS_FBS,v1.72_2016_bounded_lineage_plus_v0.22_schedule
2016,400869193,2016-09-17T01:00:00.000Z,Utah State,Arkansas State,34,20,False,2016_PROVISIONAL_FBS_VS_FBS,v1.72_2016_bounded_lineage_plus_v0.22_schedule
2016,400869109,2016-09-17T01:30:00.000Z,UTSA,Arizona State,28,32,False,2016_PROVISIONAL_FBS_VS_FBS,v1.72_2016_bounded_lineage_plus_v0.22_schedule
2016,400868889,2016-09-17T16:00:00.000Z,TCU,Iowa State,41,20,False,2016_PROVISIONAL_FBS_VS_FBS,v1.72_2016_bounded_lineage_plus_v0.22_schedule
2016,400869000,2016-09-17T16:00:00.000Z,Tennessee,Ohio,28,19,False,2016_PROVISIONAL_FBS_VS_FBS,v1.72_2016_bounded_lineage_plus_v0.22_schedule
2016,400869192,2016-09-17T16:00:00.000Z,Rutgers,New Mexico,37,28,False,2016_PROVISIONAL_FBS_VS_FBS,v1.72_2016_bounded_lineage_plus_v0.22_schedule
2016,400869278,2016-09-17T16:00:00.000Z,Marshall,Akron,38,65,False,2016_PROVISIONAL_FBS_VS_FBS,v1.72_2016_bounded_lineage_plus_v0.22_schedule
2016,400869281,2016-09-17T16:00:00.000Z,Bowling Green,Middle Tennessee,21,41,False,2016_PROVISIONAL_FBS_VS_FBS,v1.72_2016_bounded_lineage_plus_v0.22_schedule
2016,400869440,2016-09-17T16:00:00.000Z,Louisville,Florida State,63,20,False,2016_PROVISIONAL_FBS_VS_FBS,v1.72_2016_bounded_lineage_plus_v0.22_schedule
2016,400869519,2016-09-17T16:00:00.000Z,Penn State,Temple,34,27,False,2016_PROVISIONAL_FBS_VS_FBS,v1.72_2016_bounded_lineage_plus_v0.22_schedule
2016,400869520,2016-09-17T16:00:00.000Z,Memphis,Kansas,43,7,False,2016_PROVISIONAL_FBS_VS_FBS,v1.72_2016_bounded_lineage_plus_v0.22_schedule
2016,400869657,2016-09-17T16:00:00.000Z,Wisconsin,Georgia State,23,17,False,2016_PROVISIONAL_FBS_VS_FBS,v1.72_2016_bounded_lineage_plus_v0.22_schedule
2016,400869720,2016-09-17T16:00:00.000Z,App State,Miami,10,45,False,2016_PROVISIONAL_FBS_VS_FBS,v1.72_2016_bounded_lineage_plus_v0.22_schedule
2016,400869001,2016-09-17T16:30:00.000Z,Georgia Tech,Vanderbilt,38,7,False,2016_PROVISIONAL_FBS_VS_FBS,v1.72_2016_bounded_lineage_plus_v0.22_schedule
2016,400869444,2016-09-17T17:30:00.000Z,UConn,Virginia,13,10,False,2016_PROVISIONAL_FBS_VS_FBS,v1.72_2016_bounded_lineage_plus_v0.22_schedule
2016,400869116,2016-09-17T18:00:00.000Z,Washington State,Idaho,56,6,False,2016_PROVISIONAL_FBS_VS_FBS,v1.72_2016_bounded_lineage_plus_v0.22_schedule
2016,400869358,2016-09-17T18:30:00.000Z,Kansas State,Florida Atlantic,63,7,False,2016_PROVISIONAL_FBS_VS_FBS,v1.72_2016_bounded_lineage_plus_v0.22_schedule
2016,400869195,2016-09-17T19:00:00.000Z,Toledo,Fresno State,52,17,False,2016_PROVISIONAL_FBS_VS_FBS,v1.72_2016_bounded_lineage_plus_v0.22_schedule
2016,400869198,2016-09-17T19:00:00.000Z,Central Michigan,UNLV,44,21,False,2016_PROVISIONAL_FBS_VS_FBS,v1.72_2016_bounded_lineage_plus_v0.22_schedule
2016,400868959,2016-09-17T19:30:00.000Z,Massachusetts,Florida International,21,13,False,2016_PROVISIONAL_FBS_VS_FBS,v1.72_2016_bounded_lineage_plus_v0.22_schedule
2016,400868997,2016-09-17T19:30:00.000Z,Ole Miss,Alabama,43,48,False,2016_PROVISIONAL_FBS_VS_FBS,v1.72_2016_bounded_lineage_plus_v0.22_schedule
2016,400869111,2016-09-17T19:30:00.000Z,Michigan,Colorado,45,28,False,2016_PROVISIONAL_FBS_VS_FBS,v1.72_2016_bounded_lineage_plus_v0.22_schedule
2016,400869113,2016-09-17T19:30:00.000Z,Nebraska,Oregon,35,32,False,2016_PROVISIONAL_FBS_VS_FBS,v1.72_2016_bounded_lineage_plus_v0.22_schedule
2016,400869197,2016-09-17T19:30:00.000Z,Northern Illinois,San Diego State,28,42,False,2016_PROVISIONAL_FBS_VS_FBS,v1.72_2016_bounded_lineage_plus_v0.22_schedule
2016,400869283,2016-09-17T19:30:00.000Z,Miami (OH),Western Kentucky,24,31,False,2016_PROVISIONAL_FBS_VS_FBS,v1.72_2016_bounded_lineage_plus_v0.22_schedule
2016,400869437,2016-09-17T19:30:00.000Z,Virginia Tech,Boston College,49,0,False,2016_PROVISIONAL_FBS_VS_FBS,v1.72_2016_bounded_lineage_plus_v0.22_schedule
2016,400869442,2016-09-17T19:30:00.000Z,Oklahoma State,Pittsburgh,45,38,False,2016_PROVISIONAL_FBS_VS_FBS,v1.72_2016_bounded_lineage_plus_v0.22_schedule
2016,400869443,2016-09-17T19:30:00.000Z,Syracuse,South Florida,20,45,False,2016_PROVISIONAL_FBS_VS_FBS,v1.72_2016_bounded_lineage_plus_v0.22_schedule
2016,400868995,2016-09-17T20:00:00.000Z,Kentucky,New Mexico State,62,42,False,2016_PROVISIONAL_FBS_VS_FBS,v1.72_2016_bounded_lineage_plus_v0.22_schedule
2016,400868999,2016-09-17T20:00:00.000Z,South Carolina,East Carolina,20,15,False,2016_PROVISIONAL_FBS_VS_FBS,v1.72_2016_bounded_lineage_plus_v0.22_schedule
2016,400869284,2016-09-17T20:00:00.000Z,Illinois,Western Michigan,10,34,False,2016_PROVISIONAL_FBS_VS_FBS,v1.72_2016_bounded_lineage_plus_v0.22_schedule
2016,400869280,2016-09-17T22:00:00.000Z,Charlotte,Eastern Michigan,19,37,False,2016_PROVISIONAL_FBS_VS_FBS,v1.72_2016_bounded_lineage_plus_v0.22_schedule
2016,400869360,2016-09-17T22:00:00.000Z,NC State,Old Dominion,49,22,False,2016_PROVISIONAL_FBS_VS_FBS,v1.72_2016_bounded_lineage_plus_v0.22_schedule
2016,400869813,2016-09-17T22:00:00.000Z,Georgia Southern,UL Monroe,23,21,False,2016_PROVISIONAL_FBS_VS_FBS,v1.72_2016_bounded_lineage_plus_v0.22_schedule
2016,400868912,2016-09-17T23:00:00.000Z,UTEP,Army,14,66,False,2016_PROVISIONAL_FBS_VS_FBS,v1.72_2016_bounded_lineage_plus_v0.22_schedule
2016,400868993,2016-09-17T23:00:00.000Z,Auburn,Texas A&M,16,29,False,2016_PROVISIONAL_FBS_VS_FBS,v1.72_2016_bounded_lineage_plus_v0.22_schedule
2016,400868996,2016-09-17T23:00:00.000Z,LSU,Mississippi State,23,20,False,2016_PROVISIONAL_FBS_VS_FBS,v1.72_2016_bounded_lineage_plus_v0.22_schedule
2016,400869359,2016-09-17T23:00:00.000Z,Texas Tech,Louisiana Tech,59,45,False,2016_PROVISIONAL_FBS_VS_FBS,v1.72_2016_bounded_lineage_plus_v0.22_schedule
2016,400869362,2016-09-17T23:00:00.000Z,Southern Miss,Troy,31,37,False,2016_PROVISIONAL_FBS_VS_FBS,v1.72_2016_bounded_lineage_plus_v0.22_schedule
2016,400869518,2016-09-17T23:00:00.000Z,UCF,Maryland,24,30,False,2016_PROVISIONAL_FBS_VS_FBS,v1.72_2016_bounded_lineage_plus_v0.22_schedule
2016,400869521,2016-09-17T23:00:00.000Z,Tulane,Navy,14,21,False,2016_PROVISIONAL_FBS_VS_FBS,v1.72_2016_bounded_lineage_plus_v0.22_schedule
2016,400869814,2016-09-17T23:00:00.000Z,Louisiana,South Alabama,28,23,False,2016_PROVISIONAL_FBS_VS_FBS,v1.72_2016_bounded_lineage_plus_v0.22_schedule
2016,400868948,2016-09-17T23:30:00.000Z,Notre Dame,Michigan State,28,36,False,2016_PROVISIONAL_FBS_VS_FBS,v1.72_2016_bounded_lineage_plus_v0.22_schedule
2016,400868992,2016-09-17T23:30:00.000Z,Arkansas,Texas State,42,3,False,2016_PROVISIONAL_FBS_VS_FBS,v1.72_2016_bounded_lineage_plus_v0.22_schedule
2016,400868994,2016-09-17T23:30:00.000Z,Florida,North Texas,32,0,False,2016_PROVISIONAL_FBS_VS_FBS,v1.72_2016_bounded_lineage_plus_v0.22_schedule
2016,400868998,2016-09-17T23:30:00.000Z,Missouri,Georgia,27,28,False,2016_PROVISIONAL_FBS_VS_FBS,v1.72_2016_bounded_lineage_plus_v0.22_schedule
2016,400869613,2016-09-17T23:30:00.000Z,Oklahoma,Ohio State,24,45,False,2016_PROVISIONAL_FBS_VS_FBS,v1.72_2016_bounded_lineage_plus_v0.22_schedule
2016,400869110,2016-09-18T00:00:00.000Z,Stanford,USC,27,10,False,2016_PROVISIONAL_FBS_VS_FBS,v1.72_2016_bounded_lineage_plus_v0.22_schedule
2016,400869439,2016-09-18T00:00:00.000Z,Northwestern,Duke,24,13,False,2016_PROVISIONAL_FBS_VS_FBS,v1.72_2016_bounded_lineage_plus_v0.22_schedule
2016,400869196,2016-09-18T01:00:00.000Z,Nevada,Buffalo,38,14,False,2016_PROVISIONAL_FBS_VS_FBS,v1.72_2016_bounded_lineage_plus_v0.22_schedule
2016,400868924,2016-09-18T02:15:00.000Z,BYU,UCLA,14,17,False,2016_PROVISIONAL_FBS_VS_FBS,v1.72_2016_bounded_lineage_plus_v0.22_schedule
2016,400869112,2016-09-18T02:30:00.000Z,San José State,Utah,17,34,False,2016_PROVISIONAL_FBS_VS_FBS,v1.72_2016_bounded_lineage_plus_v0.22_schedule
2016,400869117,2016-09-18T02:30:00.000Z,California,Texas,50,43,False,2016_PROVISIONAL_FBS_VS_FBS,v1.72_2016_bounded_lineage_plus_v0.22_schedule
2016,400869108,2016-09-18T02:45:00.000Z,Arizona,Hawai'i,47,28,False,2016_PROVISIONAL_FBS_VS_FBS,v1.72_2016_bounded_lineage_plus_v0.22_schedule
2016,400869446,2016-09-22T23:30:00.000Z,Georgia Tech,Clemson,7,26,False,2016_PROVISIONAL_FBS_VS_FBS,v1.72_2016_bounded_lineage_plus_v0.22_schedule
2016,400869201,2016-09-23T23:30:00.000Z,Eastern Michigan,Wyoming,27,24,False,2016_PROVISIONAL_FBS_VS_FBS,v1.72_2016_bounded_lineage_plus_v0.22_schedule
2016,400869524,2016-09-24T00:00:00.000Z,SMU,TCU,3,33,False,2016_PROVISIONAL_FBS_VS_FBS,v1.72_2016_bounded_lineage_plus_v0.22_schedule
2016,400869118,2016-09-24T01:00:00.000Z,Utah,USC,31,27,False,2016_PROVISIONAL_FBS_VS_FBS,v1.72_2016_bounded_lineage_plus_v0.22_schedule
2016,400869002,2016-09-24T16:00:00.000Z,Alabama,Kent State,48,0,False,2016_PROVISIONAL_FBS_VS_FBS,v1.72_2016_bounded_lineage_plus_v0.22_schedule
2016,400869005,2016-09-24T16:00:00.000Z,Ole Miss,Georgia,45,14,False,2016_PROVISIONAL_FBS_VS_FBS,v1.72_2016_bounded_lineage_plus_v0.22_schedule
2016,400869200,2016-09-24T16:00:00.000Z,Minnesota,Colorado State,31,24,False,2016_PROVISIONAL_FBS_VS_FBS,v1.72_2016_bounded_lineage_plus_v0.22_schedule
2016,400869203,2016-09-24T16:00:00.000Z,Purdue,Nevada,24,14,False,2016_PROVISIONAL_FBS_VS_FBS,v1.72_2016_bounded_lineage_plus_v0.22_schedule
2016,400869204,2016-09-24T16:00:00.000Z,Iowa State,San José State,44,10,False,2016_PROVISIONAL_FBS_VS_FBS,v1.72_2016_bounded_lineage_plus_v0.22_schedule
2016,400869363,2016-09-24T16:00:00.000Z,Temple,Charlotte,48,20,False,2016_PROVISIONAL_FBS_VS_FBS,v1.72_2016_bounded_lineage_plus_v0.22_schedule
2016,400869448,2016-09-24T16:00:00.000Z,South Florida,Florida State,35,55,False,2016_PROVISIONAL_FBS_VS_FBS,v1.72_2016_bounded_lineage_plus_v0.22_schedule
2016,400869634,2016-09-24T16:00:00.000Z,Rutgers,Iowa,7,14,False,2016_PROVISIONAL_FBS_VS_FBS,v1.72_2016_bounded_lineage_plus_v0.22_schedule
2016,400869659,2016-09-24T16:00:00.000Z,Michigan State,Wisconsin,6,30,False,2016_PROVISIONAL_FBS_VS_FBS,v1.72_2016_bounded_lineage_plus_v0.22_schedule
2016,400869288,2016-09-24T16:30:00.000Z,Virginia,Central Michigan,49,35,False,2016_PROVISIONAL_FBS_VS_FBS,v1.72_2016_bounded_lineage_plus_v0.22_schedule
2016,400869451,2016-09-24T16:30:00.000Z,Virginia Tech,East Carolina,54,17,False,2016_PROVISIONAL_FBS_VS_FBS,v1.72_2016_bounded_lineage_plus_v0.22_schedule
2016,400869450,2016-09-24T17:00:00.000Z,UConn,Syracuse,24,31,False,2016_PROVISIONAL_FBS_VS_FBS,v1.72_2016_bounded_lineage_plus_v0.22_schedule
2016,400868925,2016-09-24T19:30:00.000Z,West Virginia,BYU,35,32,True,2016_PROVISIONAL_FBS_VS_FBS,v1.72_2016_bounded_lineage_plus_v0.22_schedule
2016,400868949,2016-09-24T19:30:00.000Z,Notre Dame,Duke,35,38,False,2016_PROVISIONAL_FBS_VS_FBS,v1.72_2016_bounded_lineage_plus_v0.22_schedule
2016,400868960,2016-09-24T19:30:00.000Z,Massachusetts,Mississippi State,35,47,False,2016_PROVISIONAL_FBS_VS_FBS,v1.72_2016_bounded_lineage_plus_v0.22_schedule
2016,400869007,2016-09-24T19:30:00.000Z,Tennessee,Florida,38,28,False,2016_PROVISIONAL_FBS_VS_FBS,v1.72_2016_bounded_lineage_plus_v0.22_schedule
2016,400869123,2016-09-24T19:30:00.000Z,Oregon State,Boise State,24,38,False,2016_PROVISIONAL_FBS_VS_FBS,v1.72_2016_bounded_lineage_plus_v0.22_schedule
2016,400869285,2016-09-24T19:30:00.000Z,Akron,App State,38,45,False,2016_PROVISIONAL_FBS_VS_FBS,v1.72_2016_bounded_lineage_plus_v0.22_schedule
2016,400869291,2016-09-24T19:30:00.000Z,Cincinnati,Miami (OH),27,20,False,2016_PROVISIONAL_FBS_VS_FBS,v1.72_2016_bounded_lineage_plus_v0.22_schedule
2016,400869368,2016-09-24T19:30:00.000Z,Old Dominion,UTSA,33,19,False,2016_PROVISIONAL_FBS_VS_FBS,v1.72_2016_bounded_lineage_plus_v0.22_schedule
2016,400869449,2016-09-24T19:30:00.000Z,North Carolina,Pittsburgh,37,36,False,2016_PROVISIONAL_FBS_VS_FBS,v1.72_2016_bounded_lineage_plus_v0.22_schedule
2016,400869452,2016-09-24T19:30:00.000Z,Indiana,Wake Forest,28,33,False,2016_PROVISIONAL_FBS_VS_FBS,v1.72_2016_bounded_lineage_plus_v0.22_schedule
2016,400869658,2016-09-24T19:30:00.000Z,Michigan,Penn State,49,10,False,2016_PROVISIONAL_FBS_VS_FBS,v1.72_2016_bounded_lineage_plus_v0.22_schedule
2016,400869009,2016-09-24T20:30:00.000Z,Western Kentucky,Vanderbilt,30,31,False,2016_PROVISIONAL_FBS_VS_FBS,v1.72_2016_bounded_lineage_plus_v0.22_schedule
2016,400869202,2016-09-24T20:30:00.000Z,Fresno State,Tulsa,41,48,False,2016_PROVISIONAL_FBS_VS_FBS,v1.72_2016_bounded_lineage_plus_v0.22_schedule
2016,400869122,2016-09-24T21:30:00.000Z,Oregon,Colorado,38,41,False,2016_PROVISIONAL_FBS_VS_FBS,v1.72_2016_bounded_lineage_plus_v0.22_schedule
2016,400869003,2016-09-24T22:00:00.000Z,Auburn,LSU,18,13,False,2016_PROVISIONAL_FBS_VS_FBS,v1.72_2016_bounded_lineage_plus_v0.22_schedule
2016,400869286,2016-09-24T22:00:00.000Z,Florida Atlantic,Ball State,27,31,False,2016_PROVISIONAL_FBS_VS_FBS,v1.72_2016_bounded_lineage_plus_v0.22_schedule
2016,400869367,2016-09-24T22:00:00.000Z,Rice,North Texas,35,42,False,2016_PROVISIONAL_FBS_VS_FBS,v1.72_2016_bounded_lineage_plus_v0.22_schedule
2016,400868913,2016-09-24T23:00:00.000Z,Buffalo,Army,23,20,False,2016_PROVISIONAL_FBS_VS_FBS,v1.72_2016_bounded_lineage_plus_v0.22_schedule
2016,400869290,2016-09-24T23:00:00.000Z,Western Michigan,Georgia Southern,49,31,False,2016_PROVISIONAL_FBS_VS_FBS,v1.72_2016_bounded_lineage_plus_v0.22_schedule
2016,400869364,2016-09-24T23:00:00.000Z,Florida International,UCF,14,53,False,2016_PROVISIONAL_FBS_VS_FBS,v1.72_2016_bounded_lineage_plus_v0.22_schedule
2016,400869365,2016-09-24T23:00:00.000Z,Middle Tennessee,Louisiana Tech,38,34,False,2016_PROVISIONAL_FBS_VS_FBS,v1.72_2016_bounded_lineage_plus_v0.22_schedule
2016,400869525,2016-09-24T23:00:00.000Z,Texas State,Houston,3,64,False,2016_PROVISIONAL_FBS_VS_FBS,v1.72_2016_bounded_lineage_plus_v0.22_schedule
2016,400869816,2016-09-24T23:00:00.000Z,Troy,New Mexico State,52,6,False,2016_PROVISIONAL_FBS_VS_FBS,v1.72_2016_bounded_lineage_plus_v0.22_schedule
2016,400868878,2016-09-24T23:30:00.000Z,Baylor,Oklahoma State,35,24,False,2016_PROVISIONAL_FBS_VS_FBS,v1.72_2016_bounded_lineage_plus_v0.22_schedule
2016,400869004,2016-09-24T23:30:00.000Z,Kentucky,South Carolina,17,10,False,2016_PROVISIONAL_FBS_VS_FBS,v1.72_2016_bounded_lineage_plus_v0.22_schedule
2016,400869660,2016-09-24T23:30:00.000Z,Northwestern,Nebraska,13,24,False,2016_PROVISIONAL_FBS_VS_FBS,v1.72_2016_bounded_lineage_plus_v0.22_schedule
2016,400869121,2016-09-25T00:00:00.000Z,UCLA,Stanford,13,22,False,2016_PROVISIONAL_FBS_VS_FBS,v1.72_2016_bounded_lineage_plus_v0.22_schedule
2016,400869287,2016-09-25T00:00:00.000Z,Memphis,Bowling Green,77,3,False,2016_PROVISIONAL_FBS_VS_FBS,v1.72_2016_bounded_lineage_plus_v0.22_schedule
2016,400869366,2016-09-25T00:00:00.000Z,Marshall,Louisville,28,59,False,2016_PROVISIONAL_FBS_VS_FBS,v1.72_2016_bounded_lineage_plus_v0.22_schedule
2016,400869369,2016-09-25T00:00:00.000Z,UTEP,Southern Miss,7,34,False,2016_PROVISIONAL_FBS_VS_FBS,v1.72_2016_bounded_lineage_plus_v0.22_schedule
2016,400869526,2016-09-25T00:00:00.000Z,Tulane,Louisiana,41,39,False,2016_PROVISIONAL_FBS_VS_FBS,v1.72_2016_bounded_lineage_plus_v0.22_schedule
2016,400869008,2016-09-25T01:00:00.000Z,Texas A&M,Arkansas,45,24,True,2016_PROVISIONAL_FBS_VS_FBS,v1.72_2016_bounded_lineage_plus_v0.22_schedule
2016,400869205,2016-09-25T01:00:00.000Z,UNLV,Idaho,30,33,False,2016_PROVISIONAL_FBS_VS_FBS,v1.72_2016_bounded_lineage_plus_v0.22_schedule
2016,400869120,2016-09-25T02:00:00.000Z,Arizona State,California,51,41,False,2016_PROVISIONAL_FBS_VS_FBS,v1.72_2016_bounded_lineage_plus_v0.22_schedule
2016,400869199,2016-09-25T02:15:00.000Z,Utah State,Air Force,20,27,False,2016_PROVISIONAL_FBS_VS_FBS,v1.72_2016_bounded_lineage_plus_v0.22_schedule
2016,400869119,2016-09-25T02:30:00.000Z,Arizona,Washington,28,35,False,2016_PROVISIONAL_FBS_VS_FBS,v1.72_2016_bounded_lineage_plus_v0.22_schedule
2016,400869527,2016-09-30T00:00:00.000Z,Houston,UConn,42,14,False,2016_PROVISIONAL_FBS_VS_FBS,v1.72_2016_bounded_lineage_plus_v0.22_schedule
2016,400869598,2016-09-30T00:30:00.000Z,Texas Tech,Kansas,55,19,False,2016_PROVISIONAL_FBS_VS_FBS,v1.72_2016_bounded_lineage_plus_v0.22_schedule
2016,400869124,2016-10-01T01:00:00.000Z,Washington,Stanford,44,6,False,2016_PROVISIONAL_FBS_VS_FBS,v1.72_2016_bounded_lineage_plus_v0.22_schedule
2016,400868926,2016-10-01T02:15:00.000Z,BYU,Toledo,55,53,False,2016_PROVISIONAL_FBS_VS_FBS,v1.72_2016_bounded_lineage_plus_v0.22_schedule
2016,400868879,2016-10-01T16:00:00.000Z,Iowa State,Baylor,42,45,False,2016_PROVISIONAL_FBS_VS_FBS,v1.72_2016_bounded_lineage_plus_v0.22_schedule
2016,400868950,2016-10-01T16:00:00.000Z,Syracuse,Notre Dame,33,50,True,2016_PROVISIONAL_FBS_VS_FBS,v1.72_2016_bounded_lineage_plus_v0.22_schedule
2016,400869017,2016-10-01T16:00:00.000Z,Vanderbilt,Florida,6,13,False,2016_PROVISIONAL_FBS_VS_FBS,v1.72_2016_bounded_lineage_plus_v0.22_schedule
2016,400869528,2016-10-01T16:00:00.000Z,East Carolina,UCF,29,47,False,2016_PROVISIONAL_FBS_VS_FBS,v1.72_2016_bounded_lineage_plus_v0.22_schedule
2016,400869530,2016-10-01T16:00:00.000Z,Temple,SMU,45,20,False,2016_PROVISIONAL_FBS_VS_FBS,v1.72_2016_bounded_lineage_plus_v0.22_schedule
2016,400869620,2016-10-01T16:00:00.000Z,Oklahoma State,Texas,49,31,False,2016_PROVISIONAL_FBS_VS_FBS,v1.72_2016_bounded_lineage_plus_v0.22_schedule
2016,400869635,2016-10-01T16:00:00.000Z,Ohio State,Rutgers,58,0,False,2016_PROVISIONAL_FBS_VS_FBS,v1.72_2016_bounded_lineage_plus_v0.22_schedule
2016,400869662,2016-10-01T16:00:00.000Z,Iowa,Northwestern,31,38,False,2016_PROVISIONAL_FBS_VS_FBS,v1.72_2016_bounded_lineage_plus_v0.22_schedule
2016,400869721,2016-10-01T16:00:00.000Z,Georgia Tech,Miami,21,35,False,2016_PROVISIONAL_FBS_VS_FBS,v1.72_2016_bounded_lineage_plus_v0.22_schedule
2016,400869818,2016-10-01T16:00:00.000Z,App State,Georgia State,17,3,False,2016_PROVISIONAL_FBS_VS_FBS,v1.72_2016_bounded_lineage_plus_v0.22_schedule
2016,400869454,2016-10-01T16:30:00.000Z,Duke,Virginia,20,34,False,2016_PROVISIONAL_FBS_VS_FBS,v1.72_2016_bounded_lineage_plus_v0.22_schedule
2016,400869294,2016-10-01T17:00:00.000Z,Boston College,Buffalo,35,3,False,2016_PROVISIONAL_FBS_VS_FBS,v1.72_2016_bounded_lineage_plus_v0.22_schedule
2016,400869127,2016-10-01T18:30:00.000Z,Colorado,Oregon State,47,6,False,2016_PROVISIONAL_FBS_VS_FBS,v1.72_2016_bounded_lineage_plus_v0.22_schedule
2016,400869296,2016-10-01T18:30:00.000Z,Miami (OH),Ohio,7,17,False,2016_PROVISIONAL_FBS_VS_FBS,v1.72_2016_bounded_lineage_plus_v0.22_schedule
2016,400869295,2016-10-01T19:20:00.000Z,Bowling Green,Eastern Michigan,25,28,False,2016_PROVISIONAL_FBS_VS_FBS,v1.72_2016_bounded_lineage_plus_v0.22_schedule
2016,400868961,2016-10-01T19:30:00.000Z,Massachusetts,Tulane,24,31,False,2016_PROVISIONAL_FBS_VS_FBS,v1.72_2016_bounded_lineage_plus_v0.22_schedule
2016,400869012,2016-10-01T19:30:00.000Z,Auburn,UL Monroe,58,7,False,2016_PROVISIONAL_FBS_VS_FBS,v1.72_2016_bounded_lineage_plus_v0.22_schedule
2016,400869013,2016-10-01T19:30:00.000Z,Georgia,Tennessee,31,34,False,2016_PROVISIONAL_FBS_VS_FBS,v1.72_2016_bounded_lineage_plus_v0.22_schedule
2016,400869206,2016-10-01T19:30:00.000Z,Air Force,Navy,28,14,False,2016_PROVISIONAL_FBS_VS_FBS,v1.72_2016_bounded_lineage_plus_v0.22_schedule
2016,400869293,2016-10-01T19:30:00.000Z,Kent State,Akron,27,31,False,2016_PROVISIONAL_FBS_VS_FBS,v1.72_2016_bounded_lineage_plus_v0.22_schedule
2016,400869297,2016-10-01T19:30:00.000Z,Ball State,Northern Illinois,24,31,False,2016_PROVISIONAL_FBS_VS_FBS,v1.72_2016_bounded_lineage_plus_v0.22_schedule
2016,400869455,2016-10-01T19:30:00.000Z,Florida State,North Carolina,35,37,False,2016_PROVISIONAL_FBS_VS_FBS,v1.72_2016_bounded_lineage_plus_v0.22_schedule
2016,400869456,2016-10-01T19:30:00.000Z,NC State,Wake Forest,33,16,False,2016_PROVISIONAL_FBS_VS_FBS,v1.72_2016_bounded_lineage_plus_v0.22_schedule
2016,400869606,2016-10-01T19:30:00.000Z,West Virginia,Kansas State,17,16,False,2016_PROVISIONAL_FBS_VS_FBS,v1.72_2016_bounded_lineage_plus_v0.22_schedule
2016,400869663,2016-10-01T19:30:00.000Z,Maryland,Purdue,50,7,False,2016_PROVISIONAL_FBS_VS_FBS,v1.72_2016_bounded_lineage_plus_v0.22_schedule
2016,400869664,2016-10-01T19:30:00.000Z,Michigan,Wisconsin,14,7,False,2016_PROVISIONAL_FBS_VS_FBS,v1.72_2016_bounded_lineage_plus_v0.22_schedule
2016,400869665,2016-10-01T19:30:00.000Z,Nebraska,Illinois,31,16,False,2016_PROVISIONAL_FBS_VS_FBS,v1.72_2016_bounded_lineage_plus_v0.22_schedule
2016,400869666,2016-10-01T19:40:00.000Z,Penn State,Minnesota,29,26,False,2016_PROVISIONAL_FBS_VS_FBS,v1.72_2016_bounded_lineage_plus_v0.22_schedule
2016,400869016,2016-10-01T20:00:00.000Z,South Carolina,Texas A&M,13,24,False,2016_PROVISIONAL_FBS_VS_FBS,v1.72_2016_bounded_lineage_plus_v0.22_schedule
2016,400869209,2016-10-01T20:00:00.000Z,New Mexico,San José State,48,41,False,2016_PROVISIONAL_FBS_VS_FBS,v1.72_2016_bounded_lineage_plus_v0.22_schedule
2016,400869614,2016-10-01T21:00:00.000Z,TCU,Oklahoma,46,52,False,2016_PROVISIONAL_FBS_VS_FBS,v1.72_2016_bounded_lineage_plus_v0.22_schedule
2016,400869819,2016-10-01T21:00:00.000Z,Idaho,Troy,13,34,False,2016_PROVISIONAL_FBS_VS_FBS,v1.72_2016_bounded_lineage_plus_v0.22_schedule
2016,400869128,2016-10-01T22:00:00.000Z,California,Utah,28,23,False,2016_PROVISIONAL_FBS_VS_FBS,v1.72_2016_bounded_lineage_plus_v0.22_schedule
2016,400869370,2016-10-01T22:00:00.000Z,Charlotte,Old Dominion,17,52,False,2016_PROVISIONAL_FBS_VS_FBS,v1.72_2016_bounded_lineage_plus_v0.22_schedule
2016,400869010,2016-10-01T23:00:00.000Z,Alabama,Kentucky,34,6,False,2016_PROVISIONAL_FBS_VS_FBS,v1.72_2016_bounded_lineage_plus_v0.22_schedule
2016,400869015,2016-10-01T23:00:00.000Z,Ole Miss,Memphis,48,28,False,2016_PROVISIONAL_FBS_VS_FBS,v1.72_2016_bounded_lineage_plus_v0.22_schedule
2016,400869298,2016-10-01T23:00:00.000Z,Central Michigan,Western Michigan,10,49,False,2016_PROVISIONAL_FBS_VS_FBS,v1.72_2016_bounded_lineage_plus_v0.22_schedule
2016,400869371,2016-10-01T23:00:00.000Z,Florida International,Florida Atlantic,33,31,False,2016_PROVISIONAL_FBS_VS_FBS,v1.72_2016_bounded_lineage_plus_v0.22_schedule
2016,400869372,2016-10-01T23:00:00.000Z,Louisiana Tech,UTEP,28,7,False,2016_PROVISIONAL_FBS_VS_FBS,v1.72_2016_bounded_lineage_plus_v0.22_schedule
2016,400869374,2016-10-01T23:00:00.000Z,North Texas,Middle Tennessee,13,30,False,2016_PROVISIONAL_FBS_VS_FBS,v1.72_2016_bounded_lineage_plus_v0.22_schedule
2016,400869375,2016-10-01T23:00:00.000Z,Southern Miss,Rice,44,28,False,2016_PROVISIONAL_FBS_VS_FBS,v1.72_2016_bounded_lineage_plus_v0.22_schedule
2016,400869529,2016-10-01T23:00:00.000Z,Cincinnati,South Florida,20,45,False,2016_PROVISIONAL_FBS_VS_FBS,v1.72_2016_bounded_lineage_plus_v0.22_schedule
2016,400869014,2016-10-01T23:30:00.000Z,LSU,Missouri,42,7,False,2016_PROVISIONAL_FBS_VS_FBS,v1.72_2016_bounded_lineage_plus_v0.22_schedule
2016,400869373,2016-10-01T23:30:00.000Z,Pittsburgh,Marshall,43,27,False,2016_PROVISIONAL_FBS_VS_FBS,v1.72_2016_bounded_lineage_plus_v0.22_schedule
2016,400869212,2016-10-02T00:00:00.000Z,South Alabama,San Diego State,42,24,False,2016_PROVISIONAL_FBS_VS_FBS,v1.72_2016_bounded_lineage_plus_v0.22_schedule
2016,400869453,2016-10-02T00:00:00.000Z,Clemson,Louisville,42,36,False,2016_PROVISIONAL_FBS_VS_FBS,v1.72_2016_bounded_lineage_plus_v0.22_schedule
2016,400869661,2016-10-02T00:00:00.000Z,Indiana,Michigan State,24,21,False,2016_PROVISIONAL_FBS_VS_FBS,v1.72_2016_bounded_lineage_plus_v0.22_schedule
2016,400869820,2016-10-02T00:00:00.000Z,New Mexico State,Louisiana,37,31,False,2016_PROVISIONAL_FBS_VS_FBS,v1.72_2016_bounded_lineage_plus_v0.22_schedule
2016,400869126,2016-10-02T00:30:00.000Z,USC,Arizona State,41,20,False,2016_PROVISIONAL_FBS_VS_FBS,v1.72_2016_bounded_lineage_plus_v0.22_schedule
2016,400869129,2016-10-02T01:30:00.000Z,Washington State,Oregon,51,33,False,2016_PROVISIONAL_FBS_VS_FBS,v1.72_2016_bounded_lineage_plus_v0.22_schedule
2016,400869207,2016-10-02T02:15:00.000Z,Boise State,Utah State,21,10,False,2016_PROVISIONAL_FBS_VS_FBS,v1.72_2016_bounded_lineage_plus_v0.22_schedule
2016,400869208,2016-10-02T02:15:00.000Z,Colorado State,Wyoming,17,38,False,2016_PROVISIONAL_FBS_VS_FBS,v1.72_2016_bounded_lineage_plus_v0.22_schedule
2016,400869125,2016-10-02T02:30:00.000Z,UCLA,Arizona,45,24,False,2016_PROVISIONAL_FBS_VS_FBS,v1.72_2016_bounded_lineage_plus_v0.22_schedule
2016,400869210,2016-10-02T02:30:00.000Z,UNLV,Fresno State,45,20,False,2016_PROVISIONAL_FBS_VS_FBS,v1.72_2016_bounded_lineage_plus_v0.22_schedule
2016,400869211,2016-10-02T03:59:00.000Z,Hawai'i,Nevada,38,17,False,2016_PROVISIONAL_FBS_VS_FBS,v1.72_2016_bounded_lineage_plus_v0.22_schedule
2016,400869822,2016-10-06T00:00:00.000Z,Arkansas State,Georgia Southern,27,26,False,2016_PROVISIONAL_FBS_VS_FBS,v1.72_2016_bounded_lineage_plus_v0.22_schedule
2016,400869379,2016-10-07T00:00:00.000Z,Louisiana Tech,Western Kentucky,55,52,False,2016_PROVISIONAL_FBS_VS_FBS,v1.72_2016_bounded_lineage_plus_v0.22_schedule
2016,400869531,2016-10-07T00:00:00.000Z,Memphis,Temple,34,27,False,2016_PROVISIONAL_FBS_VS_FBS,v1.72_2016_bounded_lineage_plus_v0.22_schedule
2016,400869457,2016-10-07T23:30:00.000Z,Boston College,Clemson,10,56,False,2016_PROVISIONAL_FBS_VS_FBS,v1.72_2016_bounded_lineage_plus_v0.22_schedule
2016,400868962,2016-10-08T00:00:00.000Z,Old Dominion,Massachusetts,36,16,False,2016_PROVISIONAL_FBS_VS_FBS,v1.72_2016_bounded_lineage_plus_v0.22_schedule
2016,400869533,2016-10-08T00:00:00.000Z,Tulsa,SMU,43,40,False,2016_PROVISIONAL_FBS_VS_FBS,v1.72_2016_bounded_lineage_plus_v0.22_schedule
2016,400869214,2016-10-08T01:00:00.000Z,New Mexico,Boise State,21,49,False,2016_PROVISIONAL_FBS_VS_FBS,v1.72_2016_bounded_lineage_plus_v0.22_schedule
2016,400869534,2016-10-08T15:30:00.000Z,UConn,Cincinnati,20,9,False,2016_PROVISIONAL_FBS_VS_FBS,v1.72_2016_bounded_lineage_plus_v0.22_schedule
2016,400868951,2016-10-08T16:00:00.000Z,NC State,Notre Dame,10,3,False,2016_PROVISIONAL_FBS_VS_FBS,v1.72_2016_bounded_lineage_plus_v0.22_schedule
2016,400869021,2016-10-08T16:00:00.000Z,Mississippi State,Auburn,14,38,False,2016_PROVISIONAL_FBS_VS_FBS,v1.72_2016_bounded_lineage_plus_v0.22_schedule
2016,400869381,2016-10-08T16:00:00.000Z,UTSA,Southern Miss,55,32,False,2016_PROVISIONAL_FBS_VS_FBS,v1.72_2016_bounded_lineage_plus_v0.22_schedule
2016,400869535,2016-10-08T16:00:00.000Z,South Florida,East Carolina,38,22,False,2016_PROVISIONAL_FBS_VS_FBS,v1.72_2016_bounded_lineage_plus_v0.22_schedule
2016,400869599,2016-10-08T16:00:00.000Z,Kansas,TCU,23,24,False,2016_PROVISIONAL_FBS_VS_FBS,v1.72_2016_bounded_lineage_plus_v0.22_schedule
2016,400869615,2016-10-08T16:00:00.000Z,Oklahoma,Texas,45,40,True,2016_PROVISIONAL_FBS_VS_FBS,v1.72_2016_bounded_lineage_plus_v0.22_schedule
2016,400869668,2016-10-08T16:00:00.000Z,Minnesota,Iowa,7,14,False,2016_PROVISIONAL_FBS_VS_FBS,v1.72_2016_bounded_lineage_plus_v0.22_schedule
2016,400869669,2016-10-08T16:00:00.000Z,Penn State,Maryland,38,14,False,2016_PROVISIONAL_FBS_VS_FBS,v1.72_2016_bounded_lineage_plus_v0.22_schedule
2016,400869458,2016-10-08T16:30:00.000Z,Pittsburgh,Georgia Tech,37,34,False,2016_PROVISIONAL_FBS_VS_FBS,v1.72_2016_bounded_lineage_plus_v0.22_schedule
2016,400869300,2016-10-08T18:00:00.000Z,Ohio,Bowling Green,30,24,False,2016_PROVISIONAL_FBS_VS_FBS,v1.72_2016_bounded_lineage_plus_v0.22_schedule
2016,400869302,2016-10-08T19:00:00.000Z,Akron,Miami (OH),35,13,False,2016_PROVISIONAL_FBS_VS_FBS,v1.72_2016_bounded_lineage_plus_v0.22_schedule
2016,400869304,2016-10-08T19:00:00.000Z,Eastern Michigan,Toledo,20,35,False,2016_PROVISIONAL_FBS_VS_FBS,v1.72_2016_bounded_lineage_plus_v0.22_schedule
2016,400869536,2016-10-08T19:00:00.000Z,Navy,Houston,46,40,False,2016_PROVISIONAL_FBS_VS_FBS,v1.72_2016_bounded_lineage_plus_v0.22_schedule
2016,400868914,2016-10-08T19:30:00.000Z,Duke,Army,13,6,False,2016_PROVISIONAL_FBS_VS_FBS,v1.72_2016_bounded_lineage_plus_v0.22_schedule
2016,400868927,2016-10-08T19:30:00.000Z,Michigan State,BYU,14,31,False,2016_PROVISIONAL_FBS_VS_FBS,v1.72_2016_bounded_lineage_plus_v0.22_schedule
2016,400869023,2016-10-08T19:30:00.000Z,Texas A&M,Tennessee,45,38,False,2016_PROVISIONAL_FBS_VS_FBS,v1.72_2016_bounded_lineage_plus_v0.22_schedule
2016,400869213,2016-10-08T19:30:00.000Z,Wyoming,Air Force,35,26,False,2016_PROVISIONAL_FBS_VS_FBS,v1.72_2016_bounded_lineage_plus_v0.22_schedule
2016,400869299,2016-10-08T19:30:00.000Z,Central Michigan,Ball State,24,21,False,2016_PROVISIONAL_FBS_VS_FBS,v1.72_2016_bounded_lineage_plus_v0.22_schedule
2016,400869301,2016-10-08T19:30:00.000Z,Buffalo,Kent State,20,44,False,2016_PROVISIONAL_FBS_VS_FBS,v1.72_2016_bounded_lineage_plus_v0.22_schedule
2016,400869459,2016-10-08T19:30:00.000Z,North Carolina,Virginia Tech,3,34,False,2016_PROVISIONAL_FBS_VS_FBS,v1.72_2016_bounded_lineage_plus_v0.22_schedule
2016,400869590,2016-10-08T19:30:00.000Z,Oklahoma State,Iowa State,38,31,False,2016_PROVISIONAL_FBS_VS_FBS,v1.72_2016_bounded_lineage_plus_v0.22_schedule
2016,400869643,2016-10-08T19:30:00.000Z,Ohio State,Indiana,38,17,False,2016_PROVISIONAL_FBS_VS_FBS,v1.72_2016_bounded_lineage_plus_v0.22_schedule
2016,400869667,2016-10-08T19:30:00.000Z,Illinois,Purdue,31,34,False,2016_PROVISIONAL_FBS_VS_FBS,v1.72_2016_bounded_lineage_plus_v0.22_schedule
2016,400869823,2016-10-08T19:30:00.000Z,Georgia State,Texas State,41,21,False,2016_PROVISIONAL_FBS_VS_FBS,v1.72_2016_bounded_lineage_plus_v0.22_schedule
2016,400869020,2016-10-08T20:00:00.000Z,Kentucky,Vanderbilt,20,13,False,2016_PROVISIONAL_FBS_VS_FBS,v1.72_2016_bounded_lineage_plus_v0.22_schedule
2016,400869132,2016-10-08T20:00:00.000Z,USC,Colorado,21,17,False,2016_PROVISIONAL_FBS_VS_FBS,v1.72_2016_bounded_lineage_plus_v0.22_schedule
2016,400869217,2016-10-08T20:30:00.000Z,San José State,Hawai'i,17,34,False,2016_PROVISIONAL_FBS_VS_FBS,v1.72_2016_bounded_lineage_plus_v0.22_schedule
2016,400869303,2016-10-08T22:30:00.000Z,Western Michigan,Northern Illinois,45,30,False,2016_PROVISIONAL_FBS_VS_FBS,v1.72_2016_bounded_lineage_plus_v0.22_schedule
2016,400869018,2016-10-08T23:00:00.000Z,Arkansas,Alabama,30,49,False,2016_PROVISIONAL_FBS_VS_FBS,v1.72_2016_bounded_lineage_plus_v0.22_schedule
2016,400869216,2016-10-08T23:00:00.000Z,Nevada,Fresno State,27,22,False,2016_PROVISIONAL_FBS_VS_FBS,v1.72_2016_bounded_lineage_plus_v0.22_schedule
2016,400869380,2016-10-08T23:00:00.000Z,North Texas,Marshall,38,21,False,2016_PROVISIONAL_FBS_VS_FBS,v1.72_2016_bounded_lineage_plus_v0.22_schedule
2016,400869460,2016-10-08T23:00:00.000Z,Wake Forest,Syracuse,28,9,False,2016_PROVISIONAL_FBS_VS_FBS,v1.72_2016_bounded_lineage_plus_v0.22_schedule
2016,400869607,2016-10-08T23:00:00.000Z,Kansas State,Texas Tech,44,38,False,2016_PROVISIONAL_FBS_VS_FBS,v1.72_2016_bounded_lineage_plus_v0.22_schedule
2016,400869636,2016-10-08T23:00:00.000Z,Rutgers,Michigan,0,78,False,2016_PROVISIONAL_FBS_VS_FBS,v1.72_2016_bounded_lineage_plus_v0.22_schedule
2016,400869824,2016-10-08T23:00:00.000Z,UL Monroe,Idaho,31,34,False,2016_PROVISIONAL_FBS_VS_FBS,v1.72_2016_bounded_lineage_plus_v0.22_schedule
2016,400869133,2016-10-08T23:30:00.000Z,Oregon,Washington,21,70,False,2016_PROVISIONAL_FBS_VS_FBS,v1.72_2016_bounded_lineage_plus_v0.22_schedule
2016,400869378,2016-10-09T00:00:00.000Z,UTEP,Florida International,21,35,False,2016_PROVISIONAL_FBS_VS_FBS,v1.72_2016_bounded_lineage_plus_v0.22_schedule
2016,400869722,2016-10-09T00:00:00.000Z,Miami,Florida State,19,20,False,2016_PROVISIONAL_FBS_VS_FBS,v1.72_2016_bounded_lineage_plus_v0.22_schedule
2016,400869134,2016-10-09T01:00:00.000Z,Oregon State,California,47,44,False,2016_PROVISIONAL_FBS_VS_FBS,v1.72_2016_bounded_lineage_plus_v0.22_schedule
2016,400869130,2016-10-09T02:00:00.000Z,Utah,Arizona,36,23,False,2016_PROVISIONAL_FBS_VS_FBS,v1.72_2016_bounded_lineage_plus_v0.22_schedule
2016,400869215,2016-10-09T02:00:00.000Z,Colorado State,Utah State,31,24,False,2016_PROVISIONAL_FBS_VS_FBS,v1.72_2016_bounded_lineage_plus_v0.22_schedule
2016,400869131,2016-10-09T02:30:00.000Z,Arizona State,UCLA,23,20,False,2016_PROVISIONAL_FBS_VS_FBS,v1.72_2016_bounded_lineage_plus_v0.22_schedule
2016,400869135,2016-10-09T02:30:00.000Z,Stanford,Washington State,16,42,False,2016_PROVISIONAL_FBS_VS_FBS,v1.72_2016_bounded_lineage_plus_v0.22_schedule
2016,400869218,2016-10-09T02:30:00.000Z,San Diego State,UNLV,26,7,False,2016_PROVISIONAL_FBS_VS_FBS,v1.72_2016_bounded_lineage_plus_v0.22_schedule
2016,400869377,2016-10-09T16:00:00.000Z,Florida Atlantic,Charlotte,23,28,False,2016_PROVISIONAL_FBS_VS_FBS,v1.72_2016_bounded_lineage_plus_v0.22_schedule
2016,400869022,2016-10-09T18:30:00.000Z,South Carolina,Georgia,14,28,False,2016_PROVISIONAL_FBS_VS_FBS,v1.72_2016_bounded_lineage_plus_v0.22_schedule
2016,400869825,2016-10-13T00:00:00.000Z,Louisiana,App State,0,24,False,2016_PROVISIONAL_FBS_VS_FBS,v1.72_2016_bounded_lineage_plus_v0.22_schedule
2016,400869461,2016-10-14T23:00:00.000Z,Louisville,Duke,24,14,False,2016_PROVISIONAL_FBS_VS_FBS,v1.72_2016_bounded_lineage_plus_v0.22_schedule
2016,400869538,2016-10-15T00:00:00.000Z,Tulane,Memphis,14,24,False,2016_PROVISIONAL_FBS_VS_FBS,v1.72_2016_bounded_lineage_plus_v0.22_schedule
2016,400869221,2016-10-15T02:00:00.000Z,Fresno State,San Diego State,3,17,False,2016_PROVISIONAL_FBS_VS_FBS,v1.72_2016_bounded_lineage_plus_v0.22_schedule
2016,400868928,2016-10-15T02:15:00.000Z,BYU,Mississippi State,28,21,False,2016_PROVISIONAL_FBS_VS_FBS,v1.72_2016_bounded_lineage_plus_v0.22_schedule
2016,400869026,2016-10-15T16:00:00.000Z,Georgia,Vanderbilt,16,17,False,2016_PROVISIONAL_FBS_VS_FBS,v1.72_2016_bounded_lineage_plus_v0.22_schedule
2016,400869462,2016-10-15T16:00:00.000Z,Clemson,NC State,24,17,False,2016_PROVISIONAL_FBS_VS_FBS,v1.72_2016_bounded_lineage_plus_v0.22_schedule
2016,400869608,2016-10-15T16:00:00.000Z,Oklahoma,Kansas State,38,17,False,2016_PROVISIONAL_FBS_VS_FBS,v1.72_2016_bounded_lineage_plus_v0.22_schedule
2016,400869627,2016-10-15T16:00:00.000Z,Texas Tech,West Virginia,17,48,False,2016_PROVISIONAL_FBS_VS_FBS,v1.72_2016_bounded_lineage_plus_v0.22_schedule
2016,400869637,2016-10-15T16:00:00.000Z,Rutgers,Illinois,7,24,False,2016_PROVISIONAL_FBS_VS_FBS,v1.72_2016_bounded_lineage_plus_v0.22_schedule
2016,400869671,2016-10-15T16:00:00.000Z,Maryland,Minnesota,10,31,False,2016_PROVISIONAL_FBS_VS_FBS,v1.72_2016_bounded_lineage_plus_v0.22_schedule
2016,400869673,2016-10-15T16:00:00.000Z,Purdue,Iowa,35,49,False,2016_PROVISIONAL_FBS_VS_FBS,v1.72_2016_bounded_lineage_plus_v0.22_schedule
2016,400869464,2016-10-15T16:30:00.000Z,Georgia Tech,Georgia Southern,35,24,False,2016_PROVISIONAL_FBS_VS_FBS,v1.72_2016_bounded_lineage_plus_v0.22_schedule
2016,400869465,2016-10-15T16:30:00.000Z,Virginia,Pittsburgh,31,45,False,2016_PROVISIONAL_FBS_VS_FBS,v1.72_2016_bounded_lineage_plus_v0.22_schedule
2016,400869308,2016-10-15T18:00:00.000Z,Ohio,Eastern Michigan,20,27,False,2016_PROVISIONAL_FBS_VS_FBS,v1.72_2016_bounded_lineage_plus_v0.22_schedule
2016,400869309,2016-10-15T18:30:00.000Z,Miami (OH),Kent State,18,14,False,2016_PROVISIONAL_FBS_VS_FBS,v1.72_2016_bounded_lineage_plus_v0.22_schedule
2016,400869384,2016-10-15T18:30:00.000Z,Middle Tennessee,Western Kentucky,43,44,False,2016_PROVISIONAL_FBS_VS_FBS,v1.72_2016_bounded_lineage_plus_v0.22_schedule
2016,400868880,2016-10-15T19:30:00.000Z,Baylor,Kansas,49,7,False,2016_PROVISIONAL_FBS_VS_FBS,v1.72_2016_bounded_lineage_plus_v0.22_schedule
2016,400868963,2016-10-15T19:30:00.000Z,Massachusetts,Louisiana Tech,28,56,False,2016_PROVISIONAL_FBS_VS_FBS,v1.72_2016_bounded_lineage_plus_v0.22_schedule
2016,400869028,2016-10-15T19:30:00.000Z,Tennessee,Alabama,10,49,False,2016_PROVISIONAL_FBS_VS_FBS,v1.72_2016_bounded_lineage_plus_v0.22_schedule
2016,400869136,2016-10-15T19:30:00.000Z,Arizona,USC,14,48,False,2016_PROVISIONAL_FBS_VS_FBS,v1.72_2016_bounded_lineage_plus_v0.22_schedule
2016,400869219,2016-10-15T19:30:00.000Z,Air Force,New Mexico,40,45,True,2016_PROVISIONAL_FBS_VS_FBS,v1.72_2016_bounded_lineage_plus_v0.22_schedule
2016,400869305,2016-10-15T19:30:00.000Z,Buffalo,Ball State,21,31,False,2016_PROVISIONAL_FBS_VS_FBS,v1.72_2016_bounded_lineage_plus_v0.22_schedule
2016,400869306,2016-10-15T19:30:00.000Z,Toledo,Bowling Green,42,35,False,2016_PROVISIONAL_FBS_VS_FBS,v1.72_2016_bounded_lineage_plus_v0.22_schedule
2016,400869307,2016-10-15T19:30:00.000Z,Northern Illinois,Central Michigan,28,34,False,2016_PROVISIONAL_FBS_VS_FBS,v1.72_2016_bounded_lineage_plus_v0.22_schedule
2016,400869310,2016-10-15T19:30:00.000Z,Akron,Western Michigan,0,41,False,2016_PROVISIONAL_FBS_VS_FBS,v1.72_2016_bounded_lineage_plus_v0.22_schedule
2016,400869463,2016-10-15T19:30:00.000Z,Florida State,Wake Forest,17,6,False,2016_PROVISIONAL_FBS_VS_FBS,v1.72_2016_bounded_lineage_plus_v0.22_schedule
2016,400869670,2016-10-15T19:30:00.000Z,Indiana,Nebraska,22,27,False,2016_PROVISIONAL_FBS_VS_FBS,v1.72_2016_bounded_lineage_plus_v0.22_schedule
2016,400869672,2016-10-15T19:30:00.000Z,Michigan State,Northwestern,40,54,False,2016_PROVISIONAL_FBS_VS_FBS,v1.72_2016_bounded_lineage_plus_v0.22_schedule
2016,400869723,2016-10-15T19:30:00.000Z,Miami,North Carolina,13,20,False,2016_PROVISIONAL_FBS_VS_FBS,v1.72_2016_bounded_lineage_plus_v0.22_schedule
2016,400869827,2016-10-15T19:30:00.000Z,Troy,Georgia State,31,21,False,2016_PROVISIONAL_FBS_VS_FBS,v1.72_2016_bounded_lineage_plus_v0.22_schedule
2016,400869466,2016-10-15T19:45:00.000Z,Syracuse,Virginia Tech,31,17,False,2016_PROVISIONAL_FBS_VS_FBS,v1.72_2016_bounded_lineage_plus_v0.22_schedule
2016,400869025,2016-10-15T20:00:00.000Z,Florida,Missouri,40,14,False,2016_PROVISIONAL_FBS_VS_FBS,v1.72_2016_bounded_lineage_plus_v0.22_schedule
2016,400869139,2016-10-15T20:00:00.000Z,Oregon State,Utah,14,19,False,2016_PROVISIONAL_FBS_VS_FBS,v1.72_2016_bounded_lineage_plus_v0.22_schedule
2016,400869828,2016-10-15T21:00:00.000Z,Idaho,New Mexico State,55,23,False,2016_PROVISIONAL_FBS_VS_FBS,v1.72_2016_bounded_lineage_plus_v0.22_schedule
2016,400869382,2016-10-15T22:00:00.000Z,Charlotte,Florida International,26,27,False,2016_PROVISIONAL_FBS_VS_FBS,v1.72_2016_bounded_lineage_plus_v0.22_schedule
2016,400869024,2016-10-15T23:00:00.000Z,Arkansas,Ole Miss,34,30,False,2016_PROVISIONAL_FBS_VS_FBS,v1.72_2016_bounded_lineage_plus_v0.22_schedule
2016,400869383,2016-10-15T23:00:00.000Z,Marshall,Florida Atlantic,27,21,False,2016_PROVISIONAL_FBS_VS_FBS,v1.72_2016_bounded_lineage_plus_v0.22_schedule
2016,400869385,2016-10-15T23:00:00.000Z,Rice,UTSA,13,14,False,2016_PROVISIONAL_FBS_VS_FBS,v1.72_2016_bounded_lineage_plus_v0.22_schedule
2016,400869540,2016-10-15T23:00:00.000Z,South Florida,UConn,42,27,False,2016_PROVISIONAL_FBS_VS_FBS,v1.72_2016_bounded_lineage_plus_v0.22_schedule
2016,400869541,2016-10-15T23:00:00.000Z,Houston,Tulsa,38,31,False,2016_PROVISIONAL_FBS_VS_FBS,v1.72_2016_bounded_lineage_plus_v0.22_schedule
2016,400869591,2016-10-15T23:00:00.000Z,Texas,Iowa State,27,6,False,2016_PROVISIONAL_FBS_VS_FBS,v1.72_2016_bounded_lineage_plus_v0.22_schedule
2016,400869826,2016-10-15T23:00:00.000Z,Arkansas State,South Alabama,17,7,False,2016_PROVISIONAL_FBS_VS_FBS,v1.72_2016_bounded_lineage_plus_v0.22_schedule
2016,400869829,2016-10-15T23:00:00.000Z,UL Monroe,Texas State,40,34,False,2016_PROVISIONAL_FBS_VS_FBS,v1.72_2016_bounded_lineage_plus_v0.22_schedule
2016,400868952,2016-10-15T23:30:00.000Z,Notre Dame,Stanford,10,17,False,2016_PROVISIONAL_FBS_VS_FBS,v1.72_2016_bounded_lineage_plus_v0.22_schedule
2016,400869027,2016-10-15T23:30:00.000Z,LSU,Southern Miss,45,10,False,2016_PROVISIONAL_FBS_VS_FBS,v1.72_2016_bounded_lineage_plus_v0.22_schedule
2016,400869539,2016-10-15T23:30:00.000Z,UCF,Temple,25,26,False,2016_PROVISIONAL_FBS_VS_FBS,v1.72_2016_bounded_lineage_plus_v0.22_schedule
2016,400869137,2016-10-16T00:00:00.000Z,Colorado,Arizona State,40,16,False,2016_PROVISIONAL_FBS_VS_FBS,v1.72_2016_bounded_lineage_plus_v0.22_schedule
2016,400869644,2016-10-16T00:00:00.000Z,Wisconsin,Ohio State,23,30,False,2016_PROVISIONAL_FBS_VS_FBS,v1.72_2016_bounded_lineage_plus_v0.22_schedule
2016,400869220,2016-10-16T02:15:00.000Z,Boise State,Colorado State,28,23,False,2016_PROVISIONAL_FBS_VS_FBS,v1.72_2016_bounded_lineage_plus_v0.22_schedule
2016,400869138,2016-10-16T02:30:00.000Z,Washington State,UCLA,27,21,False,2016_PROVISIONAL_FBS_VS_FBS,v1.72_2016_bounded_lineage_plus_v0.22_schedule
2016,400869223,2016-10-16T02:30:00.000Z,San José State,Nevada,14,10,False,2016_PROVISIONAL_FBS_VS_FBS,v1.72_2016_bounded_lineage_plus_v0.22_schedule
2016,400869222,2016-10-16T03:59:00.000Z,Hawai'i,UNLV,38,41,False,2016_PROVISIONAL_FBS_VS_FBS,v1.72_2016_bounded_lineage_plus_v0.22_schedule
2016,400869467,2016-10-20T23:00:00.000Z,Virginia Tech,Miami,37,16,False,2016_PROVISIONAL_FBS_VS_FBS,v1.72_2016_bounded_lineage_plus_v0.22_schedule
2016,400869830,2016-10-20T23:30:00.000Z,South Alabama,Troy,21,28,False,2016_PROVISIONAL_FBS_VS_FBS,v1.72_2016_bounded_lineage_plus_v0.22_schedule
2016,400869224,2016-10-21T02:15:00.000Z,Boise State,BYU,28,27,False,2016_PROVISIONAL_FBS_VS_FBS,v1.72_2016_bounded_lineage_plus_v0.22_schedule
2016,400869542,2016-10-21T23:00:00.000Z,Temple,South Florida,46,30,False,2016_PROVISIONAL_FBS_VS_FBS,v1.72_2016_bounded_lineage_plus_v0.22_schedule
2016,400869140,2016-10-22T02:30:00.000Z,California,Oregon,52,49,False,2016_PROVISIONAL_FBS_VS_FBS,v1.72_2016_bounded_lineage_plus_v0.22_schedule
2016,400869230,2016-10-22T02:30:00.000Z,San Diego State,San José State,42,3,False,2016_PROVISIONAL_FBS_VS_FBS,v1.72_2016_bounded_lineage_plus_v0.22_schedule
2016,400868916,2016-10-22T16:00:00.000Z,Army,North Texas,18,35,False,2016_PROVISIONAL_FBS_VS_FBS,v1.72_2016_bounded_lineage_plus_v0.22_schedule
2016,400868964,2016-10-22T16:00:00.000Z,South Carolina,Massachusetts,34,28,False,2016_PROVISIONAL_FBS_VS_FBS,v1.72_2016_bounded_lineage_plus_v0.22_schedule
2016,400869313,2016-10-22T16:00:00.000Z,Toledo,Central Michigan,31,17,False,2016_PROVISIONAL_FBS_VS_FBS,v1.72_2016_bounded_lineage_plus_v0.22_schedule
2016,400869316,2016-10-22T16:00:00.000Z,Bowling Green,Miami (OH),26,40,False,2016_PROVISIONAL_FBS_VS_FBS,v1.72_2016_bounded_lineage_plus_v0.22_schedule
2016,400869469,2016-10-22T16:00:00.000Z,Louisville,NC State,54,13,False,2016_PROVISIONAL_FBS_VS_FBS,v1.72_2016_bounded_lineage_plus_v0.22_schedule
2016,400869543,2016-10-22T16:00:00.000Z,UConn,UCF,16,24,False,2016_PROVISIONAL_FBS_VS_FBS,v1.72_2016_bounded_lineage_plus_v0.22_schedule
2016,400869600,2016-10-22T16:00:00.000Z,Kansas,Oklahoma State,20,44,False,2016_PROVISIONAL_FBS_VS_FBS,v1.72_2016_bounded_lineage_plus_v0.22_schedule
2016,400869609,2016-10-22T16:00:00.000Z,Kansas State,Texas,24,21,False,2016_PROVISIONAL_FBS_VS_FBS,v1.72_2016_bounded_lineage_plus_v0.22_schedule
2016,400869638,2016-10-22T16:00:00.000Z,Minnesota,Rutgers,34,32,False,2016_PROVISIONAL_FBS_VS_FBS,v1.72_2016_bounded_lineage_plus_v0.22_schedule
2016,400869674,2016-10-22T16:00:00.000Z,Iowa,Wisconsin,9,17,False,2016_PROVISIONAL_FBS_VS_FBS,v1.72_2016_bounded_lineage_plus_v0.22_schedule
2016,400869678,2016-10-22T16:00:00.000Z,Northwestern,Indiana,24,14,False,2016_PROVISIONAL_FBS_VS_FBS,v1.72_2016_bounded_lineage_plus_v0.22_schedule
2016,400869468,2016-10-22T16:30:00.000Z,Boston College,Syracuse,20,28,False,2016_PROVISIONAL_FBS_VS_FBS,v1.72_2016_bounded_lineage_plus_v0.22_schedule
2016,400869315,2016-10-22T17:00:00.000Z,Kent State,Ohio,10,14,False,2016_PROVISIONAL_FBS_VS_FBS,v1.72_2016_bounded_lineage_plus_v0.22_schedule
2016,400869225,2016-10-22T18:00:00.000Z,Air Force,Hawai'i,27,34,False,2016_PROVISIONAL_FBS_VS_FBS,v1.72_2016_bounded_lineage_plus_v0.22_schedule
2016,400869143,2016-10-22T19:00:00.000Z,Stanford,Colorado,5,10,False,2016_PROVISIONAL_FBS_VS_FBS,v1.72_2016_bounded_lineage_plus_v0.22_schedule
2016,400869311,2016-10-22T19:00:00.000Z,Ball State,Akron,25,35,False,2016_PROVISIONAL_FBS_VS_FBS,v1.72_2016_bounded_lineage_plus_v0.22_schedule
2016,400869470,2016-10-22T19:00:00.000Z,Virginia,North Carolina,14,35,False,2016_PROVISIONAL_FBS_VS_FBS,v1.72_2016_bounded_lineage_plus_v0.22_schedule
2016,400869029,2016-10-22T19:30:00.000Z,Alabama,Texas A&M,33,14,False,2016_PROVISIONAL_FBS_VS_FBS,v1.72_2016_bounded_lineage_plus_v0.22_schedule
2016,400869312,2016-10-22T19:30:00.000Z,Northern Illinois,Buffalo,44,7,False,2016_PROVISIONAL_FBS_VS_FBS,v1.72_2016_bounded_lineage_plus_v0.22_schedule
2016,400869314,2016-10-22T19:30:00.000Z,Western Michigan,Eastern Michigan,45,31,False,2016_PROVISIONAL_FBS_VS_FBS,v1.72_2016_bounded_lineage_plus_v0.22_schedule
2016,400869546,2016-10-22T19:30:00.000Z,Navy,Memphis,42,28,False,2016_PROVISIONAL_FBS_VS_FBS,v1.72_2016_bounded_lineage_plus_v0.22_schedule
2016,400869628,2016-10-22T19:30:00.000Z,West Virginia,TCU,34,10,False,2016_PROVISIONAL_FBS_VS_FBS,v1.72_2016_bounded_lineage_plus_v0.22_schedule
2016,400869676,2016-10-22T19:30:00.000Z,Michigan,Illinois,41,8,False,2016_PROVISIONAL_FBS_VS_FBS,v1.72_2016_bounded_lineage_plus_v0.22_schedule
2016,400869677,2016-10-22T19:30:00.000Z,Nebraska,Purdue,27,14,False,2016_PROVISIONAL_FBS_VS_FBS,v1.72_2016_bounded_lineage_plus_v0.22_schedule
2016,400869831,2016-10-22T19:30:00.000Z,App State,Idaho,37,19,False,2016_PROVISIONAL_FBS_VS_FBS,v1.72_2016_bounded_lineage_plus_v0.22_schedule
2016,400869547,2016-10-22T19:45:00.000Z,Tulsa,Tulane,50,27,False,2016_PROVISIONAL_FBS_VS_FBS,v1.72_2016_bounded_lineage_plus_v0.22_schedule
2016,400869033,2016-10-22T20:00:00.000Z,Missouri,Middle Tennessee,45,51,False,2016_PROVISIONAL_FBS_VS_FBS,v1.72_2016_bounded_lineage_plus_v0.22_schedule
2016,400869142,2016-10-22T20:00:00.000Z,UCLA,Utah,45,52,False,2016_PROVISIONAL_FBS_VS_FBS,v1.72_2016_bounded_lineage_plus_v0.22_schedule
2016,400869226,2016-10-22T21:30:00.000Z,UNLV,Colorado State,23,42,False,2016_PROVISIONAL_FBS_VS_FBS,v1.72_2016_bounded_lineage_plus_v0.22_schedule
2016,400869386,2016-10-22T21:30:00.000Z,Marshall,Charlotte,24,27,False,2016_PROVISIONAL_FBS_VS_FBS,v1.72_2016_bounded_lineage_plus_v0.22_schedule
2016,400869030,2016-10-22T22:00:00.000Z,Auburn,Arkansas,56,3,False,2016_PROVISIONAL_FBS_VS_FBS,v1.72_2016_bounded_lineage_plus_v0.22_schedule
2016,400869144,2016-10-22T22:30:00.000Z,Washington,Oregon State,41,17,False,2016_PROVISIONAL_FBS_VS_FBS,v1.72_2016_bounded_lineage_plus_v0.22_schedule
2016,400869387,2016-10-22T23:00:00.000Z,Florida International,Louisiana Tech,24,44,False,2016_PROVISIONAL_FBS_VS_FBS,v1.72_2016_bounded_lineage_plus_v0.22_schedule
2016,400869388,2016-10-22T23:00:00.000Z,Western Kentucky,Old Dominion,59,24,False,2016_PROVISIONAL_FBS_VS_FBS,v1.72_2016_bounded_lineage_plus_v0.22_schedule
2016,400869390,2016-10-22T23:00:00.000Z,UTSA,UTEP,49,52,False,2016_PROVISIONAL_FBS_VS_FBS,v1.72_2016_bounded_lineage_plus_v0.22_schedule
2016,400869544,2016-10-22T23:00:00.000Z,Cincinnati,East Carolina,31,19,False,2016_PROVISIONAL_FBS_VS_FBS,v1.72_2016_bounded_lineage_plus_v0.22_schedule
2016,400869545,2016-10-22T23:00:00.000Z,SMU,Houston,38,16,False,2016_PROVISIONAL_FBS_VS_FBS,v1.72_2016_bounded_lineage_plus_v0.22_schedule
2016,400869834,2016-10-22T23:00:00.000Z,Texas State,Louisiana,3,27,False,2016_PROVISIONAL_FBS_VS_FBS,v1.72_2016_bounded_lineage_plus_v0.22_schedule
2016,400869031,2016-10-22T23:30:00.000Z,Kentucky,Mississippi State,40,38,False,2016_PROVISIONAL_FBS_VS_FBS,v1.72_2016_bounded_lineage_plus_v0.22_schedule
2016,400869675,2016-10-22T23:30:00.000Z,Maryland,Michigan State,28,17,False,2016_PROVISIONAL_FBS_VS_FBS,v1.72_2016_bounded_lineage_plus_v0.22_schedule
2016,400869616,2016-10-23T00:00:00.000Z,Texas Tech,Oklahoma,59,66,False,2016_PROVISIONAL_FBS_VS_FBS,v1.72_2016_bounded_lineage_plus_v0.22_schedule
2016,400869645,2016-10-23T00:00:00.000Z,Penn State,Ohio State,24,21,False,2016_PROVISIONAL_FBS_VS_FBS,v1.72_2016_bounded_lineage_plus_v0.22_schedule
2016,400869832,2016-10-23T00:00:00.000Z,New Mexico State,Georgia Southern,19,22,False,2016_PROVISIONAL_FBS_VS_FBS,v1.72_2016_bounded_lineage_plus_v0.22_schedule
2016,400869032,2016-10-23T01:00:00.000Z,LSU,Ole Miss,38,21,False,2016_PROVISIONAL_FBS_VS_FBS,v1.72_2016_bounded_lineage_plus_v0.22_schedule
2016,400869227,2016-10-23T01:00:00.000Z,New Mexico,UL Monroe,59,17,False,2016_PROVISIONAL_FBS_VS_FBS,v1.72_2016_bounded_lineage_plus_v0.22_schedule
2016,400869141,2016-10-23T02:00:00.000Z,Arizona State,Washington State,32,37,False,2016_PROVISIONAL_FBS_VS_FBS,v1.72_2016_bounded_lineage_plus_v0.22_schedule
2016,400869228,2016-10-23T02:30:00.000Z,Utah State,Fresno State,38,20,False,2016_PROVISIONAL_FBS_VS_FBS,v1.72_2016_bounded_lineage_plus_v0.22_schedule
2016,400869229,2016-10-23T02:30:00.000Z,Nevada,Wyoming,34,42,False,2016_PROVISIONAL_FBS_VS_FBS,v1.72_2016_bounded_lineage_plus_v0.22_schedule
2016,400869471,2016-10-27T23:00:00.000Z,Pittsburgh,Virginia Tech,36,39,False,2016_PROVISIONAL_FBS_VS_FBS,v1.72_2016_bounded_lineage_plus_v0.22_schedule
2016,400869317,2016-10-27T23:30:00.000Z,Buffalo,Akron,41,20,False,2016_PROVISIONAL_FBS_VS_FBS,v1.72_2016_bounded_lineage_plus_v0.22_schedule
2016,400869318,2016-10-27T23:30:00.000Z,Toledo,Ohio,26,31,False,2016_PROVISIONAL_FBS_VS_FBS,v1.72_2016_bounded_lineage_plus_v0.22_schedule
2016,400869835,2016-10-27T23:30:00.000Z,Georgia Southern,App State,10,34,False,2016_PROVISIONAL_FBS_VS_FBS,v1.72_2016_bounded_lineage_plus_v0.22_schedule
2016,400869145,2016-10-28T02:30:00.000Z,USC,California,45,24,False,2016_PROVISIONAL_FBS_VS_FBS,v1.72_2016_bounded_lineage_plus_v0.22_schedule
2016,400869548,2016-10-28T23:00:00.000Z,South Florida,Navy,52,45,False,2016_PROVISIONAL_FBS_VS_FBS,v1.72_2016_bounded_lineage_plus_v0.22_schedule
2016,400869234,2016-10-29T00:00:00.000Z,Utah State,San Diego State,13,40,False,2016_PROVISIONAL_FBS_VS_FBS,v1.72_2016_bounded_lineage_plus_v0.22_schedule
2016,400869231,2016-10-29T02:30:00.000Z,Fresno State,Air Force,21,31,False,2016_PROVISIONAL_FBS_VS_FBS,v1.72_2016_bounded_lineage_plus_v0.22_schedule
2016,400869038,2016-10-29T16:00:00.000Z,Missouri,Kentucky,21,35,False,2016_PROVISIONAL_FBS_VS_FBS,v1.72_2016_bounded_lineage_plus_v0.22_schedule
2016,400869319,2016-10-29T16:00:00.000Z,Central Michigan,Kent State,24,27,False,2016_PROVISIONAL_FBS_VS_FBS,v1.72_2016_bounded_lineage_plus_v0.22_schedule
2016,400869474,2016-10-29T16:00:00.000Z,Georgia Tech,Duke,38,35,False,2016_PROVISIONAL_FBS_VS_FBS,v1.72_2016_bounded_lineage_plus_v0.22_schedule
2016,400869475,2016-10-29T16:00:00.000Z,Virginia,Louisville,25,32,False,2016_PROVISIONAL_FBS_VS_FBS,v1.72_2016_bounded_lineage_plus_v0.22_schedule
2016,400869549,2016-10-29T16:00:00.000Z,Houston,UCF,31,24,False,2016_PROVISIONAL_FBS_VS_FBS,v1.72_2016_bounded_lineage_plus_v0.22_schedule
2016,400869551,2016-10-29T16:00:00.000Z,East Carolina,UConn,41,3,False,2016_PROVISIONAL_FBS_VS_FBS,v1.72_2016_bounded_lineage_plus_v0.22_schedule
2016,400869592,2016-10-29T16:00:00.000Z,Iowa State,Kansas State,26,31,False,2016_PROVISIONAL_FBS_VS_FBS,v1.72_2016_bounded_lineage_plus_v0.22_schedule
2016,400869621,2016-10-29T16:00:00.000Z,Oklahoma State,West Virginia,37,20,False,2016_PROVISIONAL_FBS_VS_FBS,v1.72_2016_bounded_lineage_plus_v0.22_schedule
2016,400869679,2016-10-29T16:00:00.000Z,Illinois,Minnesota,17,40,False,2016_PROVISIONAL_FBS_VS_FBS,v1.72_2016_bounded_lineage_plus_v0.22_schedule
2016,400869681,2016-10-29T16:00:00.000Z,Michigan State,Michigan,23,32,False,2016_PROVISIONAL_FBS_VS_FBS,v1.72_2016_bounded_lineage_plus_v0.22_schedule
2016,400869682,2016-10-29T16:00:00.000Z,Purdue,Penn State,24,62,False,2016_PROVISIONAL_FBS_VS_FBS,v1.72_2016_bounded_lineage_plus_v0.22_schedule
2016,400869472,2016-10-29T16:30:00.000Z,NC State,Boston College,14,21,False,2016_PROVISIONAL_FBS_VS_FBS,v1.72_2016_bounded_lineage_plus_v0.22_schedule
2016,400868881,2016-10-29T19:30:00.000Z,Texas,Baylor,35,34,False,2016_PROVISIONAL_FBS_VS_FBS,v1.72_2016_bounded_lineage_plus_v0.22_schedule
2016,400868917,2016-10-29T19:30:00.000Z,Wake Forest,Army,13,21,False,2016_PROVISIONAL_FBS_VS_FBS,v1.72_2016_bounded_lineage_plus_v0.22_schedule
2016,400868953,2016-10-29T19:30:00.000Z,Notre Dame,Miami,30,27,False,2016_PROVISIONAL_FBS_VS_FBS,v1.72_2016_bounded_lineage_plus_v0.22_schedule
2016,400869035,2016-10-29T19:30:00.000Z,Georgia,Florida,10,24,True,2016_PROVISIONAL_FBS_VS_FBS,v1.72_2016_bounded_lineage_plus_v0.22_schedule
2016,400869148,2016-10-29T19:30:00.000Z,Utah,Washington,24,31,False,2016_PROVISIONAL_FBS_VS_FBS,v1.72_2016_bounded_lineage_plus_v0.22_schedule
2016,400869392,2016-10-29T19:30:00.000Z,Florida Atlantic,Western Kentucky,3,52,False,2016_PROVISIONAL_FBS_VS_FBS,v1.72_2016_bounded_lineage_plus_v0.22_schedule
2016,400869550,2016-10-29T19:30:00.000Z,Temple,Cincinnati,34,13,False,2016_PROVISIONAL_FBS_VS_FBS,v1.72_2016_bounded_lineage_plus_v0.22_schedule
2016,400869629,2016-10-29T19:30:00.000Z,TCU,Texas Tech,24,27,False,2016_PROVISIONAL_FBS_VS_FBS,v1.72_2016_bounded_lineage_plus_v0.22_schedule
2016,400869646,2016-10-29T19:30:00.000Z,Ohio State,Northwestern,24,20,False,2016_PROVISIONAL_FBS_VS_FBS,v1.72_2016_bounded_lineage_plus_v0.22_schedule
2016,400869680,2016-10-29T19:30:00.000Z,Indiana,Maryland,42,36,False,2016_PROVISIONAL_FBS_VS_FBS,v1.72_2016_bounded_lineage_plus_v0.22_schedule
2016,400869717,2016-10-29T19:30:00.000Z,Eastern Michigan,Miami (OH),15,28,False,2016_PROVISIONAL_FBS_VS_FBS,v1.72_2016_bounded_lineage_plus_v0.22_schedule
2016,400869553,2016-10-29T20:00:00.000Z,Tulane,SMU,31,35,False,2016_PROVISIONAL_FBS_VS_FBS,v1.72_2016_bounded_lineage_plus_v0.22_schedule
2016,400869147,2016-10-29T21:00:00.000Z,Oregon,Arizona State,54,35,False,2016_PROVISIONAL_FBS_VS_FBS,v1.72_2016_bounded_lineage_plus_v0.22_schedule
2016,400869837,2016-10-29T21:00:00.000Z,South Alabama,Georgia State,13,10,False,2016_PROVISIONAL_FBS_VS_FBS,v1.72_2016_bounded_lineage_plus_v0.22_schedule
2016,400869232,2016-10-29T23:00:00.000Z,Wyoming,Boise State,30,28,False,2016_PROVISIONAL_FBS_VS_FBS,v1.72_2016_bounded_lineage_plus_v0.22_schedule
2016,400869391,2016-10-29T23:00:00.000Z,Florida International,Middle Tennessee,35,42,False,2016_PROVISIONAL_FBS_VS_FBS,v1.72_2016_bounded_lineage_plus_v0.22_schedule
2016,400869393,2016-10-29T23:00:00.000Z,Louisiana Tech,Rice,61,16,False,2016_PROVISIONAL_FBS_VS_FBS,v1.72_2016_bounded_lineage_plus_v0.22_schedule
2016,400869394,2016-10-29T23:00:00.000Z,Southern Miss,Marshall,24,14,False,2016_PROVISIONAL_FBS_VS_FBS,v1.72_2016_bounded_lineage_plus_v0.22_schedule
2016,400869395,2016-10-29T23:00:00.000Z,UTSA,North Texas,31,17,False,2016_PROVISIONAL_FBS_VS_FBS,v1.72_2016_bounded_lineage_plus_v0.22_schedule
2016,400869601,2016-10-29T23:00:00.000Z,Oklahoma,Kansas,56,3,False,2016_PROVISIONAL_FBS_VS_FBS,v1.72_2016_bounded_lineage_plus_v0.22_schedule
2016,400869683,2016-10-29T23:00:00.000Z,Wisconsin,Nebraska,23,17,False,2016_PROVISIONAL_FBS_VS_FBS,v1.72_2016_bounded_lineage_plus_v0.22_schedule
2016,400869836,2016-10-29T23:00:00.000Z,Arkansas State,UL Monroe,51,10,False,2016_PROVISIONAL_FBS_VS_FBS,v1.72_2016_bounded_lineage_plus_v0.22_schedule
2016,400869036,2016-10-29T23:15:00.000Z,Ole Miss,Auburn,29,40,False,2016_PROVISIONAL_FBS_VS_FBS,v1.72_2016_bounded_lineage_plus_v0.22_schedule
2016,400869039,2016-10-29T23:15:00.000Z,South Carolina,Tennessee,24,21,False,2016_PROVISIONAL_FBS_VS_FBS,v1.72_2016_bounded_lineage_plus_v0.22_schedule
2016,400869040,2016-10-29T23:30:00.000Z,Texas A&M,New Mexico State,52,10,False,2016_PROVISIONAL_FBS_VS_FBS,v1.72_2016_bounded_lineage_plus_v0.22_schedule
2016,400869396,2016-10-30T00:00:00.000Z,UTEP,Old Dominion,21,31,False,2016_PROVISIONAL_FBS_VS_FBS,v1.72_2016_bounded_lineage_plus_v0.22_schedule
2016,400869473,2016-10-30T00:00:00.000Z,Florida State,Clemson,34,37,False,2016_PROVISIONAL_FBS_VS_FBS,v1.72_2016_bounded_lineage_plus_v0.22_schedule
2016,400869552,2016-10-30T00:00:00.000Z,Memphis,Tulsa,30,59,False,2016_PROVISIONAL_FBS_VS_FBS,v1.72_2016_bounded_lineage_plus_v0.22_schedule
2016,400869235,2016-10-30T02:30:00.000Z,San José State,UNLV,30,24,False,2016_PROVISIONAL_FBS_VS_FBS,v1.72_2016_bounded_lineage_plus_v0.22_schedule
2016,400869149,2016-10-30T02:45:00.000Z,Oregon State,Washington State,31,35,False,2016_PROVISIONAL_FBS_VS_FBS,v1.72_2016_bounded_lineage_plus_v0.22_schedule
2016,400869146,2016-10-30T03:00:00.000Z,Arizona,Stanford,10,34,False,2016_PROVISIONAL_FBS_VS_FBS,v1.72_2016_bounded_lineage_plus_v0.22_schedule
2016,400869233,2016-10-30T03:59:00.000Z,Hawai'i,New Mexico,21,28,False,2016_PROVISIONAL_FBS_VS_FBS,v1.72_2016_bounded_lineage_plus_v0.22_schedule
2016,400869320,2016-11-02T00:00:00.000Z,Northern Illinois,Bowling Green,45,20,False,2016_PROVISIONAL_FBS_VS_FBS,v1.72_2016_bounded_lineage_plus_v0.22_schedule
2016,400869321,2016-11-02T00:00:00.000Z,Ball State,Western Michigan,20,52,False,2016_PROVISIONAL_FBS_VS_FBS,v1.72_2016_bounded_lineage_plus_v0.22_schedule
2016,400869322,2016-11-02T23:30:00.000Z,Akron,Toledo,17,48,False,2016_PROVISIONAL_FBS_VS_FBS,v1.72_2016_bounded_lineage_plus_v0.22_schedule
2016,400869323,2016-11-03T22:00:00.000Z,Ohio,Buffalo,34,10,False,2016_PROVISIONAL_FBS_VS_FBS,v1.72_2016_bounded_lineage_plus_v0.22_schedule
2016,400869593,2016-11-03T23:30:00.000Z,Iowa State,Oklahoma,24,34,False,2016_PROVISIONAL_FBS_VS_FBS,v1.72_2016_bounded_lineage_plus_v0.22_schedule
2016,400869838,2016-11-03T23:30:00.000Z,Georgia State,Arkansas State,16,31,False,2016_PROVISIONAL_FBS_VS_FBS,v1.72_2016_bounded_lineage_plus_v0.22_schedule
2016,400869150,2016-11-04T01:00:00.000Z,Colorado,UCLA,20,10,False,2016_PROVISIONAL_FBS_VS_FBS,v1.72_2016_bounded_lineage_plus_v0.22_schedule
2016,400869324,2016-11-04T22:00:00.000Z,Miami (OH),Central Michigan,37,17,False,2016_PROVISIONAL_FBS_VS_FBS,v1.72_2016_bounded_lineage_plus_v0.22_schedule
2016,400869554,2016-11-04T23:00:00.000Z,UConn,Temple,0,21,False,2016_PROVISIONAL_FBS_VS_FBS,v1.72_2016_bounded_lineage_plus_v0.22_schedule
2016,400869236,2016-11-05T02:15:00.000Z,Boise State,San José State,45,31,False,2016_PROVISIONAL_FBS_VS_FBS,v1.72_2016_bounded_lineage_plus_v0.22_schedule
2016,400868954,2016-11-05T15:30:00.000Z,Navy,Notre Dame,28,27,True,2016_PROVISIONAL_FBS_VS_FBS,v1.72_2016_bounded_lineage_plus_v0.22_schedule
2016,400868918,2016-11-05T16:00:00.000Z,Army,Air Force,12,31,False,2016_PROVISIONAL_FBS_VS_FBS,v1.72_2016_bounded_lineage_plus_v0.22_schedule
2016,400869042,2016-11-05T16:00:00.000Z,Auburn,Vanderbilt,23,16,False,2016_PROVISIONAL_FBS_VS_FBS,v1.72_2016_bounded_lineage_plus_v0.22_schedule
2016,400869045,2016-11-05T16:00:00.000Z,Ole Miss,Georgia Southern,37,27,False,2016_PROVISIONAL_FBS_VS_FBS,v1.72_2016_bounded_lineage_plus_v0.22_schedule
2016,400869046,2016-11-05T16:00:00.000Z,Mississippi State,Texas A&M,35,28,False,2016_PROVISIONAL_FBS_VS_FBS,v1.72_2016_bounded_lineage_plus_v0.22_schedule
2016,400869476,2016-11-05T16:00:00.000Z,Boston College,Louisville,7,52,False,2016_PROVISIONAL_FBS_VS_FBS,v1.72_2016_bounded_lineage_plus_v0.22_schedule
2016,400869630,2016-11-05T16:00:00.000Z,Texas Tech,Texas,37,45,False,2016_PROVISIONAL_FBS_VS_FBS,v1.72_2016_bounded_lineage_plus_v0.22_schedule
2016,400869639,2016-11-05T16:00:00.000Z,Rutgers,Indiana,27,33,False,2016_PROVISIONAL_FBS_VS_FBS,v1.72_2016_bounded_lineage_plus_v0.22_schedule
2016,400869684,2016-11-05T16:00:00.000Z,Illinois,Michigan State,31,27,False,2016_PROVISIONAL_FBS_VS_FBS,v1.72_2016_bounded_lineage_plus_v0.22_schedule
2016,400869687,2016-11-05T16:00:00.000Z,Northwestern,Wisconsin,7,21,False,2016_PROVISIONAL_FBS_VS_FBS,v1.72_2016_bounded_lineage_plus_v0.22_schedule
2016,400869480,2016-11-05T16:30:00.000Z,North Carolina,Georgia Tech,48,20,False,2016_PROVISIONAL_FBS_VS_FBS,v1.72_2016_bounded_lineage_plus_v0.22_schedule
2016,400869481,2016-11-05T16:30:00.000Z,Miami,Pittsburgh,51,28,False,2016_PROVISIONAL_FBS_VS_FBS,v1.72_2016_bounded_lineage_plus_v0.22_schedule
2016,400869403,2016-11-05T18:30:00.000Z,Middle Tennessee,UTSA,25,45,False,2016_PROVISIONAL_FBS_VS_FBS,v1.72_2016_bounded_lineage_plus_v0.22_schedule
2016,400869482,2016-11-05T19:00:00.000Z,Wake Forest,Virginia,27,20,False,2016_PROVISIONAL_FBS_VS_FBS,v1.72_2016_bounded_lineage_plus_v0.22_schedule
2016,400868882,2016-11-05T19:30:00.000Z,Baylor,TCU,22,62,False,2016_PROVISIONAL_FBS_VS_FBS,v1.72_2016_bounded_lineage_plus_v0.22_schedule
2016,400868930,2016-11-05T19:30:00.000Z,Cincinnati,BYU,3,20,False,2016_PROVISIONAL_FBS_VS_FBS,v1.72_2016_bounded_lineage_plus_v0.22_schedule
2016,400868966,2016-11-05T19:30:00.000Z,Troy,Massachusetts,52,31,False,2016_PROVISIONAL_FBS_VS_FBS,v1.72_2016_bounded_lineage_plus_v0.22_schedule
2016,400869041,2016-11-05T19:30:00.000Z,Arkansas,Florida,31,10,False,2016_PROVISIONAL_FBS_VS_FBS,v1.72_2016_bounded_lineage_plus_v0.22_schedule
2016,400869153,2016-11-05T19:30:00.000Z,Stanford,Oregon State,26,15,False,2016_PROVISIONAL_FBS_VS_FBS,v1.72_2016_bounded_lineage_plus_v0.22_schedule
2016,400869237,2016-11-05T19:30:00.000Z,Colorado State,Fresno State,37,0,False,2016_PROVISIONAL_FBS_VS_FBS,v1.72_2016_bounded_lineage_plus_v0.22_schedule
2016,400869397,2016-11-05T19:30:00.000Z,Southern Miss,Charlotte,27,38,False,2016_PROVISIONAL_FBS_VS_FBS,v1.72_2016_bounded_lineage_plus_v0.22_schedule
2016,400869399,2016-11-05T19:30:00.000Z,Rice,Florida Atlantic,25,42,False,2016_PROVISIONAL_FBS_VS_FBS,v1.72_2016_bounded_lineage_plus_v0.22_schedule
2016,400869477,2016-11-05T19:30:00.000Z,Clemson,Syracuse,54,0,False,2016_PROVISIONAL_FBS_VS_FBS,v1.72_2016_bounded_lineage_plus_v0.22_schedule
2016,400869478,2016-11-05T19:30:00.000Z,Duke,Virginia Tech,21,24,False,2016_PROVISIONAL_FBS_VS_FBS,v1.72_2016_bounded_lineage_plus_v0.22_schedule
2016,400869610,2016-11-05T19:30:00.000Z,Kansas State,Oklahoma State,37,43,False,2016_PROVISIONAL_FBS_VS_FBS,v1.72_2016_bounded_lineage_plus_v0.22_schedule
2016,400869685,2016-11-05T19:30:00.000Z,Michigan,Maryland,59,3,False,2016_PROVISIONAL_FBS_VS_FBS,v1.72_2016_bounded_lineage_plus_v0.22_schedule
2016,400869686,2016-11-05T19:30:00.000Z,Minnesota,Purdue,44,31,False,2016_PROVISIONAL_FBS_VS_FBS,v1.72_2016_bounded_lineage_plus_v0.22_schedule
2016,400869839,2016-11-05T19:30:00.000Z,App State,Texas State,35,10,False,2016_PROVISIONAL_FBS_VS_FBS,v1.72_2016_bounded_lineage_plus_v0.22_schedule
2016,400869047,2016-11-05T20:00:00.000Z,South Carolina,Missouri,31,21,False,2016_PROVISIONAL_FBS_VS_FBS,v1.72_2016_bounded_lineage_plus_v0.22_schedule
2016,400869151,2016-11-05T20:00:00.000Z,Washington State,Arizona,69,7,False,2016_PROVISIONAL_FBS_VS_FBS,v1.72_2016_bounded_lineage_plus_v0.22_schedule
2016,400869556,2016-11-05T20:00:00.000Z,SMU,Memphis,7,51,False,2016_PROVISIONAL_FBS_VS_FBS,v1.72_2016_bounded_lineage_plus_v0.22_schedule
2016,400869840,2016-11-05T21:00:00.000Z,Louisiana,Idaho,13,23,False,2016_PROVISIONAL_FBS_VS_FBS,v1.72_2016_bounded_lineage_plus_v0.22_schedule
2016,400869841,2016-11-05T21:00:00.000Z,UL Monroe,South Alabama,42,35,False,2016_PROVISIONAL_FBS_VS_FBS,v1.72_2016_bounded_lineage_plus_v0.22_schedule
2016,400921256,2016-11-05T21:00:00.000Z,UCF,Tulane,37,6,False,2016_PROVISIONAL_FBS_VS_FBS,v1.72_2016_bounded_lineage_plus_v0.22_schedule
2016,400869398,2016-11-05T21:30:00.000Z,Western Kentucky,Florida International,49,21,False,2016_PROVISIONAL_FBS_VS_FBS,v1.72_2016_bounded_lineage_plus_v0.22_schedule
2016,400869400,2016-11-05T21:30:00.000Z,North Texas,Louisiana Tech,24,45,False,2016_PROVISIONAL_FBS_VS_FBS,v1.72_2016_bounded_lineage_plus_v0.22_schedule
2016,400869152,2016-11-05T23:00:00.000Z,USC,Oregon,45,20,False,2016_PROVISIONAL_FBS_VS_FBS,v1.72_2016_bounded_lineage_plus_v0.22_schedule
2016,400869240,2016-11-05T23:00:00.000Z,San Diego State,Hawai'i,55,0,False,2016_PROVISIONAL_FBS_VS_FBS,v1.72_2016_bounded_lineage_plus_v0.22_schedule
2016,400869401,2016-11-05T23:00:00.000Z,Old Dominion,Marshall,38,14,False,2016_PROVISIONAL_FBS_VS_FBS,v1.72_2016_bounded_lineage_plus_v0.22_schedule
2016,400869479,2016-11-05T23:00:00.000Z,NC State,Florida State,20,24,False,2016_PROVISIONAL_FBS_VS_FBS,v1.72_2016_bounded_lineage_plus_v0.22_schedule
2016,400869602,2016-11-05T23:00:00.000Z,West Virginia,Kansas,48,21,False,2016_PROVISIONAL_FBS_VS_FBS,v1.72_2016_bounded_lineage_plus_v0.22_schedule
2016,400869043,2016-11-05T23:30:00.000Z,Kentucky,Georgia,24,27,False,2016_PROVISIONAL_FBS_VS_FBS,v1.72_2016_bounded_lineage_plus_v0.22_schedule
2016,400869688,2016-11-05T23:30:00.000Z,Penn State,Iowa,41,14,False,2016_PROVISIONAL_FBS_VS_FBS,v1.72_2016_bounded_lineage_plus_v0.22_schedule
2016,400869044,2016-11-06T00:00:00.000Z,LSU,Alabama,0,10,False,2016_PROVISIONAL_FBS_VS_FBS,v1.72_2016_bounded_lineage_plus_v0.22_schedule
2016,400869555,2016-11-06T00:00:00.000Z,Tulsa,East Carolina,45,24,False,2016_PROVISIONAL_FBS_VS_FBS,v1.72_2016_bounded_lineage_plus_v0.22_schedule
2016,400869647,2016-11-06T00:00:00.000Z,Ohio State,Nebraska,62,3,False,2016_PROVISIONAL_FBS_VS_FBS,v1.72_2016_bounded_lineage_plus_v0.22_schedule
2016,400869238,2016-11-06T02:15:00.000Z,New Mexico,Nevada,35,26,False,2016_PROVISIONAL_FBS_VS_FBS,v1.72_2016_bounded_lineage_plus_v0.22_schedule
2016,400869239,2016-11-06T02:15:00.000Z,Wyoming,Utah State,52,28,False,2016_PROVISIONAL_FBS_VS_FBS,v1.72_2016_bounded_lineage_plus_v0.22_schedule
2016,400869154,2016-11-06T02:30:00.000Z,California,Washington,27,66,False,2016_PROVISIONAL_FBS_VS_FBS,v1.72_2016_bounded_lineage_plus_v0.22_schedule
2016,400869325,2016-11-09T00:00:00.000Z,Ball State,Eastern Michigan,41,48,False,2016_PROVISIONAL_FBS_VS_FBS,v1.72_2016_bounded_lineage_plus_v0.22_schedule
2016,400869326,2016-11-09T00:30:00.000Z,Kent State,Western Michigan,21,37,False,2016_PROVISIONAL_FBS_VS_FBS,v1.72_2016_bounded_lineage_plus_v0.22_schedule
2016,400869327,2016-11-10T01:00:00.000Z,Akron,Bowling Green,28,38,False,2016_PROVISIONAL_FBS_VS_FBS,v1.72_2016_bounded_lineage_plus_v0.22_schedule
2016,400869328,2016-11-10T01:00:00.000Z,Northern Illinois,Toledo,24,31,True,2016_PROVISIONAL_FBS_VS_FBS,v1.72_2016_bounded_lineage_plus_v0.22_schedule
2016,400869483,2016-11-11T00:30:00.000Z,Duke,North Carolina,28,27,False,2016_PROVISIONAL_FBS_VS_FBS,v1.72_2016_bounded_lineage_plus_v0.22_schedule
2016,400869844,2016-11-11T00:30:00.000Z,Georgia Southern,Louisiana,26,33,False,2016_PROVISIONAL_FBS_VS_FBS,v1.72_2016_bounded_lineage_plus_v0.22_schedule
2016,400869155,2016-11-11T02:30:00.000Z,Arizona State,Utah,26,49,False,2016_PROVISIONAL_FBS_VS_FBS,v1.72_2016_bounded_lineage_plus_v0.22_schedule
2016,400869484,2016-11-12T00:30:00.000Z,Florida State,Boston College,45,7,False,2016_PROVISIONAL_FBS_VS_FBS,v1.72_2016_bounded_lineage_plus_v0.22_schedule
2016,400868883,2016-11-12T17:00:00.000Z,Oklahoma,Baylor,45,24,False,2016_PROVISIONAL_FBS_VS_FBS,v1.72_2016_bounded_lineage_plus_v0.22_schedule
2016,400869049,2016-11-12T17:00:00.000Z,Alabama,Mississippi State,51,3,False,2016_PROVISIONAL_FBS_VS_FBS,v1.72_2016_bounded_lineage_plus_v0.22_schedule
2016,400869051,2016-11-12T17:00:00.000Z,Florida,South Carolina,20,7,False,2016_PROVISIONAL_FBS_VS_FBS,v1.72_2016_bounded_lineage_plus_v0.22_schedule
2016,400869054,2016-11-12T17:00:00.000Z,Tennessee,Kentucky,49,36,False,2016_PROVISIONAL_FBS_VS_FBS,v1.72_2016_bounded_lineage_plus_v0.22_schedule
2016,400869557,2016-11-12T17:00:00.000Z,UCF,Cincinnati,24,3,False,2016_PROVISIONAL_FBS_VS_FBS,v1.72_2016_bounded_lineage_plus_v0.22_schedule
2016,400869558,2016-11-12T17:00:00.000Z,East Carolina,SMU,31,55,False,2016_PROVISIONAL_FBS_VS_FBS,v1.72_2016_bounded_lineage_plus_v0.22_schedule
2016,400869561,2016-11-12T17:00:00.000Z,Navy,Tulsa,42,40,False,2016_PROVISIONAL_FBS_VS_FBS,v1.72_2016_bounded_lineage_plus_v0.22_schedule
2016,400869594,2016-11-12T17:00:00.000Z,Kansas,Iowa State,24,31,False,2016_PROVISIONAL_FBS_VS_FBS,v1.72_2016_bounded_lineage_plus_v0.22_schedule
2016,400869631,2016-11-12T17:00:00.000Z,Texas,West Virginia,20,24,False,2016_PROVISIONAL_FBS_VS_FBS,v1.72_2016_bounded_lineage_plus_v0.22_schedule
2016,400869640,2016-11-12T17:00:00.000Z,Michigan State,Rutgers,49,0,False,2016_PROVISIONAL_FBS_VS_FBS,v1.72_2016_bounded_lineage_plus_v0.22_schedule
2016,400869689,2016-11-12T17:00:00.000Z,Indiana,Penn State,31,45,False,2016_PROVISIONAL_FBS_VS_FBS,v1.72_2016_bounded_lineage_plus_v0.22_schedule
2016,400869692,2016-11-12T17:00:00.000Z,Purdue,Northwestern,17,45,False,2016_PROVISIONAL_FBS_VS_FBS,v1.72_2016_bounded_lineage_plus_v0.22_schedule
2016,400869488,2016-11-12T17:30:00.000Z,Syracuse,NC State,20,35,False,2016_PROVISIONAL_FBS_VS_FBS,v1.72_2016_bounded_lineage_plus_v0.22_schedule
2016,400869329,2016-11-12T18:00:00.000Z,Buffalo,Miami (OH),24,35,False,2016_PROVISIONAL_FBS_VS_FBS,v1.72_2016_bounded_lineage_plus_v0.22_schedule
2016,400869404,2016-11-12T19:00:00.000Z,Charlotte,Rice,21,22,False,2016_PROVISIONAL_FBS_VS_FBS,v1.72_2016_bounded_lineage_plus_v0.22_schedule
2016,400869724,2016-11-12T19:00:00.000Z,Virginia,Miami,14,34,False,2016_PROVISIONAL_FBS_VS_FBS,v1.72_2016_bounded_lineage_plus_v0.22_schedule
2016,400869845,2016-11-12T19:00:00.000Z,Georgia State,UL Monroe,23,37,False,2016_PROVISIONAL_FBS_VS_FBS,v1.72_2016_bounded_lineage_plus_v0.22_schedule
2016,400869843,2016-11-12T20:00:00.000Z,Arkansas State,New Mexico State,41,22,False,2016_PROVISIONAL_FBS_VS_FBS,v1.72_2016_bounded_lineage_plus_v0.22_schedule
2016,400868919,2016-11-12T20:30:00.000Z,Notre Dame,Army,44,6,True,2016_PROVISIONAL_FBS_VS_FBS,v1.72_2016_bounded_lineage_plus_v0.22_schedule
2016,400869052,2016-11-12T20:30:00.000Z,Georgia,Auburn,13,7,False,2016_PROVISIONAL_FBS_VS_FBS,v1.72_2016_bounded_lineage_plus_v0.22_schedule
2016,400869053,2016-11-12T20:30:00.000Z,Missouri,Vanderbilt,26,17,False,2016_PROVISIONAL_FBS_VS_FBS,v1.72_2016_bounded_lineage_plus_v0.22_schedule
2016,400869244,2016-11-12T20:30:00.000Z,UNLV,Wyoming,69,66,False,2016_PROVISIONAL_FBS_VS_FBS,v1.72_2016_bounded_lineage_plus_v0.22_schedule
2016,400869406,2016-11-12T20:30:00.000Z,Louisiana Tech,UTSA,63,35,False,2016_PROVISIONAL_FBS_VS_FBS,v1.72_2016_bounded_lineage_plus_v0.22_schedule
2016,400869408,2016-11-12T20:30:00.000Z,Western Kentucky,North Texas,45,7,False,2016_PROVISIONAL_FBS_VS_FBS,v1.72_2016_bounded_lineage_plus_v0.22_schedule
2016,400869409,2016-11-12T20:30:00.000Z,Old Dominion,Southern Miss,51,35,False,2016_PROVISIONAL_FBS_VS_FBS,v1.72_2016_bounded_lineage_plus_v0.22_schedule
2016,400869485,2016-11-12T20:30:00.000Z,Clemson,Pittsburgh,42,43,False,2016_PROVISIONAL_FBS_VS_FBS,v1.72_2016_bounded_lineage_plus_v0.22_schedule
2016,400869486,2016-11-12T20:30:00.000Z,Virginia Tech,Georgia Tech,20,30,False,2016_PROVISIONAL_FBS_VS_FBS,v1.72_2016_bounded_lineage_plus_v0.22_schedule
2016,400869560,2016-11-12T20:30:00.000Z,Houston,Tulane,30,18,False,2016_PROVISIONAL_FBS_VS_FBS,v1.72_2016_bounded_lineage_plus_v0.22_schedule
2016,400869622,2016-11-12T20:30:00.000Z,Oklahoma State,Texas Tech,45,44,False,2016_PROVISIONAL_FBS_VS_FBS,v1.72_2016_bounded_lineage_plus_v0.22_schedule
2016,400869648,2016-11-12T20:30:00.000Z,Maryland,Ohio State,3,62,False,2016_PROVISIONAL_FBS_VS_FBS,v1.72_2016_bounded_lineage_plus_v0.22_schedule
2016,400869693,2016-11-12T20:30:00.000Z,Wisconsin,Illinois,48,3,False,2016_PROVISIONAL_FBS_VS_FBS,v1.72_2016_bounded_lineage_plus_v0.22_schedule
2016,400869842,2016-11-12T20:30:00.000Z,Troy,App State,28,24,False,2016_PROVISIONAL_FBS_VS_FBS,v1.72_2016_bounded_lineage_plus_v0.22_schedule
2016,400869159,2016-11-12T21:00:00.000Z,Oregon,Stanford,27,52,False,2016_PROVISIONAL_FBS_VS_FBS,v1.72_2016_bounded_lineage_plus_v0.22_schedule
2016,400869846,2016-11-12T21:00:00.000Z,Texas State,Idaho,14,47,False,2016_PROVISIONAL_FBS_VS_FBS,v1.72_2016_bounded_lineage_plus_v0.22_schedule
2016,400869405,2016-11-12T23:00:00.000Z,Florida Atlantic,UTEP,35,31,False,2016_PROVISIONAL_FBS_VS_FBS,v1.72_2016_bounded_lineage_plus_v0.22_schedule
2016,400869050,2016-11-13T00:00:00.000Z,Arkansas,LSU,10,38,False,2016_PROVISIONAL_FBS_VS_FBS,v1.72_2016_bounded_lineage_plus_v0.22_schedule
2016,400869242,2016-11-13T00:00:00.000Z,Hawai'i,Boise State,16,52,False,2016_PROVISIONAL_FBS_VS_FBS,v1.72_2016_bounded_lineage_plus_v0.22_schedule
2016,400869407,2016-11-13T00:00:00.000Z,Marshall,Middle Tennessee,42,17,False,2016_PROVISIONAL_FBS_VS_FBS,v1.72_2016_bounded_lineage_plus_v0.22_schedule
2016,400869487,2016-11-13T00:00:00.000Z,Louisville,Wake Forest,44,12,False,2016_PROVISIONAL_FBS_VS_FBS,v1.72_2016_bounded_lineage_plus_v0.22_schedule
2016,400869559,2016-11-13T00:00:00.000Z,Memphis,South Florida,42,49,False,2016_PROVISIONAL_FBS_VS_FBS,v1.72_2016_bounded_lineage_plus_v0.22_schedule
2016,400869055,2016-11-13T00:30:00.000Z,Texas A&M,Ole Miss,28,29,False,2016_PROVISIONAL_FBS_VS_FBS,v1.72_2016_bounded_lineage_plus_v0.22_schedule
2016,400869157,2016-11-13T00:30:00.000Z,Washington,USC,13,26,False,2016_PROVISIONAL_FBS_VS_FBS,v1.72_2016_bounded_lineage_plus_v0.22_schedule
2016,400869691,2016-11-13T00:30:00.000Z,Nebraska,Minnesota,24,17,False,2016_PROVISIONAL_FBS_VS_FBS,v1.72_2016_bounded_lineage_plus_v0.22_schedule
2016,400869690,2016-11-13T01:00:00.000Z,Iowa,Michigan,14,13,False,2016_PROVISIONAL_FBS_VS_FBS,v1.72_2016_bounded_lineage_plus_v0.22_schedule
2016,400869158,2016-11-13T02:00:00.000Z,UCLA,Oregon State,38,24,False,2016_PROVISIONAL_FBS_VS_FBS,v1.72_2016_bounded_lineage_plus_v0.22_schedule
2016,400869156,2016-11-13T03:00:00.000Z,Arizona,Colorado,24,49,False,2016_PROVISIONAL_FBS_VS_FBS,v1.72_2016_bounded_lineage_plus_v0.22_schedule
2016,400869241,2016-11-13T03:15:00.000Z,Air Force,Colorado State,49,46,False,2016_PROVISIONAL_FBS_VS_FBS,v1.72_2016_bounded_lineage_plus_v0.22_schedule
2016,400869243,2016-11-13T03:15:00.000Z,Utah State,New Mexico,21,24,False,2016_PROVISIONAL_FBS_VS_FBS,v1.72_2016_bounded_lineage_plus_v0.22_schedule
2016,400869160,2016-11-13T03:30:00.000Z,Washington State,California,56,21,False,2016_PROVISIONAL_FBS_VS_FBS,v1.72_2016_bounded_lineage_plus_v0.22_schedule
2016,400869245,2016-11-13T03:30:00.000Z,Nevada,San Diego State,16,46,False,2016_PROVISIONAL_FBS_VS_FBS,v1.72_2016_bounded_lineage_plus_v0.22_schedule
2016,400869330,2016-11-16T00:00:00.000Z,Bowling Green,Kent State,42,7,False,2016_PROVISIONAL_FBS_VS_FBS,v1.72_2016_bounded_lineage_plus_v0.22_schedule
2016,400869331,2016-11-16T00:00:00.000Z,Central Michigan,Ohio,27,20,False,2016_PROVISIONAL_FBS_VS_FBS,v1.72_2016_bounded_lineage_plus_v0.22_schedule
2016,400869332,2016-11-17T00:00:00.000Z,Toledo,Ball State,37,19,False,2016_PROVISIONAL_FBS_VS_FBS,v1.72_2016_bounded_lineage_plus_v0.22_schedule
2016,400869333,2016-11-17T01:00:00.000Z,Eastern Michigan,Northern Illinois,24,31,False,2016_PROVISIONAL_FBS_VS_FBS,v1.72_2016_bounded_lineage_plus_v0.22_schedule
2016,400869562,2016-11-18T01:00:00.000Z,Houston,Louisville,36,10,False,2016_PROVISIONAL_FBS_VS_FBS,v1.72_2016_bounded_lineage_plus_v0.22_schedule
2016,400869847,2016-11-18T02:30:00.000Z,Troy,Arkansas State,3,35,False,2016_PROVISIONAL_FBS_VS_FBS,v1.72_2016_bounded_lineage_plus_v0.22_schedule
2016,400869563,2016-11-19T01:00:00.000Z,Cincinnati,Memphis,7,34,False,2016_PROVISIONAL_FBS_VS_FBS,v1.72_2016_bounded_lineage_plus_v0.22_schedule
2016,400869246,2016-11-19T02:00:00.000Z,Boise State,UNLV,42,25,False,2016_PROVISIONAL_FBS_VS_FBS,v1.72_2016_bounded_lineage_plus_v0.22_schedule
2016,400868884,2016-11-19T17:00:00.000Z,Baylor,Kansas State,21,42,False,2016_PROVISIONAL_FBS_VS_FBS,v1.72_2016_bounded_lineage_plus_v0.22_schedule
2016,400869059,2016-11-19T17:00:00.000Z,Georgia,Louisiana,35,21,False,2016_PROVISIONAL_FBS_VS_FBS,v1.72_2016_bounded_lineage_plus_v0.22_schedule
2016,400869065,2016-11-19T17:00:00.000Z,Texas A&M,UTSA,23,10,False,2016_PROVISIONAL_FBS_VS_FBS,v1.72_2016_bounded_lineage_plus_v0.22_schedule
2016,400869414,2016-11-19T17:00:00.000Z,Rice,UTEP,44,24,False,2016_PROVISIONAL_FBS_VS_FBS,v1.72_2016_bounded_lineage_plus_v0.22_schedule
2016,400869623,2016-11-19T17:00:00.000Z,TCU,Oklahoma State,6,31,False,2016_PROVISIONAL_FBS_VS_FBS,v1.72_2016_bounded_lineage_plus_v0.22_schedule
2016,400869649,2016-11-19T17:00:00.000Z,Michigan State,Ohio State,16,17,False,2016_PROVISIONAL_FBS_VS_FBS,v1.72_2016_bounded_lineage_plus_v0.22_schedule
2016,400869694,2016-11-19T17:00:00.000Z,Illinois,Iowa,0,28,False,2016_PROVISIONAL_FBS_VS_FBS,v1.72_2016_bounded_lineage_plus_v0.22_schedule
2016,400869697,2016-11-19T17:00:00.000Z,Nebraska,Maryland,28,7,False,2016_PROVISIONAL_FBS_VS_FBS,v1.72_2016_bounded_lineage_plus_v0.22_schedule
2016,400869698,2016-11-19T17:00:00.000Z,Purdue,Wisconsin,20,49,False,2016_PROVISIONAL_FBS_VS_FBS,v1.72_2016_bounded_lineage_plus_v0.22_schedule
2016,400869494,2016-11-19T17:30:00.000Z,Georgia Tech,Virginia,31,17,False,2016_PROVISIONAL_FBS_VS_FBS,v1.72_2016_bounded_lineage_plus_v0.22_schedule
2016,400869495,2016-11-19T17:30:00.000Z,NC State,Miami,13,27,False,2016_PROVISIONAL_FBS_VS_FBS,v1.72_2016_bounded_lineage_plus_v0.22_schedule
2016,400869490,2016-11-19T18:00:00.000Z,Boston College,UConn,30,0,False,2016_PROVISIONAL_FBS_VS_FBS,v1.72_2016_bounded_lineage_plus_v0.22_schedule
2016,400922862,2016-11-19T18:00:00.000Z,LSU,Florida,10,16,False,2016_PROVISIONAL_FBS_VS_FBS,v1.72_2016_bounded_lineage_plus_v0.22_schedule
2016,400868932,2016-11-19T19:00:00.000Z,BYU,Massachusetts,51,9,False,2016_PROVISIONAL_FBS_VS_FBS,v1.72_2016_bounded_lineage_plus_v0.22_schedule
2016,400869165,2016-11-19T19:00:00.000Z,Utah,Oregon,28,30,False,2016_PROVISIONAL_FBS_VS_FBS,v1.72_2016_bounded_lineage_plus_v0.22_schedule
2016,400869410,2016-11-19T19:00:00.000Z,Charlotte,Middle Tennessee,31,38,False,2016_PROVISIONAL_FBS_VS_FBS,v1.72_2016_bounded_lineage_plus_v0.22_schedule
2016,400869849,2016-11-19T19:00:00.000Z,Georgia State,Georgia Southern,30,24,False,2016_PROVISIONAL_FBS_VS_FBS,v1.72_2016_bounded_lineage_plus_v0.22_schedule
2016,400869848,2016-11-19T19:30:00.000Z,App State,UL Monroe,42,17,False,2016_PROVISIONAL_FBS_VS_FBS,v1.72_2016_bounded_lineage_plus_v0.22_schedule
2016,400869492,2016-11-19T20:00:00.000Z,Pittsburgh,Duke,56,14,False,2016_PROVISIONAL_FBS_VS_FBS,v1.72_2016_bounded_lineage_plus_v0.22_schedule
2016,400868955,2016-11-19T20:30:00.000Z,Notre Dame,Virginia Tech,31,34,False,2016_PROVISIONAL_FBS_VS_FBS,v1.72_2016_bounded_lineage_plus_v0.22_schedule
2016,400869064,2016-11-19T20:30:00.000Z,Tennessee,Missouri,63,37,False,2016_PROVISIONAL_FBS_VS_FBS,v1.72_2016_bounded_lineage_plus_v0.22_schedule
2016,400869164,2016-11-19T20:30:00.000Z,Colorado,Washington State,38,24,False,2016_PROVISIONAL_FBS_VS_FBS,v1.72_2016_bounded_lineage_plus_v0.22_schedule
2016,400869250,2016-11-19T20:30:00.000Z,Wyoming,San Diego State,34,33,False,2016_PROVISIONAL_FBS_VS_FBS,v1.72_2016_bounded_lineage_plus_v0.22_schedule
2016,400869334,2016-11-19T20:30:00.000Z,Western Michigan,Buffalo,38,0,False,2016_PROVISIONAL_FBS_VS_FBS,v1.72_2016_bounded_lineage_plus_v0.22_schedule
2016,400869493,2016-11-19T20:30:00.000Z,Syracuse,Florida State,14,45,False,2016_PROVISIONAL_FBS_VS_FBS,v1.72_2016_bounded_lineage_plus_v0.22_schedule
2016,400869566,2016-11-19T20:30:00.000Z,Tulane,Temple,0,31,False,2016_PROVISIONAL_FBS_VS_FBS,v1.72_2016_bounded_lineage_plus_v0.22_schedule
2016,400869595,2016-11-19T20:30:00.000Z,Iowa State,Texas Tech,66,10,False,2016_PROVISIONAL_FBS_VS_FBS,v1.72_2016_bounded_lineage_plus_v0.22_schedule
2016,400869603,2016-11-19T20:30:00.000Z,Kansas,Texas,24,21,False,2016_PROVISIONAL_FBS_VS_FBS,v1.72_2016_bounded_lineage_plus_v0.22_schedule
2016,400869695,2016-11-19T20:30:00.000Z,Michigan,Indiana,20,10,False,2016_PROVISIONAL_FBS_VS_FBS,v1.72_2016_bounded_lineage_plus_v0.22_schedule
2016,400869696,2016-11-19T20:30:00.000Z,Minnesota,Northwestern,29,12,False,2016_PROVISIONAL_FBS_VS_FBS,v1.72_2016_bounded_lineage_plus_v0.22_schedule
2016,400869249,2016-11-19T21:00:00.000Z,Nevada,Utah State,38,37,False,2016_PROVISIONAL_FBS_VS_FBS,v1.72_2016_bounded_lineage_plus_v0.22_schedule
2016,400922541,2016-11-19T21:00:00.000Z,East Carolina,Navy,31,66,False,2016_PROVISIONAL_FBS_VS_FBS,v1.72_2016_bounded_lineage_plus_v0.22_schedule
2016,400869850,2016-11-19T22:20:00.000Z,New Mexico State,Texas State,50,10,False,2016_PROVISIONAL_FBS_VS_FBS,v1.72_2016_bounded_lineage_plus_v0.22_schedule
2016,400869166,2016-11-19T22:30:00.000Z,California,Stanford,31,45,False,2016_PROVISIONAL_FBS_VS_FBS,v1.72_2016_bounded_lineage_plus_v0.22_schedule
2016,400869413,2016-11-19T22:30:00.000Z,North Texas,Southern Miss,29,23,False,2016_PROVISIONAL_FBS_VS_FBS,v1.72_2016_bounded_lineage_plus_v0.22_schedule
2016,400869412,2016-11-19T23:00:00.000Z,Florida Atlantic,Old Dominion,24,42,False,2016_PROVISIONAL_FBS_VS_FBS,v1.72_2016_bounded_lineage_plus_v0.22_schedule
2016,400869062,2016-11-20T00:00:00.000Z,Mississippi State,Arkansas,42,58,False,2016_PROVISIONAL_FBS_VS_FBS,v1.72_2016_bounded_lineage_plus_v0.22_schedule
2016,400869251,2016-11-20T00:00:00.000Z,Fresno State,Hawai'i,13,14,False,2016_PROVISIONAL_FBS_VS_FBS,v1.72_2016_bounded_lineage_plus_v0.22_schedule
2016,400869411,2016-11-20T00:00:00.000Z,Florida International,Marshall,31,14,False,2016_PROVISIONAL_FBS_VS_FBS,v1.72_2016_bounded_lineage_plus_v0.22_schedule
2016,400869491,2016-11-20T00:00:00.000Z,Wake Forest,Clemson,13,35,False,2016_PROVISIONAL_FBS_VS_FBS,v1.72_2016_bounded_lineage_plus_v0.22_schedule
2016,400869565,2016-11-20T00:00:00.000Z,SMU,South Florida,27,35,False,2016_PROVISIONAL_FBS_VS_FBS,v1.72_2016_bounded_lineage_plus_v0.22_schedule
2016,400869162,2016-11-20T00:30:00.000Z,Washington,Arizona State,44,18,False,2016_PROVISIONAL_FBS_VS_FBS,v1.72_2016_bounded_lineage_plus_v0.22_schedule
2016,400869066,2016-11-20T01:00:00.000Z,Vanderbilt,Ole Miss,38,17,False,2016_PROVISIONAL_FBS_VS_FBS,v1.72_2016_bounded_lineage_plus_v0.22_schedule
2016,400869564,2016-11-20T01:00:00.000Z,UCF,Tulsa,20,35,False,2016_PROVISIONAL_FBS_VS_FBS,v1.72_2016_bounded_lineage_plus_v0.22_schedule
2016,400869617,2016-11-20T01:00:00.000Z,West Virginia,Oklahoma,28,56,False,2016_PROVISIONAL_FBS_VS_FBS,v1.72_2016_bounded_lineage_plus_v0.22_schedule
2016,400869641,2016-11-20T01:00:00.000Z,Rutgers,Penn State,0,39,False,2016_PROVISIONAL_FBS_VS_FBS,v1.72_2016_bounded_lineage_plus_v0.22_schedule
2016,400869248,2016-11-20T03:15:00.000Z,Colorado State,New Mexico,49,31,False,2016_PROVISIONAL_FBS_VS_FBS,v1.72_2016_bounded_lineage_plus_v0.22_schedule
2016,400869161,2016-11-20T03:30:00.000Z,Oregon State,Arizona,42,17,False,2016_PROVISIONAL_FBS_VS_FBS,v1.72_2016_bounded_lineage_plus_v0.22_schedule
2016,400869163,2016-11-20T03:30:00.000Z,UCLA,USC,14,36,False,2016_PROVISIONAL_FBS_VS_FBS,v1.72_2016_bounded_lineage_plus_v0.22_schedule
2016,400869247,2016-11-20T03:30:00.000Z,San José State,Air Force,38,41,False,2016_PROVISIONAL_FBS_VS_FBS,v1.72_2016_bounded_lineage_plus_v0.22_schedule
2016,400869335,2016-11-23T00:00:00.000Z,Ohio,Akron,9,3,False,2016_PROVISIONAL_FBS_VS_FBS,v1.72_2016_bounded_lineage_plus_v0.22_schedule
2016,400869336,2016-11-23T00:00:00.000Z,Miami (OH),Ball State,21,20,False,2016_PROVISIONAL_FBS_VS_FBS,v1.72_2016_bounded_lineage_plus_v0.22_schedule
2016,400869337,2016-11-23T00:00:00.000Z,Eastern Michigan,Central Michigan,26,21,False,2016_PROVISIONAL_FBS_VS_FBS,v1.72_2016_bounded_lineage_plus_v0.22_schedule
2016,400869067,2016-11-25T00:30:00.000Z,Texas A&M,LSU,39,54,False,2016_PROVISIONAL_FBS_VS_FBS,v1.72_2016_bounded_lineage_plus_v0.22_schedule
2016,400869339,2016-11-25T17:00:00.000Z,Kent State,Northern Illinois,21,31,False,2016_PROVISIONAL_FBS_VS_FBS,v1.72_2016_bounded_lineage_plus_v0.22_schedule
2016,400869497,2016-11-25T17:00:00.000Z,North Carolina,NC State,21,28,False,2016_PROVISIONAL_FBS_VS_FBS,v1.72_2016_bounded_lineage_plus_v0.22_schedule
2016,400869568,2016-11-25T17:00:00.000Z,Memphis,Houston,48,44,False,2016_PROVISIONAL_FBS_VS_FBS,v1.72_2016_bounded_lineage_plus_v0.22_schedule
2016,400869073,2016-11-25T19:30:00.000Z,Missouri,Arkansas,28,24,False,2016_PROVISIONAL_FBS_VS_FBS,v1.72_2016_bounded_lineage_plus_v0.22_schedule
2016,400869338,2016-11-25T19:30:00.000Z,Bowling Green,Buffalo,27,19,False,2016_PROVISIONAL_FBS_VS_FBS,v1.72_2016_bounded_lineage_plus_v0.22_schedule
2016,400869168,2016-11-25T20:30:00.000Z,Washington State,Washington,17,45,False,2016_PROVISIONAL_FBS_VS_FBS,v1.72_2016_bounded_lineage_plus_v0.22_schedule
2016,400869252,2016-11-25T20:30:00.000Z,Air Force,Boise State,27,20,False,2016_PROVISIONAL_FBS_VS_FBS,v1.72_2016_bounded_lineage_plus_v0.22_schedule
2016,400869632,2016-11-25T20:30:00.000Z,Texas,TCU,9,31,False,2016_PROVISIONAL_FBS_VS_FBS,v1.72_2016_bounded_lineage_plus_v0.22_schedule
2016,400869699,2016-11-25T20:30:00.000Z,Iowa,Nebraska,40,10,False,2016_PROVISIONAL_FBS_VS_FBS,v1.72_2016_bounded_lineage_plus_v0.22_schedule
2016,400869418,2016-11-25T21:00:00.000Z,Southern Miss,Louisiana Tech,39,24,False,2016_PROVISIONAL_FBS_VS_FBS,v1.72_2016_bounded_lineage_plus_v0.22_schedule
2016,400869340,2016-11-25T22:00:00.000Z,Western Michigan,Toledo,55,35,False,2016_PROVISIONAL_FBS_VS_FBS,v1.72_2016_bounded_lineage_plus_v0.22_schedule
2016,400868885,2016-11-25T23:00:00.000Z,Texas Tech,Baylor,54,35,True,2016_PROVISIONAL_FBS_VS_FBS,v1.72_2016_bounded_lineage_plus_v0.22_schedule
2016,400869567,2016-11-26T01:30:00.000Z,Tulsa,Cincinnati,40,37,False,2016_PROVISIONAL_FBS_VS_FBS,v1.72_2016_bounded_lineage_plus_v0.22_schedule
2016,400869167,2016-11-26T02:30:00.000Z,Arizona,Arizona State,56,35,False,2016_PROVISIONAL_FBS_VS_FBS,v1.72_2016_bounded_lineage_plus_v0.22_schedule
2016,400869070,2016-11-26T17:00:00.000Z,Georgia,Georgia Tech,27,28,False,2016_PROVISIONAL_FBS_VS_FBS,v1.72_2016_bounded_lineage_plus_v0.22_schedule
2016,400869071,2016-11-26T17:00:00.000Z,Louisville,Kentucky,38,41,False,2016_PROVISIONAL_FBS_VS_FBS,v1.72_2016_bounded_lineage_plus_v0.22_schedule
2016,400869501,2016-11-26T17:00:00.000Z,Virginia Tech,Virginia,52,10,False,2016_PROVISIONAL_FBS_VS_FBS,v1.72_2016_bounded_lineage_plus_v0.22_schedule
2016,400869569,2016-11-26T17:00:00.000Z,South Florida,UCF,48,31,False,2016_PROVISIONAL_FBS_VS_FBS,v1.72_2016_bounded_lineage_plus_v0.22_schedule
2016,400869604,2016-11-26T17:00:00.000Z,Kansas State,Kansas,34,19,False,2016_PROVISIONAL_FBS_VS_FBS,v1.72_2016_bounded_lineage_plus_v0.22_schedule
2016,400869642,2016-11-26T17:00:00.000Z,Maryland,Rutgers,31,13,False,2016_PROVISIONAL_FBS_VS_FBS,v1.72_2016_bounded_lineage_plus_v0.22_schedule
2016,400869650,2016-11-26T17:00:00.000Z,Ohio State,Michigan,30,27,False,2016_PROVISIONAL_FBS_VS_FBS,v1.72_2016_bounded_lineage_plus_v0.22_schedule
2016,400869700,2016-11-26T17:00:00.000Z,Indiana,Purdue,26,24,False,2016_PROVISIONAL_FBS_VS_FBS,v1.72_2016_bounded_lineage_plus_v0.22_schedule
2016,400869701,2016-11-26T17:00:00.000Z,Northwestern,Illinois,42,21,False,2016_PROVISIONAL_FBS_VS_FBS,v1.72_2016_bounded_lineage_plus_v0.22_schedule
2016,400869852,2016-11-26T17:00:00.000Z,Louisiana,Arkansas State,24,19,False,2016_PROVISIONAL_FBS_VS_FBS,v1.72_2016_bounded_lineage_plus_v0.22_schedule
2016,400869500,2016-11-26T17:30:00.000Z,Pittsburgh,Syracuse,76,61,False,2016_PROVISIONAL_FBS_VS_FBS,v1.72_2016_bounded_lineage_plus_v0.22_schedule
2016,400869498,2016-11-26T20:00:00.000Z,Wake Forest,Boston College,14,17,False,2016_PROVISIONAL_FBS_VS_FBS,v1.72_2016_bounded_lineage_plus_v0.22_schedule
2016,400868956,2016-11-26T20:30:00.000Z,USC,Notre Dame,45,27,False,2016_PROVISIONAL_FBS_VS_FBS,v1.72_2016_bounded_lineage_plus_v0.22_schedule
2016,400869068,2016-11-26T20:30:00.000Z,Alabama,Auburn,30,12,False,2016_PROVISIONAL_FBS_VS_FBS,v1.72_2016_bounded_lineage_plus_v0.22_schedule
2016,400869072,2016-11-26T20:30:00.000Z,Ole Miss,Mississippi State,20,55,False,2016_PROVISIONAL_FBS_VS_FBS,v1.72_2016_bounded_lineage_plus_v0.22_schedule
2016,400869255,2016-11-26T20:30:00.000Z,Fresno State,San José State,14,16,False,2016_PROVISIONAL_FBS_VS_FBS,v1.72_2016_bounded_lineage_plus_v0.22_schedule
2016,400869416,2016-11-26T20:30:00.000Z,Old Dominion,Florida International,42,28,False,2016_PROVISIONAL_FBS_VS_FBS,v1.72_2016_bounded_lineage_plus_v0.22_schedule
2016,400869499,2016-11-26T20:30:00.000Z,Miami,Duke,40,21,False,2016_PROVISIONAL_FBS_VS_FBS,v1.72_2016_bounded_lineage_plus_v0.22_schedule
2016,400869572,2016-11-26T20:30:00.000Z,SMU,Navy,31,75,False,2016_PROVISIONAL_FBS_VS_FBS,v1.72_2016_bounded_lineage_plus_v0.22_schedule
2016,400869596,2016-11-26T20:30:00.000Z,Iowa State,West Virginia,19,49,False,2016_PROVISIONAL_FBS_VS_FBS,v1.72_2016_bounded_lineage_plus_v0.22_schedule
2016,400869702,2016-11-26T20:30:00.000Z,Penn State,Michigan State,45,12,False,2016_PROVISIONAL_FBS_VS_FBS,v1.72_2016_bounded_lineage_plus_v0.22_schedule
2016,400869703,2016-11-26T20:30:00.000Z,Wisconsin,Minnesota,31,17,False,2016_PROVISIONAL_FBS_VS_FBS,v1.72_2016_bounded_lineage_plus_v0.22_schedule
2016,400869853,2016-11-26T20:30:00.000Z,Idaho,South Alabama,38,31,False,2016_PROVISIONAL_FBS_VS_FBS,v1.72_2016_bounded_lineage_plus_v0.22_schedule
2016,400869171,2016-11-26T21:00:00.000Z,Oregon State,Oregon,34,24,False,2016_PROVISIONAL_FBS_VS_FBS,v1.72_2016_bounded_lineage_plus_v0.22_schedule
2016,400869256,2016-11-26T21:00:00.000Z,UNLV,Nevada,10,45,False,2016_PROVISIONAL_FBS_VS_FBS,v1.72_2016_bounded_lineage_plus_v0.22_schedule
2016,400869420,2016-11-26T21:00:00.000Z,UTEP,North Texas,52,24,False,2016_PROVISIONAL_FBS_VS_FBS,v1.72_2016_bounded_lineage_plus_v0.22_schedule
2016,400869570,2016-11-26T21:00:00.000Z,UConn,Tulane,13,38,False,2016_PROVISIONAL_FBS_VS_FBS,v1.72_2016_bounded_lineage_plus_v0.22_schedule
2016,400869851,2016-11-26T21:00:00.000Z,New Mexico State,App State,7,37,False,2016_PROVISIONAL_FBS_VS_FBS,v1.72_2016_bounded_lineage_plus_v0.22_schedule
2016,400869854,2016-11-26T21:00:00.000Z,Texas State,Troy,7,40,False,2016_PROVISIONAL_FBS_VS_FBS,v1.72_2016_bounded_lineage_plus_v0.22_schedule
2016,400869417,2016-11-26T22:30:00.000Z,Middle Tennessee,Florida Atlantic,77,56,False,2016_PROVISIONAL_FBS_VS_FBS,v1.72_2016_bounded_lineage_plus_v0.22_schedule
2016,400869169,2016-11-27T00:00:00.000Z,California,UCLA,36,10,False,2016_PROVISIONAL_FBS_VS_FBS,v1.72_2016_bounded_lineage_plus_v0.22_schedule
2016,400869415,2016-11-27T00:00:00.000Z,UTSA,Charlotte,33,14,False,2016_PROVISIONAL_FBS_VS_FBS,v1.72_2016_bounded_lineage_plus_v0.22_schedule
2016,400869419,2016-11-27T00:00:00.000Z,Marshall,Western Kentucky,6,60,False,2016_PROVISIONAL_FBS_VS_FBS,v1.72_2016_bounded_lineage_plus_v0.22_schedule
2016,400869074,2016-11-27T00:30:00.000Z,Clemson,South Carolina,56,7,False,2016_PROVISIONAL_FBS_VS_FBS,v1.72_2016_bounded_lineage_plus_v0.22_schedule
2016,400869075,2016-11-27T00:30:00.000Z,Vanderbilt,Tennessee,45,34,False,2016_PROVISIONAL_FBS_VS_FBS,v1.72_2016_bounded_lineage_plus_v0.22_schedule
2016,400869170,2016-11-27T00:30:00.000Z,Colorado,Utah,27,22,False,2016_PROVISIONAL_FBS_VS_FBS,v1.72_2016_bounded_lineage_plus_v0.22_schedule
2016,400869571,2016-11-27T00:30:00.000Z,Temple,East Carolina,37,10,False,2016_PROVISIONAL_FBS_VS_FBS,v1.72_2016_bounded_lineage_plus_v0.22_schedule
2016,400869069,2016-11-27T01:00:00.000Z,Florida State,Florida,31,13,False,2016_PROVISIONAL_FBS_VS_FBS,v1.72_2016_bounded_lineage_plus_v0.22_schedule
2016,400869172,2016-11-27T01:00:00.000Z,Stanford,Rice,41,17,False,2016_PROVISIONAL_FBS_VS_FBS,v1.72_2016_bounded_lineage_plus_v0.22_schedule
2016,400869253,2016-11-27T02:00:00.000Z,San Diego State,Colorado State,31,63,False,2016_PROVISIONAL_FBS_VS_FBS,v1.72_2016_bounded_lineage_plus_v0.22_schedule
2016,400868933,2016-11-27T03:15:00.000Z,BYU,Utah State,28,10,False,2016_PROVISIONAL_FBS_VS_FBS,v1.72_2016_bounded_lineage_plus_v0.22_schedule
2016,400869254,2016-11-27T03:15:00.000Z,New Mexico,Wyoming,56,35,False,2016_PROVISIONAL_FBS_VS_FBS,v1.72_2016_bounded_lineage_plus_v0.22_schedule
2016,400868967,2016-11-27T04:00:00.000Z,Hawai'i,Massachusetts,46,40,False,2016_PROVISIONAL_FBS_VS_FBS,v1.72_2016_bounded_lineage_plus_v0.22_schedule
2016,400926941,2016-12-03T00:00:00.000Z,Ohio,Western Michigan,23,29,True,2016_PROVISIONAL_FBS_VS_FBS,v1.72_2016_bounded_lineage_plus_v0.22_schedule
2016,400926942,2016-12-03T02:00:00.000Z,Washington,Colorado,41,10,True,2016_PROVISIONAL_FBS_VS_FBS,v1.72_2016_bounded_lineage_plus_v0.22_schedule
2016,400869611,2016-12-03T17:00:00.000Z,TCU,Kansas State,6,30,False,2016_PROVISIONAL_FBS_VS_FBS,v1.72_2016_bounded_lineage_plus_v0.22_schedule
2016,400869856,2016-12-03T17:00:00.000Z,Georgia Southern,Troy,28,24,False,2016_PROVISIONAL_FBS_VS_FBS,v1.72_2016_bounded_lineage_plus_v0.22_schedule
2016,400926947,2016-12-03T17:00:00.000Z,Navy,Temple,10,34,False,2016_PROVISIONAL_FBS_VS_FBS,v1.72_2016_bounded_lineage_plus_v0.22_schedule
2016,400926948,2016-12-03T17:00:00.000Z,Western Kentucky,Louisiana Tech,58,44,False,2016_PROVISIONAL_FBS_VS_FBS,v1.72_2016_bounded_lineage_plus_v0.22_schedule
2016,400869618,2016-12-03T17:30:00.000Z,Oklahoma,Oklahoma State,38,20,False,2016_PROVISIONAL_FBS_VS_FBS,v1.72_2016_bounded_lineage_plus_v0.22_schedule
2016,400869859,2016-12-03T18:00:00.000Z,South Alabama,New Mexico State,35,28,False,2016_PROVISIONAL_FBS_VS_FBS,v1.72_2016_bounded_lineage_plus_v0.22_schedule
2016,400869858,2016-12-03T20:00:00.000Z,UL Monroe,Louisiana,3,30,False,2016_PROVISIONAL_FBS_VS_FBS,v1.72_2016_bounded_lineage_plus_v0.22_schedule
2016,400868886,2016-12-03T20:30:00.000Z,West Virginia,Baylor,24,21,False,2016_PROVISIONAL_FBS_VS_FBS,v1.72_2016_bounded_lineage_plus_v0.22_schedule
2016,400926943,2016-12-03T21:00:00.000Z,Florida,Alabama,16,54,True,2016_PROVISIONAL_FBS_VS_FBS,v1.72_2016_bounded_lineage_plus_v0.22_schedule
2016,400869857,2016-12-03T22:00:00.000Z,Idaho,Georgia State,37,12,False,2016_PROVISIONAL_FBS_VS_FBS,v1.72_2016_bounded_lineage_plus_v0.22_schedule
2016,400869855,2016-12-04T00:30:00.000Z,Texas State,Arkansas State,14,36,False,2016_PROVISIONAL_FBS_VS_FBS,v1.72_2016_bounded_lineage_plus_v0.22_schedule
2016,400926949,2016-12-04T00:45:00.000Z,Wyoming,San Diego State,24,27,False,2016_PROVISIONAL_FBS_VS_FBS,v1.72_2016_bounded_lineage_plus_v0.22_schedule
2016,400926944,2016-12-04T01:00:00.000Z,Virginia Tech,Clemson,35,42,True,2016_PROVISIONAL_FBS_VS_FBS,v1.72_2016_bounded_lineage_plus_v0.22_schedule
2016,400926946,2016-12-04T01:00:00.000Z,Penn State,Wisconsin,38,31,True,2016_PROVISIONAL_FBS_VS_FBS,v1.72_2016_bounded_lineage_plus_v0.22_schedule
2016,400868921,2016-12-10T20:00:00.000Z,Army,Navy,21,17,True,2016_PROVISIONAL_FBS_VS_FBS,v1.72_2016_bounded_lineage_plus_v0.22_schedule
2017,400935282,2017-08-26T18:30:00.000Z,Colorado State,Oregon State,58,27,False,PRIMARY_REGULAR_PROVISIONAL,v0.22_population_ledger
2017,400938887,2017-08-26T22:00:00.000Z,UMass,Hawaii,35,38,False,PRIMARY_REGULAR_PROVISIONAL,v0.22_population_ledger
2017,400941786,2017-08-26T23:30:00.000Z,San Jose State,South Florida,22,42,False,PRIMARY_REGULAR_PROVISIONAL,v0.22_population_ledger
2017,400935257,2017-08-27T02:00:00.000Z,Rice,Stanford,7,62,True,PRIMARY_REGULAR_PROVISIONAL,v0.22_population_ledger
2017,400938591,2017-08-31T22:00:00.000Z,UCF,FIU,61,17,False,PRIMARY_REGULAR_PROVISIONAL,v0.22_population_ledger
2017,400935230,2017-08-31T23:00:00.000Z,Minnesota,Buffalo,17,7,False,PRIMARY_REGULAR_PROVISIONAL,v0.22_population_ledger
2017,400934493,2017-08-31T23:30:00.000Z,Oklahoma State,Tulsa,59,24,False,PRIMARY_REGULAR_PROVISIONAL,v0.22_population_ledger
2017,400935229,2017-09-01T00:00:00.000Z,Indiana,Ohio State,21,49,False,PRIMARY_REGULAR_PROVISIONAL,v0.22_population_ledger
2017,400941789,2017-09-01T01:20:00.000Z,Memphis,UL Monroe,37,29,False,PRIMARY_REGULAR_PROVISIONAL,v0.22_population_ledger
2017,400935247,2017-09-01T02:30:00.000Z,Arizona State,New Mexico State,37,31,False,PRIMARY_REGULAR_PROVISIONAL,v0.22_population_ledger
2017,400944891,2017-09-01T22:30:00.000Z,Eastern Michigan,Charlotte,24,7,False,PRIMARY_REGULAR_PROVISIONAL,v0.22_population_ledger
2017,400935249,2017-09-02T00:00:00.000Z,Colorado,Colorado State,17,3,True,PRIMARY_REGULAR_PROVISIONAL,v0.22_population_ledger
2017,400935250,2017-09-02T00:00:00.000Z,Rutgers,Washington,14,30,False,PRIMARY_REGULAR_PROVISIONAL,v0.22_population_ledger
2017,400938592,2017-09-02T00:00:00.000Z,Florida Atlantic,Navy,19,42,False,PRIMARY_REGULAR_PROVISIONAL,v0.22_population_ledger
2017,400935231,2017-09-02T01:00:00.000Z,Wisconsin,Utah State,59,10,False,PRIMARY_REGULAR_PROVISIONAL,v0.22_population_ledger
2017,400937446,2017-09-02T01:30:00.000Z,Northern Illinois,Boston College,20,23,False,PRIMARY_REGULAR_PROVISIONAL,v0.22_population_ledger
2017,400934495,2017-09-02T16:00:00.000Z,Texas,Maryland,41,51,False,PRIMARY_REGULAR_PROVISIONAL,v0.22_population_ledger
2017,400935232,2017-09-02T16:00:00.000Z,Illinois,Ball State,24,21,False,PRIMARY_REGULAR_PROVISIONAL,v0.22_population_ledger
2017,400935233,2017-09-02T16:00:00.000Z,Iowa,Wyoming,24,3,False,PRIMARY_REGULAR_PROVISIONAL,v0.22_population_ledger
2017,400935234,2017-09-02T16:00:00.000Z,Michigan State,Bowling Green,35,10,False,PRIMARY_REGULAR_PROVISIONAL,v0.22_population_ledger
2017,400935237,2017-09-02T16:00:00.000Z,Penn State,Akron,52,0,False,PRIMARY_REGULAR_PROVISIONAL,v0.22_population_ledger
2017,400937447,2017-09-02T16:00:00.000Z,Clemson,Kent State,56,3,False,PRIMARY_REGULAR_PROVISIONAL,v0.22_population_ledger
2017,400935256,2017-09-02T16:20:00.000Z,North Carolina,California,30,35,False,PRIMARY_REGULAR_PROVISIONAL,v0.22_population_ledger
2017,400933837,2017-09-02T19:00:00.000Z,South Carolina,NC State,35,28,True,PRIMARY_REGULAR_PROVISIONAL,v0.22_population_ledger
2017,400933830,2017-09-02T19:30:00.000Z,Florida,Michigan,17,33,True,PRIMARY_REGULAR_PROVISIONAL,v0.22_population_ledger
2017,400934492,2017-09-02T19:30:00.000Z,Oklahoma,UTEP,56,7,False,PRIMARY_REGULAR_PROVISIONAL,v0.22_population_ledger
2017,400934573,2017-09-02T19:30:00.000Z,Notre Dame,Temple,49,16,False,PRIMARY_REGULAR_PROVISIONAL,v0.22_population_ledger
2017,400935236,2017-09-02T19:30:00.000Z,Northwestern,Nevada,31,20,False,PRIMARY_REGULAR_PROVISIONAL,v0.22_population_ledger
2017,400944830,2017-09-02T19:45:00.000Z,Boise State,Troy,24,13,False,PRIMARY_REGULAR_PROVISIONAL,v0.22_population_ledger
2017,400933832,2017-09-02T20:00:00.000Z,Southern Miss,Kentucky,17,24,False,PRIMARY_REGULAR_PROVISIONAL,v0.22_population_ledger
2017,400935252,2017-09-02T21:15:00.000Z,USC,Western Michigan,49,31,False,PRIMARY_REGULAR_PROVISIONAL,v0.22_population_ledger
2017,400933831,2017-09-02T22:15:00.000Z,Georgia,Appalachian State,31,10,False,PRIMARY_REGULAR_PROVISIONAL,v0.22_population_ledger
2017,400938594,2017-09-02T22:30:00.000Z,Marshall,Miami (OH),31,26,False,PRIMARY_REGULAR_PROVISIONAL,v0.22_population_ledger
2017,400938888,2017-09-02T23:00:00.000Z,Coastal Carolina,UMass,38,28,False,PRIMARY_REGULAR_PROVISIONAL,v0.22_population_ledger
2017,400933829,2017-09-02T23:30:00.000Z,Auburn,Georgia Southern,41,7,False,PRIMARY_REGULAR_PROVISIONAL,v0.22_population_ledger
2017,400933834,2017-09-02T23:30:00.000Z,Ole Miss,South Alabama,47,27,False,PRIMARY_REGULAR_PROVISIONAL,v0.22_population_ledger
2017,400935238,2017-09-02T23:30:00.000Z,Purdue,Louisville,28,35,True,PRIMARY_REGULAR_PROVISIONAL,v0.22_population_ledger
2017,400933827,2017-09-03T00:00:00.000Z,Alabama,Florida State,24,7,True,PRIMARY_REGULAR_PROVISIONAL,v0.22_population_ledger
2017,400933839,2017-09-03T00:00:00.000Z,Middle Tennessee,Vanderbilt,6,28,False,PRIMARY_REGULAR_PROVISIONAL,v0.22_population_ledger
2017,400935235,2017-09-03T00:00:00.000Z,Nebraska,Arkansas State,43,36,False,PRIMARY_REGULAR_PROVISIONAL,v0.22_population_ledger
2017,400933833,2017-09-03T01:30:00.000Z,LSU,BYU,27,0,True,PRIMARY_REGULAR_PROVISIONAL,v0.22_population_ledger
2017,400933838,2017-09-03T23:30:00.000Z,UCLA,Texas A&M,45,44,False,PRIMARY_REGULAR_PROVISIONAL,v0.22_population_ledger
2017,400934497,2017-09-03T23:30:00.000Z,Virginia Tech,West Virginia,31,24,True,PRIMARY_REGULAR_PROVISIONAL,v0.22_population_ledger
2017,400933840,2017-09-05T00:00:00.000Z,Georgia Tech,Tennessee,41,42,True,PRIMARY_REGULAR_PROVISIONAL,v0.22_population_ledger
2017,400934503,2017-09-09T00:00:00.000Z,South Alabama,Oklahoma State,7,44,False,PRIMARY_REGULAR_PROVISIONAL,v0.22_population_ledger
2017,400935239,2017-09-09T00:00:00.000Z,Purdue,Ohio,44,21,False,PRIMARY_REGULAR_PROVISIONAL,v0.22_population_ledger
2017,400934499,2017-09-09T16:00:00.000Z,Iowa State,Iowa,41,44,False,PRIMARY_REGULAR_PROVISIONAL,v0.22_population_ledger
2017,400934501,2017-09-09T16:00:00.000Z,Kansas State,Charlotte,55,7,False,PRIMARY_REGULAR_PROVISIONAL,v0.22_population_ledger
2017,400934505,2017-09-09T16:00:00.000Z,West Virginia,East Carolina,56,20,False,PRIMARY_REGULAR_PROVISIONAL,v0.22_population_ledger
2017,400934562,2017-09-09T16:00:00.000Z,Army,Buffalo,21,17,False,PRIMARY_REGULAR_PROVISIONAL,v0.22_population_ledger
2017,400935240,2017-09-09T16:00:00.000Z,Duke,Northwestern,41,17,False,PRIMARY_REGULAR_PROVISIONAL,v0.22_population_ledger
2017,400935243,2017-09-09T16:00:00.000Z,Michigan,Cincinnati,36,14,False,PRIMARY_REGULAR_PROVISIONAL,v0.22_population_ledger
2017,400935348,2017-09-09T16:00:00.000Z,Wisconsin,Florida Atlantic,31,14,False,PRIMARY_REGULAR_PROVISIONAL,v0.22_population_ledger
2017,400937456,2017-09-09T16:00:00.000Z,North Carolina,Louisville,35,47,False,PRIMARY_REGULAR_PROVISIONAL,v0.22_population_ledger
2017,400937453,2017-09-09T17:00:00.000Z,Boston College,Wake Forest,10,34,False,PRIMARY_REGULAR_PROVISIONAL,v0.22_population_ledger
2017,400935262,2017-09-09T18:00:00.000Z,Colorado,Texas State,37,3,False,PRIMARY_REGULAR_PROVISIONAL,v0.22_population_ledger
2017,400938605,2017-09-09T19:00:00.000Z,Ball State,UAB,51,31,False,PRIMARY_REGULAR_PROVISIONAL,v0.22_population_ledger
2017,400933841,2017-09-09T19:30:00.000Z,Alabama,Fresno State,41,10,False,PRIMARY_REGULAR_PROVISIONAL,v0.22_population_ledger
2017,400933842,2017-09-09T19:30:00.000Z,Arkansas,TCU,7,28,False,PRIMARY_REGULAR_PROVISIONAL,v0.22_population_ledger
2017,400934504,2017-09-09T19:30:00.000Z,Texas,San Jose State,56,0,False,PRIMARY_REGULAR_PROVISIONAL,v0.22_population_ledger
2017,400935244,2017-09-09T19:30:00.000Z,Michigan State,Western Michigan,28,14,False,PRIMARY_REGULAR_PROVISIONAL,v0.22_population_ledger
2017,400935245,2017-09-09T19:30:00.000Z,Penn State,Pittsburgh,33,14,False,PRIMARY_REGULAR_PROVISIONAL,v0.22_population_ledger
2017,400935246,2017-09-09T19:30:00.000Z,Rutgers,Eastern Michigan,13,16,False,PRIMARY_REGULAR_PROVISIONAL,v0.22_population_ledger
2017,400935347,2017-09-09T19:30:00.000Z,Virginia,Indiana,17,34,False,PRIMARY_REGULAR_PROVISIONAL,v0.22_population_ledger
2017,400937459,2017-09-09T19:30:00.000Z,Syracuse,Middle Tennessee,23,30,False,PRIMARY_REGULAR_PROVISIONAL,v0.22_population_ledger
2017,400938602,2017-09-09T19:30:00.000Z,UMass,Old Dominion,7,17,False,PRIMARY_REGULAR_PROVISIONAL,v0.22_population_ledger
2017,400941794,2017-09-09T19:30:00.000Z,Navy,Tulane,23,21,False,PRIMARY_REGULAR_PROVISIONAL,v0.22_population_ledger
2017,400934500,2017-09-09T20:00:00.000Z,Kansas,Central Michigan,27,45,False,PRIMARY_REGULAR_PROVISIONAL,v0.22_population_ledger
2017,400941798,2017-09-09T20:00:00.000Z,Tulsa,Louisiana,66,42,False,PRIMARY_REGULAR_PROVISIONAL,v0.22_population_ledger
2017,400935264,2017-09-09T20:30:00.000Z,Oregon,Nebraska,42,35,False,PRIMARY_REGULAR_PROVISIONAL,v0.22_population_ledger
2017,400935261,2017-09-09T21:00:00.000Z,UCLA,Hawaii,56,23,False,PRIMARY_REGULAR_PROVISIONAL,v0.22_population_ledger
2017,400937458,2017-09-09T22:00:00.000Z,NC State,Marshall,37,20,False,PRIMARY_REGULAR_PROVISIONAL,v0.22_population_ledger
2017,400933843,2017-09-09T23:00:00.000Z,Clemson,Auburn,14,6,False,PRIMARY_REGULAR_PROVISIONAL,v0.22_population_ledger
2017,400933850,2017-09-09T23:00:00.000Z,Missouri,South Carolina,13,31,False,PRIMARY_REGULAR_PROVISIONAL,v0.22_population_ledger
2017,400938601,2017-09-09T23:00:00.000Z,SMU,North Texas,54,32,False,PRIMARY_REGULAR_PROVISIONAL,v0.22_population_ledger
2017,400944833,2017-09-09T23:00:00.000Z,Idaho,UNLV,16,44,False,PRIMARY_REGULAR_PROVISIONAL,v0.22_population_ledger
2017,400944898,2017-09-09T23:00:00.000Z,Nevada,Toledo,24,37,False,PRIMARY_REGULAR_PROVISIONAL,v0.22_population_ledger
2017,400933845,2017-09-09T23:30:00.000Z,Notre Dame,Georgia,19,20,False,PRIMARY_REGULAR_PROVISIONAL,v0.22_population_ledger
2017,400933849,2017-09-09T23:30:00.000Z,Louisiana Tech,Mississippi State,21,57,False,PRIMARY_REGULAR_PROVISIONAL,v0.22_population_ledger
2017,400934502,2017-09-09T23:30:00.000Z,Ohio State,Oklahoma,16,31,False,PRIMARY_REGULAR_PROVISIONAL,v0.22_population_ledger
2017,400934498,2017-09-10T00:00:00.000Z,Baylor,UTSA,10,17,False,PRIMARY_REGULAR_PROVISIONAL,v0.22_population_ledger
2017,400935241,2017-09-10T00:00:00.000Z,Illinois,Western Kentucky,20,7,False,PRIMARY_REGULAR_PROVISIONAL,v0.22_population_ledger
2017,400938603,2017-09-10T00:00:00.000Z,UTEP,Rice,14,31,False,PRIMARY_REGULAR_PROVISIONAL,v0.22_population_ledger
2017,400944834,2017-09-10T00:00:00.000Z,New Mexico,New Mexico State,28,30,False,PRIMARY_REGULAR_PROVISIONAL,v0.22_population_ledger
2017,400935260,2017-09-10T00:30:00.000Z,USC,Stanford,42,24,False,PRIMARY_REGULAR_PROVISIONAL,v0.22_population_ledger
2017,400935265,2017-09-10T02:00:00.000Z,Oregon State,Minnesota,14,48,False,PRIMARY_REGULAR_PROVISIONAL,v0.22_population_ledger
2017,400935263,2017-09-10T02:15:00.000Z,BYU,Utah,13,19,False,PRIMARY_REGULAR_PROVISIONAL,v0.22_population_ledger
2017,400935258,2017-09-10T02:30:00.000Z,Arizona,Houston,16,19,False,PRIMARY_REGULAR_PROVISIONAL,v0.22_population_ledger
2017,400935267,2017-09-10T02:30:00.000Z,Washington State,Boise State,47,44,False,PRIMARY_REGULAR_PROVISIONAL,v0.22_population_ledger
2017,400935259,2017-09-10T03:00:00.000Z,Arizona State,San Diego State,20,30,False,PRIMARY_REGULAR_PROVISIONAL,v0.22_population_ledger
2017,400945256,2017-09-15T00:00:00.000Z,Boise State,New Mexico,28,14,False,PRIMARY_REGULAR_PROVISIONAL,v0.22_population_ledger
2017,400941799,2017-09-15T23:00:00.000Z,South Florida,Illinois,47,23,False,PRIMARY_REGULAR_PROVISIONAL,v0.22_population_ledger
2017,400941800,2017-09-15T23:00:00.000Z,Temple,UMass,29,21,False,PRIMARY_REGULAR_PROVISIONAL,v0.22_population_ledger
2017,400935269,2017-09-16T02:15:00.000Z,UTEP,Arizona,16,63,False,PRIMARY_REGULAR_PROVISIONAL,v0.22_population_ledger
2017,400933862,2017-09-16T16:00:00.000Z,Texas A&M,Louisiana,45,21,False,PRIMARY_REGULAR_PROVISIONAL,v0.22_population_ledger
2017,400934507,2017-09-16T16:00:00.000Z,Ohio,Kansas,42,30,False,PRIMARY_REGULAR_PROVISIONAL,v0.22_population_ledger
2017,400934509,2017-09-16T16:00:00.000Z,Pittsburgh,Oklahoma State,21,59,False,PRIMARY_REGULAR_PROVISIONAL,v0.22_population_ledger
2017,400934517,2017-09-16T16:00:00.000Z,Akron,Iowa State,14,41,False,PRIMARY_REGULAR_PROVISIONAL,v0.22_population_ledger
2017,400935270,2017-09-16T16:00:00.000Z,Memphis,UCLA,48,45,False,PRIMARY_REGULAR_PROVISIONAL,v0.22_population_ledger
2017,400935352,2017-09-16T16:00:00.000Z,Michigan,Air Force,29,13,False,PRIMARY_REGULAR_PROVISIONAL,v0.22_population_ledger
2017,400935354,2017-09-16T16:00:00.000Z,Nebraska,Northern Illinois,17,21,False,PRIMARY_REGULAR_PROVISIONAL,v0.22_population_ledger
2017,400937467,2017-09-16T16:00:00.000Z,Virginia,UConn,38,18,False,PRIMARY_REGULAR_PROVISIONAL,v0.22_population_ledger
2017,400934506,2017-09-16T16:30:00.000Z,Duke,Baylor,34,20,False,PRIMARY_REGULAR_PROVISIONAL,v0.22_population_ledger
2017,400938612,2017-09-16T17:00:00.000Z,UAB,Coastal Carolina,30,23,False,PRIMARY_REGULAR_PROVISIONAL,v0.22_population_ledger
2017,400937469,2017-09-16T19:00:00.000Z,Wake Forest,Utah State,46,10,False,PRIMARY_REGULAR_PROVISIONAL,v0.22_population_ledger
2017,400933856,2017-09-16T19:30:00.000Z,Florida,Tennessee,26,20,False,PRIMARY_REGULAR_PROVISIONAL,v0.22_population_ledger
2017,400934510,2017-09-16T19:30:00.000Z,TCU,SMU,56,36,False,PRIMARY_REGULAR_PROVISIONAL,v0.22_population_ledger
2017,400934574,2017-09-16T19:30:00.000Z,Boston College,Notre Dame,20,49,False,PRIMARY_REGULAR_PROVISIONAL,v0.22_population_ledger
2017,400935349,2017-09-16T19:30:00.000Z,BYU,Wisconsin,6,40,False,PRIMARY_REGULAR_PROVISIONAL,v0.22_population_ledger
2017,400935351,2017-09-16T19:30:00.000Z,Iowa,North Texas,31,14,False,PRIMARY_REGULAR_PROVISIONAL,v0.22_population_ledger
2017,400935353,2017-09-16T19:30:00.000Z,Minnesota,Middle Tennessee,34,3,False,PRIMARY_REGULAR_PROVISIONAL,v0.22_population_ledger
2017,400937464,2017-09-16T19:30:00.000Z,Old Dominion,North Carolina,23,53,False,PRIMARY_REGULAR_PROVISIONAL,v0.22_population_ledger
2017,400937466,2017-09-16T19:30:00.000Z,Syracuse,Central Michigan,41,17,False,PRIMARY_REGULAR_PROVISIONAL,v0.22_population_ledger
2017,400937468,2017-09-16T19:30:00.000Z,East Carolina,Virginia Tech,17,64,False,PRIMARY_REGULAR_PROVISIONAL,v0.22_population_ledger
2017,400933860,2017-09-16T20:00:00.000Z,Missouri,Purdue,3,35,False,PRIMARY_REGULAR_PROVISIONAL,v0.22_population_ledger
2017,400934563,2017-09-16T20:30:00.000Z,Ohio State,Army,38,7,False,PRIMARY_REGULAR_PROVISIONAL,v0.22_population_ledger
2017,400935274,2017-09-16T21:30:00.000Z,Washington State,Oregon State,52,23,False,PRIMARY_REGULAR_PROVISIONAL,v0.22_population_ledger
2017,400934508,2017-09-16T22:00:00.000Z,Oklahoma,Tulane,56,14,False,PRIMARY_REGULAR_PROVISIONAL,v0.22_population_ledger
2017,400938609,2017-09-16T22:30:00.000Z,Marshall,Kent State,21,0,False,PRIMARY_REGULAR_PROVISIONAL,v0.22_population_ledger
2017,400933854,2017-09-16T23:00:00.000Z,Alabama,Colorado State,41,23,False,PRIMARY_REGULAR_PROVISIONAL,v0.22_population_ledger
2017,400933859,2017-09-16T23:00:00.000Z,Mississippi State,LSU,37,7,False,PRIMARY_REGULAR_PROVISIONAL,v0.22_population_ledger
2017,400935273,2017-09-16T23:00:00.000Z,Wyoming,Oregon,13,49,False,PRIMARY_REGULAR_PROVISIONAL,v0.22_population_ledger
2017,400938608,2017-09-16T23:00:00.000Z,Western Kentucky,Louisiana Tech,22,23,False,PRIMARY_REGULAR_PROVISIONAL,v0.22_population_ledger
2017,400938611,2017-09-16T23:00:00.000Z,UL Monroe,Southern Miss,17,28,False,PRIMARY_REGULAR_PROVISIONAL,v0.22_population_ledger
2017,400941802,2017-09-16T23:00:00.000Z,Toledo,Tulsa,54,51,False,PRIMARY_REGULAR_PROVISIONAL,v0.22_population_ledger
2017,400944836,2017-09-16T23:00:00.000Z,Texas State,Appalachian State,13,20,False,PRIMARY_REGULAR_PROVISIONAL,v0.22_population_ledger
2017,400944839,2017-09-16T23:00:00.000Z,Western Michigan,Idaho,37,28,False,PRIMARY_REGULAR_PROVISIONAL,v0.22_population_ledger
2017,400933861,2017-09-16T23:30:00.000Z,South Carolina,Kentucky,13,23,False,PRIMARY_REGULAR_PROVISIONAL,v0.22_population_ledger
2017,400933863,2017-09-16T23:30:00.000Z,Vanderbilt,Kansas State,14,7,False,PRIMARY_REGULAR_PROVISIONAL,v0.22_population_ledger
2017,400935355,2017-09-16T23:30:00.000Z,Northwestern,Bowling Green,49,7,False,PRIMARY_REGULAR_PROVISIONAL,v0.22_population_ledger
2017,400935356,2017-09-16T23:30:00.000Z,Penn State,Georgia State,56,0,False,PRIMARY_REGULAR_PROVISIONAL,v0.22_population_ledger
2017,400934512,2017-09-17T00:00:00.000Z,Texas Tech,Arizona State,52,45,False,PRIMARY_REGULAR_PROVISIONAL,v0.22_population_ledger
2017,400937461,2017-09-17T00:00:00.000Z,Louisville,Clemson,21,47,False,PRIMARY_REGULAR_PROVISIONAL,v0.22_population_ledger
2017,400938610,2017-09-17T00:00:00.000Z,Houston,Rice,38,3,False,PRIMARY_REGULAR_PROVISIONAL,v0.22_population_ledger
2017,400941801,2017-09-17T00:00:00.000Z,Miami (OH),Cincinnati,17,21,False,PRIMARY_REGULAR_PROVISIONAL,v0.22_population_ledger
2017,400944837,2017-09-17T00:00:00.000Z,New Mexico State,Troy,24,27,False,PRIMARY_REGULAR_PROVISIONAL,v0.22_population_ledger
2017,400934511,2017-09-17T00:30:00.000Z,USC,Texas,27,24,False,PRIMARY_REGULAR_PROVISIONAL,v0.22_population_ledger
2017,400935275,2017-09-17T01:30:00.000Z,Washington,Fresno State,48,16,False,PRIMARY_REGULAR_PROVISIONAL,v0.22_population_ledger
2017,400935272,2017-09-17T02:00:00.000Z,Utah,San Jose State,54,16,False,PRIMARY_REGULAR_PROVISIONAL,v0.22_population_ledger
2017,400933858,2017-09-17T02:30:00.000Z,California,Ole Miss,27,16,False,PRIMARY_REGULAR_PROVISIONAL,v0.22_population_ledger
2017,400935276,2017-09-17T02:30:00.000Z,San Diego State,Stanford,20,17,False,PRIMARY_REGULAR_PROVISIONAL,v0.22_population_ledger
2017,400941803,2017-09-21T23:30:00.000Z,South Florida,Temple,43,7,False,PRIMARY_REGULAR_PROVISIONAL,v0.22_population_ledger
2017,400945258,2017-09-23T00:00:00.000Z,Boise State,Virginia,23,42,False,PRIMARY_REGULAR_PROVISIONAL,v0.22_population_ledger
2017,400935277,2017-09-23T02:30:00.000Z,Arizona,Utah,24,30,False,PRIMARY_REGULAR_PROVISIONAL,v0.22_population_ledger
2017,400933864,2017-09-23T16:00:00.000Z,Arkansas,Texas A&M,43,50,True,PRIMARY_REGULAR_PROVISIONAL,v0.22_population_ledger
2017,400933870,2017-09-23T16:00:00.000Z,Tennessee,UMass,17,13,False,PRIMARY_REGULAR_PROVISIONAL,v0.22_population_ledger
2017,400934514,2017-09-23T16:00:00.000Z,Kansas,West Virginia,34,56,False,PRIMARY_REGULAR_PROVISIONAL,v0.22_population_ledger
2017,400934518,2017-09-23T16:00:00.000Z,Houston,Texas Tech,24,27,False,PRIMARY_REGULAR_PROVISIONAL,v0.22_population_ledger
2017,400934561,2017-09-23T16:00:00.000Z,Tulane,Army,21,17,False,PRIMARY_REGULAR_PROVISIONAL,v0.22_population_ledger
2017,400935363,2017-09-23T16:00:00.000Z,Ohio State,UNLV,54,21,False,PRIMARY_REGULAR_PROVISIONAL,v0.22_population_ledger
2017,400937472,2017-09-23T16:00:00.000Z,Florida State,NC State,21,27,False,PRIMARY_REGULAR_PROVISIONAL,v0.22_population_ledger
2017,400937474,2017-09-23T16:00:00.000Z,Louisville,Kent State,42,3,False,PRIMARY_REGULAR_PROVISIONAL,v0.22_population_ledger
2017,400937473,2017-09-23T16:20:00.000Z,Georgia Tech,Pittsburgh,35,17,False,PRIMARY_REGULAR_PROVISIONAL,v0.22_population_ledger
2017,400941807,2017-09-23T17:30:00.000Z,Tulsa,New Mexico,13,16,False,PRIMARY_REGULAR_PROVISIONAL,v0.22_population_ledger
2017,400937477,2017-09-23T18:00:00.000Z,Virginia Tech,Old Dominion,38,0,False,PRIMARY_REGULAR_PROVISIONAL,v0.22_population_ledger
2017,400944841,2017-09-23T18:00:00.000Z,South Alabama,Idaho,23,29,False,PRIMARY_REGULAR_PROVISIONAL,v0.22_population_ledger
2017,400944902,2017-09-23T18:00:00.000Z,Eastern Michigan,Ohio,20,27,False,PRIMARY_REGULAR_PROVISIONAL,v0.22_population_ledger
2017,400935361,2017-09-23T19:00:00.000Z,Maryland,UCF,10,38,False,PRIMARY_REGULAR_PROVISIONAL,v0.22_population_ledger
2017,400933869,2017-09-23T19:30:00.000Z,South Carolina,Louisiana Tech,17,16,False,PRIMARY_REGULAR_PROVISIONAL,v0.22_population_ledger
2017,400933871,2017-09-23T19:30:00.000Z,Vanderbilt,Alabama,0,59,False,PRIMARY_REGULAR_PROVISIONAL,v0.22_population_ledger
2017,400934516,2017-09-23T19:30:00.000Z,Oklahoma State,TCU,31,44,False,PRIMARY_REGULAR_PROVISIONAL,v0.22_population_ledger
2017,400935279,2017-09-23T19:30:00.000Z,California,USC,20,30,False,PRIMARY_REGULAR_PROVISIONAL,v0.22_population_ledger
2017,400935359,2017-09-23T19:30:00.000Z,Indiana,Georgia Southern,52,17,False,PRIMARY_REGULAR_PROVISIONAL,v0.22_population_ledger
2017,400935362,2017-09-23T19:30:00.000Z,Nebraska,Rutgers,27,17,False,PRIMARY_REGULAR_PROVISIONAL,v0.22_population_ledger
2017,400937470,2017-09-23T19:30:00.000Z,Clemson,Boston College,34,7,False,PRIMARY_REGULAR_PROVISIONAL,v0.22_population_ledger
2017,400937471,2017-09-23T19:30:00.000Z,North Carolina,Duke,17,27,False,PRIMARY_REGULAR_PROVISIONAL,v0.22_population_ledger
2017,400937475,2017-09-23T19:30:00.000Z,Miami (FL),Toledo,52,30,False,PRIMARY_REGULAR_PROVISIONAL,v0.22_population_ledger
2017,400937478,2017-09-23T19:30:00.000Z,Appalachian State,Wake Forest,19,20,False,PRIMARY_REGULAR_PROVISIONAL,v0.22_population_ledger
2017,400941804,2017-09-23T19:30:00.000Z,Navy,Cincinnati,42,32,False,PRIMARY_REGULAR_PROVISIONAL,v0.22_population_ledger
2017,400944901,2017-09-23T19:30:00.000Z,Central Michigan,Miami (OH),14,31,False,PRIMARY_REGULAR_PROVISIONAL,v0.22_population_ledger
2017,400935364,2017-09-23T20:00:00.000Z,Purdue,Michigan,10,28,False,PRIMARY_REGULAR_PROVISIONAL,v0.22_population_ledger
2017,400944842,2017-09-23T21:00:00.000Z,Louisiana,UL Monroe,50,56,False,PRIMARY_REGULAR_PROVISIONAL,v0.22_population_ledger
2017,400935283,2017-09-23T22:00:00.000Z,Washington State,Nevada,45,7,False,PRIMARY_REGULAR_PROVISIONAL,v0.22_population_ledger
2017,400938614,2017-09-23T22:00:00.000Z,Charlotte,Georgia State,0,28,False,PRIMARY_REGULAR_PROVISIONAL,v0.22_population_ledger
2017,400944818,2017-09-23T22:00:00.000Z,Troy,Akron,22,17,False,PRIMARY_REGULAR_PROVISIONAL,v0.22_population_ledger
2017,400934515,2017-09-23T22:30:00.000Z,Baylor,Oklahoma,41,49,False,PRIMARY_REGULAR_PROVISIONAL,v0.22_population_ledger
2017,400938618,2017-09-23T22:30:00.000Z,North Texas,UAB,46,43,False,PRIMARY_REGULAR_PROVISIONAL,v0.22_population_ledger
2017,400933865,2017-09-23T23:00:00.000Z,Georgia,Mississippi State,31,3,False,PRIMARY_REGULAR_PROVISIONAL,v0.22_population_ledger
2017,400933867,2017-09-23T23:00:00.000Z,LSU,Syracuse,35,26,False,PRIMARY_REGULAR_PROVISIONAL,v0.22_population_ledger
2017,400938616,2017-09-23T23:00:00.000Z,Buffalo,Florida Atlantic,34,31,False,PRIMARY_REGULAR_PROVISIONAL,v0.22_population_ledger
2017,400938617,2017-09-23T23:00:00.000Z,Middle Tennessee,Bowling Green,24,13,False,PRIMARY_REGULAR_PROVISIONAL,v0.22_population_ledger
2017,400938621,2017-09-23T23:00:00.000Z,Western Kentucky,Ball State,33,21,False,PRIMARY_REGULAR_PROVISIONAL,v0.22_population_ledger
2017,400941806,2017-09-23T23:00:00.000Z,SMU,Arkansas State,44,21,False,PRIMARY_REGULAR_PROVISIONAL,v0.22_population_ledger
2017,400945259,2017-09-23T23:00:00.000Z,Air Force,San Diego State,24,28,False,PRIMARY_REGULAR_PROVISIONAL,v0.22_population_ledger
2017,400933866,2017-09-23T23:30:00.000Z,Kentucky,Florida,27,28,False,PRIMARY_REGULAR_PROVISIONAL,v0.22_population_ledger
2017,400933868,2017-09-23T23:30:00.000Z,Missouri,Auburn,14,51,False,PRIMARY_REGULAR_PROVISIONAL,v0.22_population_ledger
2017,400935360,2017-09-23T23:30:00.000Z,Iowa,Penn State,19,21,False,PRIMARY_REGULAR_PROVISIONAL,v0.22_population_ledger
2017,400938615,2017-09-23T23:30:00.000Z,Rice,FIU,7,13,False,PRIMARY_REGULAR_PROVISIONAL,v0.22_population_ledger
2017,400938620,2017-09-23T23:30:00.000Z,Texas State,UTSA,14,44,False,PRIMARY_REGULAR_PROVISIONAL,v0.22_population_ledger
2017,400945260,2017-09-23T23:30:00.000Z,San Jose State,Utah State,10,61,False,PRIMARY_REGULAR_PROVISIONAL,v0.22_population_ledger
2017,400934575,2017-09-24T00:00:00.000Z,Michigan State,Notre Dame,18,38,False,PRIMARY_REGULAR_PROVISIONAL,v0.22_population_ledger
2017,400938619,2017-09-24T00:00:00.000Z,New Mexico State,UTEP,41,14,False,PRIMARY_REGULAR_PROVISIONAL,v0.22_population_ledger
2017,400935278,2017-09-24T02:00:00.000Z,Arizona State,Oregon,37,35,False,PRIMARY_REGULAR_PROVISIONAL,v0.22_population_ledger
2017,400935281,2017-09-24T02:00:00.000Z,Colorado,Washington,10,37,False,PRIMARY_REGULAR_PROVISIONAL,v0.22_population_ledger
2017,400945261,2017-09-24T02:15:00.000Z,Wyoming,Hawaii,28,21,False,PRIMARY_REGULAR_PROVISIONAL,v0.22_population_ledger
2017,400935280,2017-09-24T02:30:00.000Z,Stanford,UCLA,58,34,False,PRIMARY_REGULAR_PROVISIONAL,v0.22_population_ledger
2017,400941838,2017-09-24T16:00:00.000Z,UConn,East Carolina,38,41,False,PRIMARY_REGULAR_PROVISIONAL,v0.22_population_ledger
2017,400934521,2017-09-29T00:00:00.000Z,Iowa State,Texas,7,17,False,PRIMARY_REGULAR_PROVISIONAL,v0.22_population_ledger
2017,400937479,2017-09-29T23:00:00.000Z,Duke,Miami (FL),6,31,False,PRIMARY_REGULAR_PROVISIONAL,v0.22_population_ledger
2017,400935365,2017-09-30T00:00:00.000Z,Illinois,Nebraska,6,28,False,PRIMARY_REGULAR_PROVISIONAL,v0.22_population_ledger
2017,400945262,2017-09-30T00:00:00.000Z,Utah State,BYU,40,24,False,PRIMARY_REGULAR_PROVISIONAL,v0.22_population_ledger
2017,400935284,2017-09-30T02:30:00.000Z,Washington State,USC,30,27,False,PRIMARY_REGULAR_PROVISIONAL,v0.22_population_ledger
2017,400933873,2017-09-30T16:00:00.000Z,Arkansas,New Mexico State,42,24,False,PRIMARY_REGULAR_PROVISIONAL,v0.22_population_ledger
2017,400933875,2017-09-30T16:00:00.000Z,Florida,Vanderbilt,38,24,False,PRIMARY_REGULAR_PROVISIONAL,v0.22_population_ledger
2017,400935367,2017-09-30T16:00:00.000Z,Minnesota,Maryland,24,31,False,PRIMARY_REGULAR_PROVISIONAL,v0.22_population_ledger
2017,400935370,2017-09-30T16:00:00.000Z,Wisconsin,Northwestern,33,24,False,PRIMARY_REGULAR_PROVISIONAL,v0.22_population_ledger
2017,400937483,2017-09-30T16:00:00.000Z,Georgia Tech,North Carolina,33,7,False,PRIMARY_REGULAR_PROVISIONAL,v0.22_population_ledger
2017,400937486,2017-09-30T16:00:00.000Z,Pittsburgh,Rice,42,10,False,PRIMARY_REGULAR_PROVISIONAL,v0.22_population_ledger
2017,400941810,2017-09-30T16:00:00.000Z,East Carolina,South Florida,31,61,False,PRIMARY_REGULAR_PROVISIONAL,v0.22_population_ledger
2017,400941811,2017-09-30T16:00:00.000Z,Temple,Houston,13,20,False,PRIMARY_REGULAR_PROVISIONAL,v0.22_population_ledger
2017,400937485,2017-09-30T16:20:00.000Z,NC State,Syracuse,33,25,False,PRIMARY_REGULAR_PROVISIONAL,v0.22_population_ledger
2017,400937480,2017-09-30T17:00:00.000Z,Boston College,Central Michigan,28,8,False,PRIMARY_REGULAR_PROVISIONAL,v0.22_population_ledger
2017,400933878,2017-09-30T19:30:00.000Z,Tennessee,Georgia,0,41,False,PRIMARY_REGULAR_PROVISIONAL,v0.22_population_ledger
2017,400934519,2017-09-30T19:30:00.000Z,Kansas State,Baylor,33,20,False,PRIMARY_REGULAR_PROVISIONAL,v0.22_population_ledger
2017,400934566,2017-09-30T19:30:00.000Z,Army,UTEP,35,21,False,PRIMARY_REGULAR_PROVISIONAL,v0.22_population_ledger
2017,400935368,2017-09-30T19:30:00.000Z,Penn State,Indiana,45,14,False,PRIMARY_REGULAR_PROVISIONAL,v0.22_population_ledger
2017,400937482,2017-09-30T19:30:00.000Z,Wake Forest,Florida State,19,26,False,PRIMARY_REGULAR_PROVISIONAL,v0.22_population_ledger
2017,400938890,2017-09-30T19:30:00.000Z,UMass,Ohio,50,58,False,PRIMARY_REGULAR_PROVISIONAL,v0.22_population_ledger
2017,400941813,2017-09-30T19:30:00.000Z,Tulsa,Navy,21,31,False,PRIMARY_REGULAR_PROVISIONAL,v0.22_population_ledger
2017,400944986,2017-09-30T19:30:00.000Z,Kent State,Buffalo,13,27,False,PRIMARY_REGULAR_PROVISIONAL,v0.22_population_ledger
2017,400933876,2017-09-30T20:00:00.000Z,Kentucky,Eastern Michigan,24,20,False,PRIMARY_REGULAR_PROVISIONAL,v0.22_population_ledger
2017,400935285,2017-09-30T20:00:00.000Z,Stanford,Arizona State,34,24,False,PRIMARY_REGULAR_PROVISIONAL,v0.22_population_ledger
2017,400935366,2017-09-30T20:00:00.000Z,Michigan State,Iowa,17,10,False,PRIMARY_REGULAR_PROVISIONAL,v0.22_population_ledger
2017,400941809,2017-09-30T20:00:00.000Z,SMU,UConn,49,28,False,PRIMARY_REGULAR_PROVISIONAL,v0.22_population_ledger
2017,400944845,2017-09-30T20:00:00.000Z,Wyoming,Texas State,45,10,False,PRIMARY_REGULAR_PROVISIONAL,v0.22_population_ledger
2017,400934576,2017-09-30T21:00:00.000Z,Notre Dame,Miami (OH),52,17,False,PRIMARY_REGULAR_PROVISIONAL,v0.22_population_ledger
2017,400933874,2017-09-30T22:00:00.000Z,Auburn,Mississippi State,49,10,False,PRIMARY_REGULAR_PROVISIONAL,v0.22_population_ledger
2017,400944904,2017-09-30T22:00:00.000Z,Bowling Green,Akron,23,34,False,PRIMARY_REGULAR_PROVISIONAL,v0.22_population_ledger
2017,400933877,2017-09-30T23:00:00.000Z,LSU,Troy,21,24,False,PRIMARY_REGULAR_PROVISIONAL,v0.22_population_ledger
2017,400938622,2017-09-30T23:00:00.000Z,FIU,Charlotte,30,29,False,PRIMARY_REGULAR_PROVISIONAL,v0.22_population_ledger
2017,400938623,2017-09-30T23:00:00.000Z,Florida Atlantic,Middle Tennessee,38,20,False,PRIMARY_REGULAR_PROVISIONAL,v0.22_population_ledger
2017,400938624,2017-09-30T23:00:00.000Z,Louisiana Tech,South Alabama,34,16,False,PRIMARY_REGULAR_PROVISIONAL,v0.22_population_ledger
2017,400938625,2017-09-30T23:00:00.000Z,Cincinnati,Marshall,21,38,False,PRIMARY_REGULAR_PROVISIONAL,v0.22_population_ledger
2017,400938626,2017-09-30T23:00:00.000Z,Southern Miss,North Texas,28,43,False,PRIMARY_REGULAR_PROVISIONAL,v0.22_population_ledger
2017,400944844,2017-09-30T23:00:00.000Z,UL Monroe,Coastal Carolina,51,43,False,PRIMARY_REGULAR_PROVISIONAL,v0.22_population_ledger
2017,400944905,2017-09-30T23:00:00.000Z,Western Michigan,Ball State,55,3,False,PRIMARY_REGULAR_PROVISIONAL,v0.22_population_ledger
2017,400945263,2017-09-30T23:00:00.000Z,New Mexico,Air Force,56,38,False,PRIMARY_REGULAR_PROVISIONAL,v0.22_population_ledger
2017,400985406,2017-09-30T23:00:00.000Z,UCF,Memphis,40,13,False,PRIMARY_REGULAR_PROVISIONAL,v0.22_population_ledger
2017,400933879,2017-09-30T23:30:00.000Z,Texas A&M,South Carolina,24,17,False,PRIMARY_REGULAR_PROVISIONAL,v0.22_population_ledger
2017,400935369,2017-09-30T23:30:00.000Z,Rutgers,Ohio State,0,56,False,PRIMARY_REGULAR_PROVISIONAL,v0.22_population_ledger
2017,400934520,2017-10-01T00:00:00.000Z,Texas Tech,Oklahoma State,34,41,False,PRIMARY_REGULAR_PROVISIONAL,v0.22_population_ledger
2017,400935288,2017-10-01T00:00:00.000Z,Oregon State,Washington,7,42,False,PRIMARY_REGULAR_PROVISIONAL,v0.22_population_ledger
2017,400937481,2017-10-01T00:00:00.000Z,Virginia Tech,Clemson,17,31,False,PRIMARY_REGULAR_PROVISIONAL,v0.22_population_ledger
2017,400933872,2017-10-01T01:00:00.000Z,Alabama,Ole Miss,66,3,False,PRIMARY_REGULAR_PROVISIONAL,v0.22_population_ledger
2017,400945265,2017-10-01T02:00:00.000Z,Fresno State,Nevada,41,21,False,PRIMARY_REGULAR_PROVISIONAL,v0.22_population_ledger
2017,400935286,2017-10-01T02:30:00.000Z,UCLA,Colorado,27,23,False,PRIMARY_REGULAR_PROVISIONAL,v0.22_population_ledger
2017,400935287,2017-10-01T02:30:00.000Z,Oregon,California,45,24,False,PRIMARY_REGULAR_PROVISIONAL,v0.22_population_ledger
2017,400944987,2017-10-01T02:30:00.000Z,San Diego State,Northern Illinois,34,28,False,PRIMARY_REGULAR_PROVISIONAL,v0.22_population_ledger
2017,400945266,2017-10-01T02:30:00.000Z,UNLV,San Jose State,41,13,False,PRIMARY_REGULAR_PROVISIONAL,v0.22_population_ledger
2017,400945264,2017-10-01T03:59:00.000Z,Hawaii,Colorado State,21,51,False,PRIMARY_REGULAR_PROVISIONAL,v0.22_population_ledger
2017,400944846,2017-10-05T00:00:00.000Z,Georgia Southern,Arkansas State,25,43,False,PRIMARY_REGULAR_PROVISIONAL,v0.22_population_ledger
2017,400937487,2017-10-06T00:00:00.000Z,NC State,Louisville,39,25,False,PRIMARY_REGULAR_PROVISIONAL,v0.22_population_ledger
2017,400941814,2017-10-06T23:00:00.000Z,UConn,Memphis,31,70,False,PRIMARY_REGULAR_PROVISIONAL,v0.22_population_ledger
2017,400945267,2017-10-07T02:15:00.000Z,BYU,Boise State,7,24,False,PRIMARY_REGULAR_PROVISIONAL,v0.22_population_ledger
2017,400941819,2017-10-07T15:00:00.000Z,Tulane,Tulsa,62,28,False,PRIMARY_REGULAR_PROVISIONAL,v0.22_population_ledger
2017,400933880,2017-10-07T16:00:00.000Z,Auburn,Ole Miss,44,23,False,PRIMARY_REGULAR_PROVISIONAL,v0.22_population_ledger
2017,400933885,2017-10-07T16:00:00.000Z,Vanderbilt,Georgia,14,45,False,PRIMARY_REGULAR_PROVISIONAL,v0.22_population_ledger
2017,400934523,2017-10-07T16:00:00.000Z,Oklahoma,Iowa State,31,38,False,PRIMARY_REGULAR_PROVISIONAL,v0.22_population_ledger
2017,400934525,2017-10-07T16:00:00.000Z,Kansas,Texas Tech,19,65,False,PRIMARY_REGULAR_PROVISIONAL,v0.22_population_ledger
2017,400935371,2017-10-07T16:00:00.000Z,Iowa,Illinois,45,16,False,PRIMARY_REGULAR_PROVISIONAL,v0.22_population_ledger
2017,400935374,2017-10-07T16:00:00.000Z,Northwestern,Penn State,7,31,False,PRIMARY_REGULAR_PROVISIONAL,v0.22_population_ledger
2017,400937489,2017-10-07T16:00:00.000Z,Clemson,Wake Forest,28,14,False,PRIMARY_REGULAR_PROVISIONAL,v0.22_population_ledger
2017,400941817,2017-10-07T16:00:00.000Z,East Carolina,Temple,10,34,False,PRIMARY_REGULAR_PROVISIONAL,v0.22_population_ledger
2017,400944991,2017-10-07T16:00:00.000Z,Toledo,Eastern Michigan,20,15,False,PRIMARY_REGULAR_PROVISIONAL,v0.22_population_ledger
2017,400937490,2017-10-07T16:20:00.000Z,Virginia,Duke,28,21,False,PRIMARY_REGULAR_PROVISIONAL,v0.22_population_ledger
2017,400937491,2017-10-07T16:30:00.000Z,Syracuse,Pittsburgh,27,24,False,PRIMARY_REGULAR_PROVISIONAL,v0.22_population_ledger
2017,400944990,2017-10-07T18:00:00.000Z,Ohio,Central Michigan,23,26,False,PRIMARY_REGULAR_PROVISIONAL,v0.22_population_ledger
2017,400944989,2017-10-07T18:30:00.000Z,Miami (OH),Bowling Green,29,37,False,PRIMARY_REGULAR_PROVISIONAL,v0.22_population_ledger
2017,400938628,2017-10-07T19:00:00.000Z,Middle Tennessee,FIU,37,17,False,PRIMARY_REGULAR_PROVISIONAL,v0.22_population_ledger
2017,400944849,2017-10-07T19:00:00.000Z,Texas State,UL Monroe,27,45,False,PRIMARY_REGULAR_PROVISIONAL,v0.22_population_ledger
2017,400933882,2017-10-07T19:30:00.000Z,Florida,LSU,16,17,False,PRIMARY_REGULAR_PROVISIONAL,v0.22_population_ledger
2017,400934522,2017-10-07T19:30:00.000Z,TCU,West Virginia,31,24,False,PRIMARY_REGULAR_PROVISIONAL,v0.22_population_ledger
2017,400934577,2017-10-07T19:30:00.000Z,North Carolina,Notre Dame,10,33,False,PRIMARY_REGULAR_PROVISIONAL,v0.22_population_ledger
2017,400935376,2017-10-07T19:30:00.000Z,Purdue,Minnesota,31,17,False,PRIMARY_REGULAR_PROVISIONAL,v0.22_population_ledger
2017,400941815,2017-10-07T19:30:00.000Z,Navy,Air Force,48,45,False,PRIMARY_REGULAR_PROVISIONAL,v0.22_population_ledger
2017,400944850,2017-10-07T19:30:00.000Z,Appalachian State,New Mexico State,45,31,False,PRIMARY_REGULAR_PROVISIONAL,v0.22_population_ledger
2017,400944988,2017-10-07T19:30:00.000Z,Akron,Ball State,31,3,False,PRIMARY_REGULAR_PROVISIONAL,v0.22_population_ledger
2017,400944992,2017-10-07T19:30:00.000Z,Northern Illinois,Kent State,24,3,False,PRIMARY_REGULAR_PROVISIONAL,v0.22_population_ledger
2017,400944993,2017-10-07T19:30:00.000Z,Buffalo,Western Michigan,68,71,False,PRIMARY_REGULAR_PROVISIONAL,v0.22_population_ledger
2017,400981507,2017-10-07T19:30:00.000Z,Florida State,Miami (FL),20,24,False,PRIMARY_REGULAR_PROVISIONAL,v0.22_population_ledger
2017,400933883,2017-10-07T20:00:00.000Z,South Carolina,Arkansas,48,22,False,PRIMARY_REGULAR_PROVISIONAL,v0.22_population_ledger
2017,400935290,2017-10-07T20:00:00.000Z,USC,Oregon State,38,10,False,PRIMARY_REGULAR_PROVISIONAL,v0.22_population_ledger
2017,400935375,2017-10-07T20:00:00.000Z,Ohio State,Maryland,62,14,False,PRIMARY_REGULAR_PROVISIONAL,v0.22_population_ledger
2017,400938630,2017-10-07T20:00:00.000Z,UAB,Louisiana Tech,23,22,False,PRIMARY_REGULAR_PROVISIONAL,v0.22_population_ledger
2017,400945268,2017-10-07T20:30:00.000Z,Utah State,Colorado State,14,27,False,PRIMARY_REGULAR_PROVISIONAL,v0.22_population_ledger
2017,400944848,2017-10-07T21:00:00.000Z,Idaho,Louisiana,16,21,False,PRIMARY_REGULAR_PROVISIONAL,v0.22_population_ledger
2017,400938627,2017-10-07T22:00:00.000Z,Charlotte,Marshall,3,14,False,PRIMARY_REGULAR_PROVISIONAL,v0.22_population_ledger
2017,400938629,2017-10-07T22:00:00.000Z,Old Dominion,Florida Atlantic,28,58,False,PRIMARY_REGULAR_PROVISIONAL,v0.22_population_ledger
2017,400934564,2017-10-07T22:30:00.000Z,Rice,Army,12,49,False,PRIMARY_REGULAR_PROVISIONAL,v0.22_population_ledger
2017,400944847,2017-10-07T22:30:00.000Z,Coastal Carolina,Georgia State,21,27,False,PRIMARY_REGULAR_PROVISIONAL,v0.22_population_ledger
2017,400934524,2017-10-07T23:00:00.000Z,Texas,Kansas State,40,34,False,PRIMARY_REGULAR_PROVISIONAL,v0.22_population_ledger
2017,400938676,2017-10-07T23:00:00.000Z,UTSA,Southern Miss,29,31,False,PRIMARY_REGULAR_PROVISIONAL,v0.22_population_ledger
2017,400941818,2017-10-07T23:00:00.000Z,Houston,SMU,35,22,False,PRIMARY_REGULAR_PROVISIONAL,v0.22_population_ledger
2017,400933884,2017-10-07T23:15:00.000Z,Texas A&M,Alabama,19,27,False,PRIMARY_REGULAR_PROVISIONAL,v0.22_population_ledger
2017,400937488,2017-10-07T23:15:00.000Z,Boston College,Virginia Tech,10,23,False,PRIMARY_REGULAR_PROVISIONAL,v0.22_population_ledger
2017,400933881,2017-10-07T23:30:00.000Z,Kentucky,Missouri,40,34,False,PRIMARY_REGULAR_PROVISIONAL,v0.22_population_ledger
2017,400935372,2017-10-07T23:30:00.000Z,Michigan,Michigan State,10,14,False,PRIMARY_REGULAR_PROVISIONAL,v0.22_population_ledger
2017,400945269,2017-10-07T23:30:00.000Z,San Jose State,Fresno State,10,27,False,PRIMARY_REGULAR_PROVISIONAL,v0.22_population_ledger
2017,400935289,2017-10-08T00:00:00.000Z,Colorado,Arizona,42,45,False,PRIMARY_REGULAR_PROVISIONAL,v0.22_population_ledger
2017,400935292,2017-10-08T00:00:00.000Z,Oregon,Washington State,10,33,False,PRIMARY_REGULAR_PROVISIONAL,v0.22_population_ledger
2017,400935373,2017-10-08T00:00:00.000Z,Nebraska,Wisconsin,17,38,False,PRIMARY_REGULAR_PROVISIONAL,v0.22_population_ledger
2017,400938631,2017-10-08T00:00:00.000Z,UTEP,Western Kentucky,14,15,False,PRIMARY_REGULAR_PROVISIONAL,v0.22_population_ledger
2017,400941816,2017-10-08T00:00:00.000Z,Cincinnati,UCF,23,51,False,PRIMARY_REGULAR_PROVISIONAL,v0.22_population_ledger
2017,400935291,2017-10-08T02:15:00.000Z,Utah,Stanford,20,23,False,PRIMARY_REGULAR_PROVISIONAL,v0.22_population_ledger
2017,400945270,2017-10-08T02:30:00.000Z,Nevada,Hawaii,35,21,False,PRIMARY_REGULAR_PROVISIONAL,v0.22_population_ledger
2017,400935293,2017-10-08T02:45:00.000Z,Washington,California,38,7,False,PRIMARY_REGULAR_PROVISIONAL,v0.22_population_ledger
2017,400945271,2017-10-08T02:45:00.000Z,UNLV,San Diego State,10,41,False,PRIMARY_REGULAR_PROVISIONAL,v0.22_population_ledger
2017,400944851,2017-10-12T00:00:00.000Z,Troy,South Alabama,8,19,False,PRIMARY_REGULAR_PROVISIONAL,v0.22_population_ledger
2017,400944852,2017-10-12T23:30:00.000Z,Louisiana,Texas State,24,7,False,PRIMARY_REGULAR_PROVISIONAL,v0.22_population_ledger
2017,400937493,2017-10-13T23:00:00.000Z,Syracuse,Clemson,27,24,False,PRIMARY_REGULAR_PROVISIONAL,v0.22_population_ledger
2017,400935294,2017-10-14T02:30:00.000Z,California,Washington State,37,3,False,PRIMARY_REGULAR_PROVISIONAL,v0.22_population_ledger
2017,400933891,2017-10-14T16:00:00.000Z,Mississippi State,BYU,35,10,False,PRIMARY_REGULAR_PROVISIONAL,v0.22_population_ledger
2017,400933892,2017-10-14T16:00:00.000Z,Tennessee,South Carolina,9,15,False,PRIMARY_REGULAR_PROVISIONAL,v0.22_population_ledger
2017,400934527,2017-10-14T16:00:00.000Z,Iowa State,Kansas,45,0,False,PRIMARY_REGULAR_PROVISIONAL,v0.22_population_ledger
2017,400934529,2017-10-14T16:00:00.000Z,West Virginia,Texas Tech,46,35,False,PRIMARY_REGULAR_PROVISIONAL,v0.22_population_ledger
2017,400934567,2017-10-14T16:00:00.000Z,Army,Eastern Michigan,28,27,False,PRIMARY_REGULAR_PROVISIONAL,v0.22_population_ledger
2017,400935378,2017-10-14T16:00:00.000Z,Illinois,Rutgers,24,35,False,PRIMARY_REGULAR_PROVISIONAL,v0.22_population_ledger
2017,400935379,2017-10-14T16:00:00.000Z,Indiana,Michigan,20,27,False,PRIMARY_REGULAR_PROVISIONAL,v0.22_population_ledger
2017,400937495,2017-10-14T16:00:00.000Z,Duke,Florida State,10,17,False,PRIMARY_REGULAR_PROVISIONAL,v0.22_population_ledger
2017,400937497,2017-10-14T16:00:00.000Z,Pittsburgh,NC State,17,35,False,PRIMARY_REGULAR_PROVISIONAL,v0.22_population_ledger
2017,400941821,2017-10-14T16:00:00.000Z,Temple,UConn,24,28,False,PRIMARY_REGULAR_PROVISIONAL,v0.22_population_ledger
2017,400937494,2017-10-14T16:20:00.000Z,Louisville,Boston College,42,45,False,PRIMARY_REGULAR_PROVISIONAL,v0.22_population_ledger
2017,400945272,2017-10-14T18:00:00.000Z,Air Force,UNLV,34,30,False,PRIMARY_REGULAR_PROVISIONAL,v0.22_population_ledger
2017,400938634,2017-10-14T18:30:00.000Z,Marshall,Old Dominion,35,3,False,PRIMARY_REGULAR_PROVISIONAL,v0.22_population_ledger
2017,400934530,2017-10-14T19:00:00.000Z,Kansas State,TCU,6,26,False,PRIMARY_REGULAR_PROVISIONAL,v0.22_population_ledger
2017,400933889,2017-10-14T19:30:00.000Z,LSU,Auburn,27,23,False,PRIMARY_REGULAR_PROVISIONAL,v0.22_population_ledger
2017,400933890,2017-10-14T19:30:00.000Z,Ole Miss,Vanderbilt,57,35,False,PRIMARY_REGULAR_PROVISIONAL,v0.22_population_ledger
2017,400934526,2017-10-14T19:30:00.000Z,Oklahoma State,Baylor,59,16,False,PRIMARY_REGULAR_PROVISIONAL,v0.22_population_ledger
2017,400934528,2017-10-14T19:30:00.000Z,Texas,Oklahoma,24,29,True,PRIMARY_REGULAR_PROVISIONAL,v0.22_population_ledger
2017,400935377,2017-10-14T19:30:00.000Z,Maryland,Northwestern,21,37,False,PRIMARY_REGULAR_PROVISIONAL,v0.22_population_ledger
2017,400935382,2017-10-14T19:30:00.000Z,Wisconsin,Purdue,17,9,False,PRIMARY_REGULAR_PROVISIONAL,v0.22_population_ledger
2017,400937496,2017-10-14T19:30:00.000Z,North Carolina,Virginia,14,20,False,PRIMARY_REGULAR_PROVISIONAL,v0.22_population_ledger
2017,400944995,2017-10-14T19:30:00.000Z,Kent State,Miami (OH),17,14,False,PRIMARY_REGULAR_PROVISIONAL,v0.22_population_ledger
2017,400944996,2017-10-14T19:30:00.000Z,Buffalo,Northern Illinois,13,14,False,PRIMARY_REGULAR_PROVISIONAL,v0.22_population_ledger
2017,400944997,2017-10-14T19:30:00.000Z,Bowling Green,Ohio,30,48,False,PRIMARY_REGULAR_PROVISIONAL,v0.22_population_ledger
2017,400944998,2017-10-14T19:30:00.000Z,Central Michigan,Toledo,10,30,False,PRIMARY_REGULAR_PROVISIONAL,v0.22_population_ledger
2017,400981508,2017-10-14T19:30:00.000Z,Miami (FL),Georgia Tech,25,24,False,PRIMARY_REGULAR_PROVISIONAL,v0.22_population_ledger
2017,400941823,2017-10-14T19:45:00.000Z,Memphis,Navy,30,27,False,PRIMARY_REGULAR_PROVISIONAL,v0.22_population_ledger
2017,400935298,2017-10-14T20:00:00.000Z,Oregon State,Colorado,33,36,False,PRIMARY_REGULAR_PROVISIONAL,v0.22_population_ledger
2017,400941822,2017-10-14T20:00:00.000Z,Tulsa,Houston,45,17,False,PRIMARY_REGULAR_PROVISIONAL,v0.22_population_ledger
2017,400938632,2017-10-14T20:30:00.000Z,Western Kentucky,Charlotte,45,14,False,PRIMARY_REGULAR_PROVISIONAL,v0.22_population_ledger
2017,400945276,2017-10-14T20:30:00.000Z,Utah State,Wyoming,23,28,False,PRIMARY_REGULAR_PROVISIONAL,v0.22_population_ledger
2017,400944853,2017-10-14T21:00:00.000Z,Idaho,Appalachian State,20,23,False,PRIMARY_REGULAR_PROVISIONAL,v0.22_population_ledger
2017,400944856,2017-10-14T21:00:00.000Z,UL Monroe,Georgia State,37,47,False,PRIMARY_REGULAR_PROVISIONAL,v0.22_population_ledger
2017,400944855,2017-10-14T22:00:00.000Z,Georgia Southern,New Mexico State,27,35,False,PRIMARY_REGULAR_PROVISIONAL,v0.22_population_ledger
2017,400938635,2017-10-14T22:30:00.000Z,UAB,Middle Tennessee,25,23,False,PRIMARY_REGULAR_PROVISIONAL,v0.22_population_ledger
2017,400933887,2017-10-14T23:00:00.000Z,Florida,Texas A&M,17,19,False,PRIMARY_REGULAR_PROVISIONAL,v0.22_population_ledger
2017,400938633,2017-10-14T23:00:00.000Z,FIU,Tulane,23,10,False,PRIMARY_REGULAR_PROVISIONAL,v0.22_population_ledger
2017,400938636,2017-10-14T23:00:00.000Z,North Texas,UTSA,29,26,False,PRIMARY_REGULAR_PROVISIONAL,v0.22_population_ledger
2017,400938637,2017-10-14T23:00:00.000Z,Southern Miss,UTEP,24,0,False,PRIMARY_REGULAR_PROVISIONAL,v0.22_population_ledger
2017,400941820,2017-10-14T23:00:00.000Z,UCF,East Carolina,63,21,False,PRIMARY_REGULAR_PROVISIONAL,v0.22_population_ledger
2017,400944854,2017-10-14T23:00:00.000Z,Arkansas State,Coastal Carolina,51,17,False,PRIMARY_REGULAR_PROVISIONAL,v0.22_population_ledger
2017,400933886,2017-10-14T23:15:00.000Z,Alabama,Arkansas,41,9,False,PRIMARY_REGULAR_PROVISIONAL,v0.22_population_ledger
2017,400933888,2017-10-14T23:30:00.000Z,Georgia,Missouri,53,28,False,PRIMARY_REGULAR_PROVISIONAL,v0.22_population_ledger
2017,400935381,2017-10-14T23:30:00.000Z,Nebraska,Ohio State,14,56,False,PRIMARY_REGULAR_PROVISIONAL,v0.22_population_ledger
2017,400941832,2017-10-14T23:30:00.000Z,South Florida,Cincinnati,33,3,False,PRIMARY_REGULAR_PROVISIONAL,v0.22_population_ledger
2017,400935297,2017-10-15T00:00:00.000Z,USC,Utah,28,27,False,PRIMARY_REGULAR_PROVISIONAL,v0.22_population_ledger
2017,400935380,2017-10-15T00:00:00.000Z,Minnesota,Michigan State,27,30,False,PRIMARY_REGULAR_PROVISIONAL,v0.22_population_ledger
2017,400935295,2017-10-15T01:00:00.000Z,Arizona,UCLA,47,30,False,PRIMARY_REGULAR_PROVISIONAL,v0.22_population_ledger
2017,400945275,2017-10-15T02:00:00.000Z,Fresno State,New Mexico,38,0,False,PRIMARY_REGULAR_PROVISIONAL,v0.22_population_ledger
2017,400945274,2017-10-15T02:26:00.000Z,Colorado State,Nevada,44,42,False,PRIMARY_REGULAR_PROVISIONAL,v0.22_population_ledger
2017,400945273,2017-10-15T02:30:00.000Z,San Diego State,Boise State,14,31,False,PRIMARY_REGULAR_PROVISIONAL,v0.22_population_ledger
2017,400935296,2017-10-15T02:45:00.000Z,Arizona State,Washington,13,7,False,PRIMARY_REGULAR_PROVISIONAL,v0.22_population_ledger
2017,400935299,2017-10-15T03:00:00.000Z,Stanford,Oregon,49,7,False,PRIMARY_REGULAR_PROVISIONAL,v0.22_population_ledger
2017,400945277,2017-10-15T03:59:00.000Z,Hawaii,San Jose State,37,26,False,PRIMARY_REGULAR_PROVISIONAL,v0.22_population_ledger
2017,400944994,2017-10-15T17:00:00.000Z,Western Michigan,Akron,13,14,False,PRIMARY_REGULAR_PROVISIONAL,v0.22_population_ledger
2017,400944857,2017-10-19T23:30:00.000Z,Arkansas State,Louisiana,47,3,False,PRIMARY_REGULAR_PROVISIONAL,v0.22_population_ledger
2017,400941824,2017-10-20T00:00:00.000Z,Houston,Memphis,38,42,False,PRIMARY_REGULAR_PROVISIONAL,v0.22_population_ledger
2017,400938641,2017-10-20T22:00:00.000Z,Old Dominion,Western Kentucky,31,35,False,PRIMARY_REGULAR_PROVISIONAL,v0.22_population_ledger
2017,400938674,2017-10-20T23:00:00.000Z,Middle Tennessee,Marshall,10,38,False,PRIMARY_REGULAR_PROVISIONAL,v0.22_population_ledger
2017,400945278,2017-10-21T01:30:00.000Z,Nevada,Air Force,42,45,False,PRIMARY_REGULAR_PROVISIONAL,v0.22_population_ledger
2017,400945280,2017-10-21T02:15:00.000Z,New Mexico,Colorado State,24,27,False,PRIMARY_REGULAR_PROVISIONAL,v0.22_population_ledger
2017,400933897,2017-10-21T16:00:00.000Z,Missouri,Idaho,68,21,False,PRIMARY_REGULAR_PROVISIONAL,v0.22_population_ledger
2017,400934531,2017-10-21T16:00:00.000Z,Texas Tech,Iowa State,13,31,False,PRIMARY_REGULAR_PROVISIONAL,v0.22_population_ledger
2017,400934535,2017-10-21T16:00:00.000Z,Texas,Oklahoma State,10,13,False,PRIMARY_REGULAR_PROVISIONAL,v0.22_population_ledger
2017,400934568,2017-10-21T16:00:00.000Z,Army,Temple,31,28,False,PRIMARY_REGULAR_PROVISIONAL,v0.22_population_ledger
2017,400935385,2017-10-21T16:00:00.000Z,Northwestern,Iowa,17,10,False,PRIMARY_REGULAR_PROVISIONAL,v0.22_population_ledger
2017,400935387,2017-10-21T16:00:00.000Z,Rutgers,Purdue,14,12,False,PRIMARY_REGULAR_PROVISIONAL,v0.22_population_ledger
2017,400935388,2017-10-21T16:00:00.000Z,Wisconsin,Maryland,38,13,False,PRIMARY_REGULAR_PROVISIONAL,v0.22_population_ledger
2017,400937500,2017-10-21T16:00:00.000Z,Florida State,Louisville,28,31,False,PRIMARY_REGULAR_PROVISIONAL,v0.22_population_ledger
2017,400941827,2017-10-21T16:00:00.000Z,UConn,Tulsa,20,14,False,PRIMARY_REGULAR_PROVISIONAL,v0.22_population_ledger
2017,400944999,2017-10-21T16:00:00.000Z,Toledo,Akron,48,21,False,PRIMARY_REGULAR_PROVISIONAL,v0.22_population_ledger
2017,400937499,2017-10-21T16:20:00.000Z,Duke,Pittsburgh,17,24,False,PRIMARY_REGULAR_PROVISIONAL,v0.22_population_ledger
2017,400937498,2017-10-21T16:30:00.000Z,Virginia,Boston College,10,41,False,PRIMARY_REGULAR_PROVISIONAL,v0.22_population_ledger
2017,400944860,2017-10-21T18:00:00.000Z,Georgia State,Troy,10,34,False,PRIMARY_REGULAR_PROVISIONAL,v0.22_population_ledger
2017,400945002,2017-10-21T18:00:00.000Z,Ohio,Kent State,48,3,False,PRIMARY_REGULAR_PROVISIONAL,v0.22_population_ledger
2017,400945003,2017-10-21T18:00:00.000Z,Bowling Green,Northern Illinois,17,48,False,PRIMARY_REGULAR_PROVISIONAL,v0.22_population_ledger
2017,400945004,2017-10-21T18:00:00.000Z,Eastern Michigan,Western Michigan,17,20,False,PRIMARY_REGULAR_PROVISIONAL,v0.22_population_ledger
2017,400945000,2017-10-21T18:30:00.000Z,Miami (OH),Buffalo,24,14,False,PRIMARY_REGULAR_PROVISIONAL,v0.22_population_ledger
2017,400945001,2017-10-21T19:00:00.000Z,Ball State,Central Michigan,9,56,False,PRIMARY_REGULAR_PROVISIONAL,v0.22_population_ledger
2017,400933893,2017-10-21T19:30:00.000Z,Alabama,Tennessee,45,7,False,PRIMARY_REGULAR_PROVISIONAL,v0.22_population_ledger
2017,400935301,2017-10-21T19:30:00.000Z,Utah,Arizona State,10,30,False,PRIMARY_REGULAR_PROVISIONAL,v0.22_population_ledger
2017,400935383,2017-10-21T19:30:00.000Z,Michigan State,Indiana,17,9,False,PRIMARY_REGULAR_PROVISIONAL,v0.22_population_ledger
2017,400935384,2017-10-21T19:30:00.000Z,Minnesota,Illinois,24,17,False,PRIMARY_REGULAR_PROVISIONAL,v0.22_population_ledger
2017,400937502,2017-10-21T19:30:00.000Z,Miami (FL),Syracuse,27,19,False,PRIMARY_REGULAR_PROVISIONAL,v0.22_population_ledger
2017,400937503,2017-10-21T19:30:00.000Z,Virginia Tech,North Carolina,59,7,False,PRIMARY_REGULAR_PROVISIONAL,v0.22_population_ledger
2017,400938892,2017-10-21T19:30:00.000Z,UMass,Georgia Southern,55,20,False,PRIMARY_REGULAR_PROVISIONAL,v0.22_population_ledger
2017,400941825,2017-10-21T19:30:00.000Z,Navy,UCF,21,31,False,PRIMARY_REGULAR_PROVISIONAL,v0.22_population_ledger
2017,400944858,2017-10-21T19:30:00.000Z,Appalachian State,Coastal Carolina,37,29,False,PRIMARY_REGULAR_PROVISIONAL,v0.22_population_ledger
2017,400933896,2017-10-21T20:00:00.000Z,Mississippi State,Kentucky,45,7,False,PRIMARY_REGULAR_PROVISIONAL,v0.22_population_ledger
2017,400935302,2017-10-21T20:00:00.000Z,UCLA,Oregon,31,14,False,PRIMARY_REGULAR_PROVISIONAL,v0.22_population_ledger
2017,400941826,2017-10-21T20:00:00.000Z,Cincinnati,SMU,28,31,False,PRIMARY_REGULAR_PROVISIONAL,v0.22_population_ledger
2017,400934534,2017-10-21T20:35:00.000Z,Kansas State,Oklahoma,35,42,False,PRIMARY_REGULAR_PROVISIONAL,v0.22_population_ledger
2017,400938639,2017-10-21T21:00:00.000Z,Florida Atlantic,North Texas,69,31,False,PRIMARY_REGULAR_PROVISIONAL,v0.22_population_ledger
2017,400944859,2017-10-21T21:00:00.000Z,South Alabama,UL Monroe,33,23,False,PRIMARY_REGULAR_PROVISIONAL,v0.22_population_ledger
2017,400945281,2017-10-21T22:00:00.000Z,UNLV,Utah State,28,52,False,PRIMARY_REGULAR_PROVISIONAL,v0.22_population_ledger
2017,400938638,2017-10-21T22:30:00.000Z,Charlotte,UAB,25,24,False,PRIMARY_REGULAR_PROVISIONAL,v0.22_population_ledger
2017,400938640,2017-10-21T23:00:00.000Z,Louisiana Tech,Southern Miss,27,34,False,PRIMARY_REGULAR_PROVISIONAL,v0.22_population_ledger
2017,400938642,2017-10-21T23:00:00.000Z,UTSA,Rice,20,7,False,PRIMARY_REGULAR_PROVISIONAL,v0.22_population_ledger
2017,400941828,2017-10-21T23:00:00.000Z,East Carolina,BYU,33,17,False,PRIMARY_REGULAR_PROVISIONAL,v0.22_population_ledger
2017,400941829,2017-10-21T23:00:00.000Z,Tulane,South Florida,28,34,False,PRIMARY_REGULAR_PROVISIONAL,v0.22_population_ledger
2017,400933895,2017-10-21T23:15:00.000Z,Ole Miss,LSU,24,40,False,PRIMARY_REGULAR_PROVISIONAL,v0.22_population_ledger
2017,400933894,2017-10-21T23:30:00.000Z,Arkansas,Auburn,20,52,False,PRIMARY_REGULAR_PROVISIONAL,v0.22_population_ledger
2017,400934578,2017-10-21T23:30:00.000Z,Notre Dame,USC,49,14,False,PRIMARY_REGULAR_PROVISIONAL,v0.22_population_ledger
2017,400935386,2017-10-21T23:30:00.000Z,Penn State,Michigan,42,13,False,PRIMARY_REGULAR_PROVISIONAL,v0.22_population_ledger
2017,400937501,2017-10-21T23:30:00.000Z,Georgia Tech,Wake Forest,38,24,False,PRIMARY_REGULAR_PROVISIONAL,v0.22_population_ledger
2017,400934532,2017-10-22T00:00:00.000Z,TCU,Kansas,43,0,False,PRIMARY_REGULAR_PROVISIONAL,v0.22_population_ledger
2017,400934533,2017-10-22T00:00:00.000Z,Baylor,West Virginia,36,38,False,PRIMARY_REGULAR_PROVISIONAL,v0.22_population_ledger
2017,400935300,2017-10-22T00:00:00.000Z,California,Arizona,44,45,False,PRIMARY_REGULAR_PROVISIONAL,v0.22_population_ledger
2017,400945279,2017-10-22T02:15:00.000Z,Boise State,Wyoming,24,14,False,PRIMARY_REGULAR_PROVISIONAL,v0.22_population_ledger
2017,400945282,2017-10-22T02:30:00.000Z,San Diego State,Fresno State,3,27,False,PRIMARY_REGULAR_PROVISIONAL,v0.22_population_ledger
2017,400935303,2017-10-22T02:45:00.000Z,Washington State,Colorado,28,0,False,PRIMARY_REGULAR_PROVISIONAL,v0.22_population_ledger
2017,400945005,2017-10-26T23:00:00.000Z,Northern Illinois,Eastern Michigan,30,27,False,PRIMARY_REGULAR_PROVISIONAL,v0.22_population_ledger
2017,400945006,2017-10-26T23:00:00.000Z,Ball State,Toledo,17,58,False,PRIMARY_REGULAR_PROVISIONAL,v0.22_population_ledger
2017,400944861,2017-10-26T23:30:00.000Z,Georgia State,South Alabama,21,13,False,PRIMARY_REGULAR_PROVISIONAL,v0.22_population_ledger
2017,400935304,2017-10-27T01:00:00.000Z,Oregon State,Stanford,14,15,False,PRIMARY_REGULAR_PROVISIONAL,v0.22_population_ledger
2017,400937504,2017-10-28T00:00:00.000Z,Boston College,Florida State,35,3,False,PRIMARY_REGULAR_PROVISIONAL,v0.22_population_ledger
2017,400941830,2017-10-28T00:00:00.000Z,Memphis,Tulane,56,26,False,PRIMARY_REGULAR_PROVISIONAL,v0.22_population_ledger
2017,400941831,2017-10-28T01:00:00.000Z,SMU,Tulsa,38,34,False,PRIMARY_REGULAR_PROVISIONAL,v0.22_population_ledger
2017,400945007,2017-10-28T15:30:00.000Z,Akron,Buffalo,21,20,False,PRIMARY_REGULAR_PROVISIONAL,v0.22_population_ledger
2017,400933900,2017-10-28T16:00:00.000Z,Ole Miss,Arkansas,37,38,False,PRIMARY_REGULAR_PROVISIONAL,v0.22_population_ledger
2017,400934537,2017-10-28T16:00:00.000Z,West Virginia,Oklahoma State,39,50,False,PRIMARY_REGULAR_PROVISIONAL,v0.22_population_ledger
2017,400934538,2017-10-28T16:00:00.000Z,Baylor,Texas,7,38,False,PRIMARY_REGULAR_PROVISIONAL,v0.22_population_ledger
2017,400935390,2017-10-28T16:00:00.000Z,Illinois,Wisconsin,10,24,False,PRIMARY_REGULAR_PROVISIONAL,v0.22_population_ledger
2017,400935393,2017-10-28T16:00:00.000Z,Michigan,Rutgers,35,14,False,PRIMARY_REGULAR_PROVISIONAL,v0.22_population_ledger
2017,400937508,2017-10-28T16:00:00.000Z,North Carolina,Miami (FL),19,24,False,PRIMARY_REGULAR_PROVISIONAL,v0.22_population_ledger
2017,400937507,2017-10-28T16:20:00.000Z,Wake Forest,Louisville,42,32,False,PRIMARY_REGULAR_PROVISIONAL,v0.22_population_ledger
2017,400937509,2017-10-28T16:30:00.000Z,Pittsburgh,Virginia,31,14,False,PRIMARY_REGULAR_PROVISIONAL,v0.22_population_ledger
2017,400935308,2017-10-28T18:00:00.000Z,Colorado,California,44,28,False,PRIMARY_REGULAR_PROVISIONAL,v0.22_population_ledger
2017,400938643,2017-10-28T18:30:00.000Z,Marshall,FIU,30,41,False,PRIMARY_REGULAR_PROVISIONAL,v0.22_population_ledger
2017,400934536,2017-10-28T19:00:00.000Z,Kansas,Kansas State,20,30,False,PRIMARY_REGULAR_PROVISIONAL,v0.22_population_ledger
2017,400945283,2017-10-28T19:00:00.000Z,Colorado State,Air Force,28,45,False,PRIMARY_REGULAR_PROVISIONAL,v0.22_population_ledger
2017,400945288,2017-10-28T19:00:00.000Z,BYU,San Jose State,41,20,False,PRIMARY_REGULAR_PROVISIONAL,v0.22_population_ledger
2017,400933898,2017-10-28T19:30:00.000Z,Florida,Georgia,7,42,True,PRIMARY_REGULAR_PROVISIONAL,v0.22_population_ledger
2017,400934540,2017-10-28T19:30:00.000Z,Iowa State,TCU,14,7,False,PRIMARY_REGULAR_PROVISIONAL,v0.22_population_ledger
2017,400934579,2017-10-28T19:30:00.000Z,Notre Dame,NC State,35,14,False,PRIMARY_REGULAR_PROVISIONAL,v0.22_population_ledger
2017,400935307,2017-10-28T19:30:00.000Z,Washington,UCLA,44,23,False,PRIMARY_REGULAR_PROVISIONAL,v0.22_population_ledger
2017,400935389,2017-10-28T19:30:00.000Z,Northwestern,Michigan State,39,31,False,PRIMARY_REGULAR_PROVISIONAL,v0.22_population_ledger
2017,400935392,2017-10-28T19:30:00.000Z,Maryland,Indiana,42,39,False,PRIMARY_REGULAR_PROVISIONAL,v0.22_population_ledger
2017,400935394,2017-10-28T19:30:00.000Z,Ohio State,Penn State,39,38,False,PRIMARY_REGULAR_PROVISIONAL,v0.22_population_ledger
2017,400938645,2017-10-28T19:30:00.000Z,Rice,Louisiana Tech,28,42,False,PRIMARY_REGULAR_PROVISIONAL,v0.22_population_ledger
2017,400938893,2017-10-28T19:30:00.000Z,UMass,Appalachian State,30,27,False,PRIMARY_REGULAR_PROVISIONAL,v0.22_population_ledger
2017,400944864,2017-10-28T19:30:00.000Z,Troy,Georgia Southern,38,16,False,PRIMARY_REGULAR_PROVISIONAL,v0.22_population_ledger
2017,400941839,2017-10-28T19:45:00.000Z,South Florida,Houston,24,28,False,PRIMARY_REGULAR_PROVISIONAL,v0.22_population_ledger
2017,400933902,2017-10-28T20:00:00.000Z,South Carolina,Vanderbilt,34,27,False,PRIMARY_REGULAR_PROVISIONAL,v0.22_population_ledger
2017,400938644,2017-10-28T20:30:00.000Z,Western Kentucky,Florida Atlantic,28,42,False,PRIMARY_REGULAR_PROVISIONAL,v0.22_population_ledger
2017,400944865,2017-10-28T21:00:00.000Z,Idaho,UL Monroe,31,23,False,PRIMARY_REGULAR_PROVISIONAL,v0.22_population_ledger
2017,400935309,2017-10-28T21:45:00.000Z,Oregon,Utah,41,20,False,PRIMARY_REGULAR_PROVISIONAL,v0.22_population_ledger
2017,400944863,2017-10-28T22:00:00.000Z,Coastal Carolina,Texas State,7,27,False,PRIMARY_REGULAR_PROVISIONAL,v0.22_population_ledger
2017,400933901,2017-10-28T22:30:00.000Z,UConn,Missouri,12,52,False,PRIMARY_REGULAR_PROVISIONAL,v0.22_population_ledger
2017,400935391,2017-10-28T22:30:00.000Z,Iowa,Minnesota,17,10,False,PRIMARY_REGULAR_PROVISIONAL,v0.22_population_ledger
2017,400938646,2017-10-28T22:30:00.000Z,North Texas,Old Dominion,45,38,False,PRIMARY_REGULAR_PROVISIONAL,v0.22_population_ledger
2017,400938647,2017-10-28T23:00:00.000Z,Southern Miss,UAB,12,30,False,PRIMARY_REGULAR_PROVISIONAL,v0.22_population_ledger
2017,400933903,2017-10-28T23:15:00.000Z,Texas A&M,Mississippi State,14,35,False,PRIMARY_REGULAR_PROVISIONAL,v0.22_population_ledger
2017,400937506,2017-10-28T23:20:00.000Z,Virginia Tech,Duke,24,3,False,PRIMARY_REGULAR_PROVISIONAL,v0.22_population_ledger
2017,400933899,2017-10-28T23:30:00.000Z,Kentucky,Tennessee,29,26,False,PRIMARY_REGULAR_PROVISIONAL,v0.22_population_ledger
2017,400935395,2017-10-28T23:30:00.000Z,Purdue,Nebraska,24,25,False,PRIMARY_REGULAR_PROVISIONAL,v0.22_population_ledger
2017,400945285,2017-10-28T23:30:00.000Z,Wyoming,New Mexico,42,3,False,PRIMARY_REGULAR_PROVISIONAL,v0.22_population_ledger
2017,400934539,2017-10-29T00:00:00.000Z,Oklahoma,Texas Tech,49,27,False,PRIMARY_REGULAR_PROVISIONAL,v0.22_population_ledger
2017,400937505,2017-10-29T00:00:00.000Z,Clemson,Georgia Tech,24,10,False,PRIMARY_REGULAR_PROVISIONAL,v0.22_population_ledger
2017,400938648,2017-10-29T00:00:00.000Z,UTEP,UTSA,14,31,False,PRIMARY_REGULAR_PROVISIONAL,v0.22_population_ledger
2017,400944862,2017-10-29T00:00:00.000Z,New Mexico State,Arkansas State,21,37,False,PRIMARY_REGULAR_PROVISIONAL,v0.22_population_ledger
2017,400935305,2017-10-29T01:30:00.000Z,Arizona,Washington State,58,37,False,PRIMARY_REGULAR_PROVISIONAL,v0.22_population_ledger
2017,400945284,2017-10-29T02:00:00.000Z,Utah State,Boise State,14,41,False,PRIMARY_REGULAR_PROVISIONAL,v0.22_population_ledger
2017,400945286,2017-10-29T02:00:00.000Z,Fresno State,UNLV,16,26,False,PRIMARY_REGULAR_PROVISIONAL,v0.22_population_ledger
2017,400935306,2017-10-29T02:45:00.000Z,Arizona State,USC,17,48,False,PRIMARY_REGULAR_PROVISIONAL,v0.22_population_ledger
2017,400945287,2017-10-29T03:15:00.000Z,Hawaii,San Diego State,7,28,False,PRIMARY_REGULAR_PROVISIONAL,v0.22_population_ledger
2017,400945008,2017-11-01T00:00:00.000Z,Kent State,Bowling Green,16,44,False,PRIMARY_REGULAR_PROVISIONAL,v0.22_population_ledger
2017,400945009,2017-11-01T00:00:00.000Z,Ohio,Miami (OH),45,28,False,PRIMARY_REGULAR_PROVISIONAL,v0.22_population_ledger
2017,400945010,2017-11-02T00:00:00.000Z,Western Michigan,Central Michigan,28,35,False,PRIMARY_REGULAR_PROVISIONAL,v0.22_population_ledger
2017,400945011,2017-11-02T22:00:00.000Z,Eastern Michigan,Ball State,56,14,False,PRIMARY_REGULAR_PROVISIONAL,v0.22_population_ledger
2017,400945012,2017-11-02T22:00:00.000Z,Toledo,Northern Illinois,27,17,False,PRIMARY_REGULAR_PROVISIONAL,v0.22_population_ledger
2017,400941834,2017-11-03T00:00:00.000Z,Temple,Navy,34,26,False,PRIMARY_REGULAR_PROVISIONAL,v0.22_population_ledger
2017,400944866,2017-11-03T01:15:00.000Z,Troy,Idaho,24,21,False,PRIMARY_REGULAR_PROVISIONAL,v0.22_population_ledger
2017,400938675,2017-11-03T22:00:00.000Z,Florida Atlantic,Marshall,30,25,False,PRIMARY_REGULAR_PROVISIONAL,v0.22_population_ledger
2017,400941835,2017-11-04T00:00:00.000Z,Tulsa,Memphis,14,41,False,PRIMARY_REGULAR_PROVISIONAL,v0.22_population_ledger
2017,400935310,2017-11-04T01:30:00.000Z,Utah,UCLA,48,17,False,PRIMARY_REGULAR_PROVISIONAL,v0.22_population_ledger
2017,400933908,2017-11-04T16:00:00.000Z,Mississippi State,UMass,34,23,False,PRIMARY_REGULAR_PROVISIONAL,v0.22_population_ledger
2017,400933909,2017-11-04T16:00:00.000Z,Missouri,Florida,45,16,False,PRIMARY_REGULAR_PROVISIONAL,v0.22_population_ledger
2017,400933911,2017-11-04T16:00:00.000Z,Texas A&M,Auburn,27,42,False,PRIMARY_REGULAR_PROVISIONAL,v0.22_population_ledger
2017,400933912,2017-11-04T16:00:00.000Z,Vanderbilt,Western Kentucky,31,17,False,PRIMARY_REGULAR_PROVISIONAL,v0.22_population_ledger
2017,400934541,2017-11-04T16:00:00.000Z,Kansas,Baylor,9,38,False,PRIMARY_REGULAR_PROVISIONAL,v0.22_population_ledger
2017,400934543,2017-11-04T16:00:00.000Z,Texas Tech,Kansas State,35,42,False,PRIMARY_REGULAR_PROVISIONAL,v0.22_population_ledger
2017,400935396,2017-11-04T16:00:00.000Z,Indiana,Wisconsin,17,45,False,PRIMARY_REGULAR_PROVISIONAL,v0.22_population_ledger
2017,400935399,2017-11-04T16:00:00.000Z,Michigan State,Penn State,27,24,False,PRIMARY_REGULAR_PROVISIONAL,v0.22_population_ledger
2017,400935401,2017-11-04T16:00:00.000Z,Purdue,Illinois,29,10,False,PRIMARY_REGULAR_PROVISIONAL,v0.22_population_ledger
2017,400941833,2017-11-04T16:00:00.000Z,Houston,East Carolina,52,27,False,PRIMARY_REGULAR_PROVISIONAL,v0.22_population_ledger
2017,400937511,2017-11-04T16:20:00.000Z,Florida State,Syracuse,27,24,False,PRIMARY_REGULAR_PROVISIONAL,v0.22_population_ledger
2017,400937512,2017-11-04T19:00:00.000Z,Virginia,Georgia Tech,40,36,False,PRIMARY_REGULAR_PROVISIONAL,v0.22_population_ledger
2017,400938653,2017-11-04T19:00:00.000Z,UAB,Rice,52,21,False,PRIMARY_REGULAR_PROVISIONAL,v0.22_population_ledger
2017,400944867,2017-11-04T19:00:00.000Z,UL Monroe,Appalachian State,52,45,False,PRIMARY_REGULAR_PROVISIONAL,v0.22_population_ledger
2017,400944868,2017-11-04T19:00:00.000Z,Georgia Southern,Georgia State,17,21,False,PRIMARY_REGULAR_PROVISIONAL,v0.22_population_ledger
2017,400944870,2017-11-04T19:00:00.000Z,Texas State,New Mexico State,35,45,False,PRIMARY_REGULAR_PROVISIONAL,v0.22_population_ledger
2017,400933906,2017-11-04T19:30:00.000Z,Georgia,South Carolina,24,10,False,PRIMARY_REGULAR_PROVISIONAL,v0.22_population_ledger
2017,400934542,2017-11-04T19:30:00.000Z,West Virginia,Iowa State,20,16,False,PRIMARY_REGULAR_PROVISIONAL,v0.22_population_ledger
2017,400934569,2017-11-04T19:30:00.000Z,Air Force,Army,0,21,False,PRIMARY_REGULAR_PROVISIONAL,v0.22_population_ledger
2017,400934580,2017-11-04T19:30:00.000Z,Notre Dame,Wake Forest,48,37,False,PRIMARY_REGULAR_PROVISIONAL,v0.22_population_ledger
2017,400935315,2017-11-04T19:30:00.000Z,Washington State,Stanford,24,21,False,PRIMARY_REGULAR_PROVISIONAL,v0.22_population_ledger
2017,400935397,2017-11-04T19:30:00.000Z,Iowa,Ohio State,55,24,False,PRIMARY_REGULAR_PROVISIONAL,v0.22_population_ledger
2017,400935400,2017-11-04T19:30:00.000Z,Nebraska,Northwestern,24,31,False,PRIMARY_REGULAR_PROVISIONAL,v0.22_population_ledger
2017,400935402,2017-11-04T19:30:00.000Z,Rutgers,Maryland,31,24,False,PRIMARY_REGULAR_PROVISIONAL,v0.22_population_ledger
2017,400937510,2017-11-04T19:30:00.000Z,NC State,Clemson,31,38,False,PRIMARY_REGULAR_PROVISIONAL,v0.22_population_ledger
2017,400938649,2017-11-04T19:30:00.000Z,Old Dominion,Charlotte,6,0,False,PRIMARY_REGULAR_PROVISIONAL,v0.22_population_ledger
2017,400938651,2017-11-04T19:30:00.000Z,Louisiana Tech,North Texas,23,24,False,PRIMARY_REGULAR_PROVISIONAL,v0.22_population_ledger
2017,400985386,2017-11-04T19:30:00.000Z,UConn,South Florida,20,37,False,PRIMARY_REGULAR_PROVISIONAL,v0.22_population_ledger
2017,400933905,2017-11-04T20:00:00.000Z,Arkansas,Coastal Carolina,39,38,False,PRIMARY_REGULAR_PROVISIONAL,v0.22_population_ledger
2017,400933907,2017-11-04T20:00:00.000Z,Kentucky,Ole Miss,34,37,False,PRIMARY_REGULAR_PROVISIONAL,v0.22_population_ledger
2017,400934544,2017-11-04T20:00:00.000Z,Oklahoma State,Oklahoma,52,62,False,PRIMARY_REGULAR_PROVISIONAL,v0.22_population_ledger
2017,400941837,2017-11-04T20:00:00.000Z,Tulane,Cincinnati,16,17,False,PRIMARY_REGULAR_PROVISIONAL,v0.22_population_ledger
2017,400944869,2017-11-04T20:00:00.000Z,South Alabama,Louisiana,14,19,False,PRIMARY_REGULAR_PROVISIONAL,v0.22_population_ledger
2017,400935314,2017-11-04T21:00:00.000Z,California,Oregon State,37,23,False,PRIMARY_REGULAR_PROVISIONAL,v0.22_population_ledger
2017,400945291,2017-11-04T21:30:00.000Z,New Mexico,Utah State,10,24,False,PRIMARY_REGULAR_PROVISIONAL,v0.22_population_ledger
2017,400945293,2017-11-04T22:00:00.000Z,UNLV,Hawaii,31,23,False,PRIMARY_REGULAR_PROVISIONAL,v0.22_population_ledger
2017,400938650,2017-11-04T23:00:00.000Z,FIU,UTSA,14,7,False,PRIMARY_REGULAR_PROVISIONAL,v0.22_population_ledger
2017,400945289,2017-11-04T23:00:00.000Z,Boise State,Nevada,41,14,False,PRIMARY_REGULAR_PROVISIONAL,v0.22_population_ledger
2017,400945290,2017-11-04T23:00:00.000Z,Wyoming,Colorado State,16,13,False,PRIMARY_REGULAR_PROVISIONAL,v0.22_population_ledger
2017,400934545,2017-11-04T23:15:00.000Z,TCU,Texas,24,7,False,PRIMARY_REGULAR_PROVISIONAL,v0.22_population_ledger
2017,400941836,2017-11-04T23:15:00.000Z,SMU,UCF,24,31,False,PRIMARY_REGULAR_PROVISIONAL,v0.22_population_ledger
2017,400933910,2017-11-04T23:30:00.000Z,Tennessee,Southern Miss,24,10,False,PRIMARY_REGULAR_PROVISIONAL,v0.22_population_ledger
2017,400938652,2017-11-04T23:30:00.000Z,Middle Tennessee,UTEP,30,3,False,PRIMARY_REGULAR_PROVISIONAL,v0.22_population_ledger
2017,400933904,2017-11-05T00:00:00.000Z,Alabama,LSU,24,10,False,PRIMARY_REGULAR_PROVISIONAL,v0.22_population_ledger
2017,400937513,2017-11-05T00:00:00.000Z,Miami (FL),Virginia Tech,28,10,False,PRIMARY_REGULAR_PROVISIONAL,v0.22_population_ledger
2017,400935398,2017-11-05T00:30:00.000Z,Michigan,Minnesota,33,10,False,PRIMARY_REGULAR_PROVISIONAL,v0.22_population_ledger
2017,400935312,2017-11-05T01:00:00.000Z,Arizona State,Colorado,41,30,False,PRIMARY_REGULAR_PROVISIONAL,v0.22_population_ledger
2017,400935313,2017-11-05T02:00:00.000Z,Washington,Oregon,38,3,False,PRIMARY_REGULAR_PROVISIONAL,v0.22_population_ledger
2017,400945294,2017-11-05T02:30:00.000Z,San Jose State,San Diego State,7,52,False,PRIMARY_REGULAR_PROVISIONAL,v0.22_population_ledger
2017,400935311,2017-11-05T02:45:00.000Z,USC,Arizona,49,35,False,PRIMARY_REGULAR_PROVISIONAL,v0.22_population_ledger
2017,400945292,2017-11-05T02:45:00.000Z,Fresno State,BYU,20,13,False,PRIMARY_REGULAR_PROVISIONAL,v0.22_population_ledger
2017,400945013,2017-11-08T00:30:00.000Z,Miami (OH),Akron,24,14,False,PRIMARY_REGULAR_PROVISIONAL,v0.22_population_ledger
2017,400945014,2017-11-08T00:30:00.000Z,Buffalo,Bowling Green,38,28,False,PRIMARY_REGULAR_PROVISIONAL,v0.22_population_ledger
2017,400945016,2017-11-09T00:00:00.000Z,Western Michigan,Kent State,48,20,False,PRIMARY_REGULAR_PROVISIONAL,v0.22_population_ledger
2017,400945017,2017-11-09T00:00:00.000Z,Ohio,Toledo,38,10,False,PRIMARY_REGULAR_PROVISIONAL,v0.22_population_ledger
2017,400945015,2017-11-09T01:00:00.000Z,Central Michigan,Eastern Michigan,42,30,False,PRIMARY_REGULAR_PROVISIONAL,v0.22_population_ledger
2017,400945018,2017-11-10T00:00:00.000Z,Northern Illinois,Ball State,63,17,False,PRIMARY_REGULAR_PROVISIONAL,v0.22_population_ledger
2017,400937514,2017-11-10T00:30:00.000Z,Pittsburgh,North Carolina,31,34,False,PRIMARY_REGULAR_PROVISIONAL,v0.22_population_ledger
2017,400944871,2017-11-10T00:30:00.000Z,Appalachian State,Georgia Southern,27,6,False,PRIMARY_REGULAR_PROVISIONAL,v0.22_population_ledger
2017,400941840,2017-11-11T00:00:00.000Z,Cincinnati,Temple,24,35,False,PRIMARY_REGULAR_PROVISIONAL,v0.22_population_ledger
2017,400935316,2017-11-11T03:30:00.000Z,Stanford,Washington,30,22,False,PRIMARY_REGULAR_PROVISIONAL,v0.22_population_ledger
2017,400945299,2017-11-11T03:30:00.000Z,UNLV,BYU,21,31,False,PRIMARY_REGULAR_PROVISIONAL,v0.22_population_ledger
2017,400933914,2017-11-11T17:00:00.000Z,LSU,Arkansas,33,10,False,PRIMARY_REGULAR_PROVISIONAL,v0.22_population_ledger
2017,400933915,2017-11-11T17:00:00.000Z,Ole Miss,Louisiana,50,22,False,PRIMARY_REGULAR_PROVISIONAL,v0.22_population_ledger
2017,400933918,2017-11-11T17:00:00.000Z,South Carolina,Florida,28,20,False,PRIMARY_REGULAR_PROVISIONAL,v0.22_population_ledger
2017,400934548,2017-11-11T17:00:00.000Z,Iowa State,Oklahoma State,42,49,False,PRIMARY_REGULAR_PROVISIONAL,v0.22_population_ledger
2017,400934549,2017-11-11T17:00:00.000Z,Baylor,Texas Tech,24,38,True,PRIMARY_REGULAR_PROVISIONAL,v0.22_population_ledger
2017,400934565,2017-11-11T17:00:00.000Z,Army,Duke,21,16,False,PRIMARY_REGULAR_PROVISIONAL,v0.22_population_ledger
2017,400935403,2017-11-11T17:00:00.000Z,Illinois,Indiana,14,24,False,PRIMARY_REGULAR_PROVISIONAL,v0.22_population_ledger
2017,400935405,2017-11-11T17:00:00.000Z,Minnesota,Nebraska,54,21,False,PRIMARY_REGULAR_PROVISIONAL,v0.22_population_ledger
2017,400935407,2017-11-11T17:00:00.000Z,Ohio State,Michigan State,48,3,False,PRIMARY_REGULAR_PROVISIONAL,v0.22_population_ledger
2017,400935408,2017-11-11T17:00:00.000Z,Penn State,Rutgers,35,6,False,PRIMARY_REGULAR_PROVISIONAL,v0.22_population_ledger
2017,400937515,2017-11-11T17:00:00.000Z,Boston College,NC State,14,17,False,PRIMARY_REGULAR_PROVISIONAL,v0.22_population_ledger
2017,400941842,2017-11-11T17:00:00.000Z,UCF,UConn,49,24,False,PRIMARY_REGULAR_PROVISIONAL,v0.22_population_ledger
2017,400937517,2017-11-11T17:20:00.000Z,Georgia Tech,Virginia Tech,28,22,False,PRIMARY_REGULAR_PROVISIONAL,v0.22_population_ledger
2017,400938654,2017-11-11T19:00:00.000Z,Charlotte,Middle Tennessee,21,35,False,PRIMARY_REGULAR_PROVISIONAL,v0.22_population_ledger
2017,400937519,2017-11-11T20:00:00.000Z,Syracuse,Wake Forest,43,64,False,PRIMARY_REGULAR_PROVISIONAL,v0.22_population_ledger
2017,400933913,2017-11-11T20:30:00.000Z,Auburn,Georgia,40,17,False,PRIMARY_REGULAR_PROVISIONAL,v0.22_population_ledger
2017,400934547,2017-11-11T20:30:00.000Z,Kansas State,West Virginia,23,28,False,PRIMARY_REGULAR_PROVISIONAL,v0.22_population_ledger
2017,400935404,2017-11-11T20:30:00.000Z,Maryland,Michigan,10,35,False,PRIMARY_REGULAR_PROVISIONAL,v0.22_population_ledger
2017,400935409,2017-11-11T20:30:00.000Z,Wisconsin,Iowa,38,14,False,PRIMARY_REGULAR_PROVISIONAL,v0.22_population_ledger
2017,400937516,2017-11-11T20:30:00.000Z,Clemson,Florida State,31,14,False,PRIMARY_REGULAR_PROVISIONAL,v0.22_population_ledger
2017,400937518,2017-11-11T20:30:00.000Z,Louisville,Virginia,38,21,False,PRIMARY_REGULAR_PROVISIONAL,v0.22_population_ledger
2017,400938656,2017-11-11T20:30:00.000Z,Louisiana Tech,Florida Atlantic,23,48,False,PRIMARY_REGULAR_PROVISIONAL,v0.22_population_ledger
2017,400938659,2017-11-11T20:30:00.000Z,Rice,Southern Miss,34,43,False,PRIMARY_REGULAR_PROVISIONAL,v0.22_population_ledger
2017,400941841,2017-11-11T20:30:00.000Z,Navy,SMU,43,40,False,PRIMARY_REGULAR_PROVISIONAL,v0.22_population_ledger
2017,400933920,2017-11-11T21:00:00.000Z,Vanderbilt,Kentucky,21,44,False,PRIMARY_REGULAR_PROVISIONAL,v0.22_population_ledger
2017,400935319,2017-11-11T21:00:00.000Z,Colorado,USC,24,38,False,PRIMARY_REGULAR_PROVISIONAL,v0.22_population_ledger
2017,400944873,2017-11-11T21:00:00.000Z,Texas State,Georgia State,30,33,False,PRIMARY_REGULAR_PROVISIONAL,v0.22_population_ledger
2017,400945298,2017-11-11T21:00:00.000Z,Nevada,San Jose State,59,14,False,PRIMARY_REGULAR_PROVISIONAL,v0.22_population_ledger
2017,400944874,2017-11-11T21:30:00.000Z,Coastal Carolina,Troy,17,42,False,PRIMARY_REGULAR_PROVISIONAL,v0.22_population_ledger
2017,400938658,2017-11-11T22:00:00.000Z,North Texas,UTEP,45,10,False,PRIMARY_REGULAR_PROVISIONAL,v0.22_population_ledger
2017,400944872,2017-11-11T22:00:00.000Z,South Alabama,Arkansas State,24,19,False,PRIMARY_REGULAR_PROVISIONAL,v0.22_population_ledger
2017,400935320,2017-11-11T22:30:00.000Z,Utah,Washington State,25,33,False,PRIMARY_REGULAR_PROVISIONAL,v0.22_population_ledger
2017,400934546,2017-11-11T23:00:00.000Z,Texas,Kansas,42,27,False,PRIMARY_REGULAR_PROVISIONAL,v0.22_population_ledger
2017,400938657,2017-11-11T23:30:00.000Z,Marshall,Western Kentucky,30,23,False,PRIMARY_REGULAR_PROVISIONAL,v0.22_population_ledger
2017,400933916,2017-11-12T00:00:00.000Z,Mississippi State,Alabama,24,31,False,PRIMARY_REGULAR_PROVISIONAL,v0.22_population_ledger
2017,400933919,2017-11-12T00:00:00.000Z,Texas A&M,New Mexico,55,14,False,PRIMARY_REGULAR_PROVISIONAL,v0.22_population_ledger
2017,400935406,2017-11-12T00:00:00.000Z,Northwestern,Purdue,23,13,False,PRIMARY_REGULAR_PROVISIONAL,v0.22_population_ledger
2017,400938655,2017-11-12T00:00:00.000Z,FIU,Old Dominion,30,37,False,PRIMARY_REGULAR_PROVISIONAL,v0.22_population_ledger
2017,400938660,2017-11-12T00:00:00.000Z,UTSA,UAB,19,24,False,PRIMARY_REGULAR_PROVISIONAL,v0.22_population_ledger
2017,400941843,2017-11-12T00:00:00.000Z,East Carolina,Tulane,24,31,False,PRIMARY_REGULAR_PROVISIONAL,v0.22_population_ledger
2017,400933917,2017-11-12T00:30:00.000Z,Missouri,Tennessee,50,17,False,PRIMARY_REGULAR_PROVISIONAL,v0.22_population_ledger
2017,400934550,2017-11-12T01:00:00.000Z,Oklahoma,TCU,38,20,False,PRIMARY_REGULAR_PROVISIONAL,v0.22_population_ledger
2017,400934581,2017-11-12T01:00:00.000Z,Miami (FL),Notre Dame,41,8,False,PRIMARY_REGULAR_PROVISIONAL,v0.22_population_ledger
2017,400935318,2017-11-12T02:30:00.000Z,UCLA,Arizona State,44,37,False,PRIMARY_REGULAR_PROVISIONAL,v0.22_population_ledger
2017,400935317,2017-11-12T03:00:00.000Z,Arizona,Oregon State,49,28,False,PRIMARY_REGULAR_PROVISIONAL,v0.22_population_ledger
2017,400945295,2017-11-12T03:15:00.000Z,Air Force,Wyoming,14,28,False,PRIMARY_REGULAR_PROVISIONAL,v0.22_population_ledger
2017,400945296,2017-11-12T03:30:00.000Z,Colorado State,Boise State,52,59,False,PRIMARY_REGULAR_PROVISIONAL,v0.22_population_ledger
2017,400945297,2017-11-12T04:00:00.000Z,Hawaii,Fresno State,21,31,False,PRIMARY_REGULAR_PROVISIONAL,v0.22_population_ledger
2017,400945019,2017-11-15T00:00:00.000Z,Kent State,Central Michigan,23,42,False,PRIMARY_REGULAR_PROVISIONAL,v0.22_population_ledger
2017,400945020,2017-11-15T00:00:00.000Z,Akron,Ohio,37,34,False,PRIMARY_REGULAR_PROVISIONAL,v0.22_population_ledger
2017,400945021,2017-11-16T00:00:00.000Z,Miami (OH),Eastern Michigan,24,27,False,PRIMARY_REGULAR_PROVISIONAL,v0.22_population_ledger
2017,400945023,2017-11-16T00:00:00.000Z,Northern Illinois,Western Michigan,35,31,False,PRIMARY_REGULAR_PROVISIONAL,v0.22_population_ledger
2017,400945022,2017-11-16T01:00:00.000Z,Bowling Green,Toledo,37,66,False,PRIMARY_REGULAR_PROVISIONAL,v0.22_population_ledger
2017,400945024,2017-11-17T00:00:00.000Z,Ball State,Buffalo,24,40,False,PRIMARY_REGULAR_PROVISIONAL,v0.22_population_ledger
2017,400941848,2017-11-17T00:30:00.000Z,South Florida,Tulsa,27,20,False,PRIMARY_REGULAR_PROVISIONAL,v0.22_population_ledger
2017,400938665,2017-11-18T01:00:00.000Z,Western Kentucky,Middle Tennessee,41,38,False,PRIMARY_REGULAR_PROVISIONAL,v0.22_population_ledger
2017,400945302,2017-11-18T02:30:00.000Z,New Mexico,UNLV,35,38,False,PRIMARY_REGULAR_PROVISIONAL,v0.22_population_ledger
2017,400933922,2017-11-18T17:00:00.000Z,Arkansas,Mississippi State,21,28,False,PRIMARY_REGULAR_PROVISIONAL,v0.22_population_ledger
2017,400933923,2017-11-18T17:00:00.000Z,Auburn,UL Monroe,42,14,False,PRIMARY_REGULAR_PROVISIONAL,v0.22_population_ledger
2017,400934554,2017-11-18T17:00:00.000Z,West Virginia,Texas,14,28,False,PRIMARY_REGULAR_PROVISIONAL,v0.22_population_ledger
2017,400934555,2017-11-18T17:00:00.000Z,Texas Tech,TCU,3,27,False,PRIMARY_REGULAR_PROVISIONAL,v0.22_population_ledger
2017,400935410,2017-11-18T17:00:00.000Z,Indiana,Rutgers,41,0,False,PRIMARY_REGULAR_PROVISIONAL,v0.22_population_ledger
2017,400935413,2017-11-18T17:00:00.000Z,Northwestern,Minnesota,39,0,False,PRIMARY_REGULAR_PROVISIONAL,v0.22_population_ledger
2017,400935416,2017-11-18T17:00:00.000Z,Wisconsin,Michigan,24,10,False,PRIMARY_REGULAR_PROVISIONAL,v0.22_population_ledger
2017,400937525,2017-11-18T17:00:00.000Z,Miami (FL),Virginia,44,28,False,PRIMARY_REGULAR_PROVISIONAL,v0.22_population_ledger
2017,400941844,2017-11-18T17:00:00.000Z,Temple,UCF,19,45,False,PRIMARY_REGULAR_PROVISIONAL,v0.22_population_ledger
2017,400941845,2017-11-18T17:00:00.000Z,East Carolina,Cincinnati,48,20,False,PRIMARY_REGULAR_PROVISIONAL,v0.22_population_ledger
2017,400941847,2017-11-18T17:00:00.000Z,Memphis,SMU,66,45,False,PRIMARY_REGULAR_PROVISIONAL,v0.22_population_ledger
2017,400937528,2017-11-18T17:20:00.000Z,Virginia Tech,Pittsburgh,20,14,False,PRIMARY_REGULAR_PROVISIONAL,v0.22_population_ledger
2017,400938666,2017-11-18T19:00:00.000Z,Old Dominion,Rice,24,21,False,PRIMARY_REGULAR_PROVISIONAL,v0.22_population_ledger
2017,400945304,2017-11-18T19:00:00.000Z,Wyoming,Fresno State,7,13,False,PRIMARY_REGULAR_PROVISIONAL,v0.22_population_ledger
2017,400934551,2017-11-18T19:30:00.000Z,Baylor,Iowa State,13,23,False,PRIMARY_REGULAR_PROVISIONAL,v0.22_population_ledger
2017,400935322,2017-11-18T20:00:00.000Z,Oregon State,Arizona State,24,40,False,PRIMARY_REGULAR_PROVISIONAL,v0.22_population_ledger
2017,400938661,2017-11-18T20:00:00.000Z,Southern Miss,Charlotte,66,21,False,PRIMARY_REGULAR_PROVISIONAL,v0.22_population_ledger
2017,400938663,2017-11-18T20:00:00.000Z,UTEP,Louisiana Tech,21,42,False,PRIMARY_REGULAR_PROVISIONAL,v0.22_population_ledger
2017,400938895,2017-11-18T20:00:00.000Z,BYU,UMass,10,16,False,PRIMARY_REGULAR_PROVISIONAL,v0.22_population_ledger
2017,400944875,2017-11-18T20:00:00.000Z,Arkansas State,Texas State,30,12,False,PRIMARY_REGULAR_PROVISIONAL,v0.22_population_ledger
2017,400944877,2017-11-18T20:00:00.000Z,Georgia Southern,South Alabama,52,0,False,PRIMARY_REGULAR_PROVISIONAL,v0.22_population_ledger
2017,400945303,2017-11-18T20:00:00.000Z,Utah State,Hawaii,38,0,False,PRIMARY_REGULAR_PROVISIONAL,v0.22_population_ledger
2017,400933925,2017-11-18T20:30:00.000Z,Georgia,Kentucky,42,13,False,PRIMARY_REGULAR_PROVISIONAL,v0.22_population_ledger
2017,400934552,2017-11-18T20:30:00.000Z,Oklahoma State,Kansas State,40,45,False,PRIMARY_REGULAR_PROVISIONAL,v0.22_population_ledger
2017,400934553,2017-11-18T20:30:00.000Z,Kansas,Oklahoma,3,41,False,PRIMARY_REGULAR_PROVISIONAL,v0.22_population_ledger
2017,400934582,2017-11-18T20:30:00.000Z,Notre Dame,Navy,24,17,False,PRIMARY_REGULAR_PROVISIONAL,v0.22_population_ledger
2017,400935411,2017-11-18T20:30:00.000Z,Iowa,Purdue,15,24,False,PRIMARY_REGULAR_PROVISIONAL,v0.22_population_ledger
2017,400935414,2017-11-18T20:30:00.000Z,Ohio State,Illinois,52,14,False,PRIMARY_REGULAR_PROVISIONAL,v0.22_population_ledger
2017,400937522,2017-11-18T20:30:00.000Z,Duke,Georgia Tech,43,20,False,PRIMARY_REGULAR_PROVISIONAL,v0.22_population_ledger
2017,400937524,2017-11-18T20:30:00.000Z,Louisville,Syracuse,56,10,False,PRIMARY_REGULAR_PROVISIONAL,v0.22_population_ledger
2017,400945301,2017-11-18T20:30:00.000Z,Colorado State,San Jose State,42,14,False,PRIMARY_REGULAR_PROVISIONAL,v0.22_population_ledger
2017,400933924,2017-11-18T21:00:00.000Z,Florida,UAB,36,7,False,PRIMARY_REGULAR_PROVISIONAL,v0.22_population_ledger
2017,400935412,2017-11-18T21:00:00.000Z,Michigan State,Maryland,17,7,False,PRIMARY_REGULAR_PROVISIONAL,v0.22_population_ledger
2017,400935415,2017-11-18T21:00:00.000Z,Penn State,Nebraska,56,44,False,PRIMARY_REGULAR_PROVISIONAL,v0.22_population_ledger
2017,400941846,2017-11-18T21:00:00.000Z,Tulane,Houston,20,17,False,PRIMARY_REGULAR_PROVISIONAL,v0.22_population_ledger
2017,400944876,2017-11-18T22:00:00.000Z,Idaho,Coastal Carolina,7,13,False,PRIMARY_REGULAR_PROVISIONAL,v0.22_population_ledger
2017,400944878,2017-11-18T22:00:00.000Z,Louisiana,New Mexico State,47,34,False,PRIMARY_REGULAR_PROVISIONAL,v0.22_population_ledger
2017,400934571,2017-11-18T23:30:00.000Z,North Texas,Army,52,49,False,PRIMARY_REGULAR_PROVISIONAL,v0.22_population_ledger
2017,400933926,2017-11-19T00:00:00.000Z,Ole Miss,Texas A&M,24,31,False,PRIMARY_REGULAR_PROVISIONAL,v0.22_population_ledger
2017,400933928,2017-11-19T00:00:00.000Z,Tennessee,LSU,10,30,False,PRIMARY_REGULAR_PROVISIONAL,v0.22_population_ledger
2017,400935321,2017-11-19T00:00:00.000Z,Oregon,Arizona,48,28,False,PRIMARY_REGULAR_PROVISIONAL,v0.22_population_ledger
2017,400937520,2017-11-19T00:00:00.000Z,UConn,Boston College,16,39,True,PRIMARY_REGULAR_PROVISIONAL,v0.22_population_ledger
2017,400938662,2017-11-19T00:00:00.000Z,Florida Atlantic,FIU,52,24,False,PRIMARY_REGULAR_PROVISIONAL,v0.22_population_ledger
2017,400938664,2017-11-19T00:00:00.000Z,UTSA,Marshall,9,7,False,PRIMARY_REGULAR_PROVISIONAL,v0.22_population_ledger
2017,400937527,2017-11-19T00:30:00.000Z,Wake Forest,NC State,30,24,False,PRIMARY_REGULAR_PROVISIONAL,v0.22_population_ledger
2017,400933929,2017-11-19T01:00:00.000Z,Vanderbilt,Missouri,17,45,False,PRIMARY_REGULAR_PROVISIONAL,v0.22_population_ledger
2017,400935323,2017-11-19T01:00:00.000Z,USC,UCLA,28,23,False,PRIMARY_REGULAR_PROVISIONAL,v0.22_population_ledger
2017,400935325,2017-11-19T01:00:00.000Z,Stanford,California,17,14,False,PRIMARY_REGULAR_PROVISIONAL,v0.22_population_ledger
2017,400945300,2017-11-19T03:15:00.000Z,Boise State,Air Force,44,19,False,PRIMARY_REGULAR_PROVISIONAL,v0.22_population_ledger
2017,400935324,2017-11-19T03:30:00.000Z,Washington,Utah,33,30,False,PRIMARY_REGULAR_PROVISIONAL,v0.22_population_ledger
2017,400945305,2017-11-19T03:30:00.000Z,San Diego State,Nevada,42,23,False,PRIMARY_REGULAR_PROVISIONAL,v0.22_population_ledger
2017,400945025,2017-11-22T00:00:00.000Z,Eastern Michigan,Bowling Green,34,31,False,PRIMARY_REGULAR_PROVISIONAL,v0.22_population_ledger
2017,400945026,2017-11-22T00:00:00.000Z,Akron,Kent State,24,14,False,PRIMARY_REGULAR_PROVISIONAL,v0.22_population_ledger
2017,400945027,2017-11-22T00:00:00.000Z,Ball State,Miami (OH),7,28,False,PRIMARY_REGULAR_PROVISIONAL,v0.22_population_ledger
2017,400933930,2017-11-24T00:30:00.000Z,Mississippi State,Ole Miss,28,31,False,PRIMARY_REGULAR_PROVISIONAL,v0.22_population_ledger
2017,400945030,2017-11-24T16:30:00.000Z,Toledo,Western Michigan,37,10,False,PRIMARY_REGULAR_PROVISIONAL,v0.22_population_ledger
2017,400934556,2017-11-24T17:00:00.000Z,TCU,Baylor,45,22,False,PRIMARY_REGULAR_PROVISIONAL,v0.22_population_ledger
2017,400937529,2017-11-24T17:00:00.000Z,Pittsburgh,Miami (FL),24,14,False,PRIMARY_REGULAR_PROVISIONAL,v0.22_population_ledger
2017,400941850,2017-11-24T17:00:00.000Z,Houston,Navy,24,14,False,PRIMARY_REGULAR_PROVISIONAL,v0.22_population_ledger
2017,400945028,2017-11-24T17:00:00.000Z,Central Michigan,Northern Illinois,31,24,False,PRIMARY_REGULAR_PROVISIONAL,v0.22_population_ledger
2017,400945029,2017-11-24T18:00:00.000Z,Buffalo,Ohio,31,24,False,PRIMARY_REGULAR_PROVISIONAL,v0.22_population_ledger
2017,400933931,2017-11-24T19:30:00.000Z,Arkansas,Missouri,45,48,False,PRIMARY_REGULAR_PROVISIONAL,v0.22_population_ledger
2017,400941849,2017-11-24T20:30:00.000Z,UCF,South Florida,49,42,False,PRIMARY_REGULAR_PROVISIONAL,v0.22_population_ledger
2017,400945308,2017-11-24T20:30:00.000Z,San Diego State,New Mexico,35,10,False,PRIMARY_REGULAR_PROVISIONAL,v0.22_population_ledger
2017,400935417,2017-11-24T21:00:00.000Z,Nebraska,Iowa,14,56,False,PRIMARY_REGULAR_PROVISIONAL,v0.22_population_ledger
2017,400944883,2017-11-24T21:00:00.000Z,Troy,Texas State,62,9,False,PRIMARY_REGULAR_PROVISIONAL,v0.22_population_ledger
2017,400938668,2017-11-25T00:00:00.000Z,FIU,Western Kentucky,41,17,False,PRIMARY_REGULAR_PROVISIONAL,v0.22_population_ledger
2017,400934557,2017-11-25T01:00:00.000Z,Texas,Texas Tech,23,27,False,PRIMARY_REGULAR_PROVISIONAL,v0.22_population_ledger
2017,400937530,2017-11-25T01:00:00.000Z,Virginia,Virginia Tech,0,10,False,PRIMARY_REGULAR_PROVISIONAL,v0.22_population_ledger
2017,400935326,2017-11-25T03:30:00.000Z,UCLA,California,30,27,False,PRIMARY_REGULAR_PROVISIONAL,v0.22_population_ledger
2017,400933933,2017-11-25T17:00:00.000Z,Florida,Florida State,22,38,False,PRIMARY_REGULAR_PROVISIONAL,v0.22_population_ledger
2017,400933934,2017-11-25T17:00:00.000Z,Georgia Tech,Georgia,7,38,False,PRIMARY_REGULAR_PROVISIONAL,v0.22_population_ledger
2017,400933935,2017-11-25T17:00:00.000Z,Kentucky,Louisville,17,44,False,PRIMARY_REGULAR_PROVISIONAL,v0.22_population_ledger
2017,400934559,2017-11-25T17:00:00.000Z,Oklahoma State,Kansas,58,17,False,PRIMARY_REGULAR_PROVISIONAL,v0.22_population_ledger
2017,400935420,2017-11-25T17:00:00.000Z,Michigan,Ohio State,20,31,False,PRIMARY_REGULAR_PROVISIONAL,v0.22_population_ledger
2017,400935422,2017-11-25T17:00:00.000Z,Purdue,Indiana,31,24,False,PRIMARY_REGULAR_PROVISIONAL,v0.22_population_ledger
2017,400941851,2017-11-25T17:00:00.000Z,Cincinnati,UConn,22,21,False,PRIMARY_REGULAR_PROVISIONAL,v0.22_population_ledger
2017,400941852,2017-11-25T17:00:00.000Z,Memphis,East Carolina,70,13,False,PRIMARY_REGULAR_PROVISIONAL,v0.22_population_ledger
2017,400941854,2017-11-25T17:00:00.000Z,SMU,Tulane,41,38,False,PRIMARY_REGULAR_PROVISIONAL,v0.22_population_ledger
2017,400937531,2017-11-25T17:20:00.000Z,Syracuse,Boston College,14,42,False,PRIMARY_REGULAR_PROVISIONAL,v0.22_population_ledger
2017,400937532,2017-11-25T17:30:00.000Z,Wake Forest,Duke,23,31,False,PRIMARY_REGULAR_PROVISIONAL,v0.22_population_ledger
2017,400938672,2017-11-25T18:00:00.000Z,Rice,North Texas,14,30,False,PRIMARY_REGULAR_PROVISIONAL,v0.22_population_ledger
2017,400938673,2017-11-25T18:00:00.000Z,UAB,UTEP,28,7,False,PRIMARY_REGULAR_PROVISIONAL,v0.22_population_ledger
2017,400938667,2017-11-25T19:00:00.000Z,Charlotte,Florida Atlantic,12,31,False,PRIMARY_REGULAR_PROVISIONAL,v0.22_population_ledger
2017,400944879,2017-11-25T19:00:00.000Z,Georgia State,Appalachian State,10,31,False,PRIMARY_REGULAR_PROVISIONAL,v0.22_population_ledger
2017,400938670,2017-11-25T19:30:00.000Z,Marshall,Southern Miss,27,28,False,PRIMARY_REGULAR_PROVISIONAL,v0.22_population_ledger
2017,400938671,2017-11-25T20:00:00.000Z,Middle Tennessee,Old Dominion,41,10,False,PRIMARY_REGULAR_PROVISIONAL,v0.22_population_ledger
2017,400944880,2017-11-25T20:00:00.000Z,UL Monroe,Arkansas State,50,67,False,PRIMARY_REGULAR_PROVISIONAL,v0.22_population_ledger
2017,400945311,2017-11-25T20:00:00.000Z,Nevada,UNLV,23,16,False,PRIMARY_REGULAR_PROVISIONAL,v0.22_population_ledger
2017,400933932,2017-11-25T20:30:00.000Z,Auburn,Alabama,26,14,False,PRIMARY_REGULAR_PROVISIONAL,v0.22_population_ledger
2017,400934558,2017-11-25T20:30:00.000Z,Kansas State,Iowa State,20,19,False,PRIMARY_REGULAR_PROVISIONAL,v0.22_population_ledger
2017,400935419,2017-11-25T20:30:00.000Z,Maryland,Penn State,3,66,False,PRIMARY_REGULAR_PROVISIONAL,v0.22_population_ledger
2017,400935421,2017-11-25T20:30:00.000Z,Minnesota,Wisconsin,0,31,False,PRIMARY_REGULAR_PROVISIONAL,v0.22_population_ledger
2017,400937533,2017-11-25T20:30:00.000Z,NC State,North Carolina,33,21,False,PRIMARY_REGULAR_PROVISIONAL,v0.22_population_ledger
2017,400945307,2017-11-25T20:30:00.000Z,Fresno State,Boise State,28,17,False,PRIMARY_REGULAR_PROVISIONAL,v0.22_population_ledger
2017,400934560,2017-11-25T20:45:00.000Z,Oklahoma,West Virginia,59,31,False,PRIMARY_REGULAR_PROVISIONAL,v0.22_population_ledger
2017,400933938,2017-11-25T21:00:00.000Z,Tennessee,Vanderbilt,24,42,False,PRIMARY_REGULAR_PROVISIONAL,v0.22_population_ledger
2017,400935418,2017-11-25T21:00:00.000Z,Illinois,Northwestern,7,42,False,PRIMARY_REGULAR_PROVISIONAL,v0.22_population_ledger
2017,400935423,2017-11-25T21:00:00.000Z,Rutgers,Michigan State,7,40,False,PRIMARY_REGULAR_PROVISIONAL,v0.22_population_ledger
2017,400941853,2017-11-25T21:00:00.000Z,Tulsa,Temple,22,43,False,PRIMARY_REGULAR_PROVISIONAL,v0.22_population_ledger
2017,400944882,2017-11-25T21:00:00.000Z,New Mexico State,Idaho,17,10,False,PRIMARY_REGULAR_PROVISIONAL,v0.22_population_ledger
2017,400935328,2017-11-25T21:30:00.000Z,Arizona State,Arizona,42,30,False,PRIMARY_REGULAR_PROVISIONAL,v0.22_population_ledger
2017,400944881,2017-11-25T22:00:00.000Z,Louisiana,Georgia Southern,24,34,False,PRIMARY_REGULAR_PROVISIONAL,v0.22_population_ledger
2017,400945309,2017-11-25T22:00:00.000Z,San Jose State,Wyoming,20,17,False,PRIMARY_REGULAR_PROVISIONAL,v0.22_population_ledger
2017,400935327,2017-11-26T00:00:00.000Z,Oregon,Oregon State,69,10,False,PRIMARY_REGULAR_PROVISIONAL,v0.22_population_ledger
2017,400933936,2017-11-26T00:30:00.000Z,LSU,Texas A&M,45,21,False,PRIMARY_REGULAR_PROVISIONAL,v0.22_population_ledger
2017,400933937,2017-11-26T00:30:00.000Z,South Carolina,Clemson,10,34,False,PRIMARY_REGULAR_PROVISIONAL,v0.22_population_ledger
2017,400938669,2017-11-26T00:30:00.000Z,Louisiana Tech,UTSA,20,6,False,PRIMARY_REGULAR_PROVISIONAL,v0.22_population_ledger
2017,400934583,2017-11-26T01:00:00.000Z,Stanford,Notre Dame,38,20,False,PRIMARY_REGULAR_PROVISIONAL,v0.22_population_ledger
2017,400935330,2017-11-26T01:00:00.000Z,Washington,Washington State,41,14,False,PRIMARY_REGULAR_PROVISIONAL,v0.22_population_ledger
2017,400945310,2017-11-26T02:00:00.000Z,Hawaii,BYU,20,30,False,PRIMARY_REGULAR_PROVISIONAL,v0.22_population_ledger
2017,400935329,2017-11-26T03:00:00.000Z,Utah,Colorado,34,13,False,PRIMARY_REGULAR_PROVISIONAL,v0.22_population_ledger
2017,400945306,2017-11-26T03:15:00.000Z,Air Force,Utah State,38,35,False,PRIMARY_REGULAR_PROVISIONAL,v0.22_population_ledger
2017,400955149,2017-12-02T01:00:00.000Z,USC,Stanford,31,28,True,PRIMARY_REGULAR_PROVISIONAL,v0.22_population_ledger
2017,400955150,2017-12-02T17:00:00.000Z,Toledo,Akron,45,28,True,PRIMARY_REGULAR_PROVISIONAL,v0.22_population_ledger
2017,400955151,2017-12-02T17:00:00.000Z,UCF,Memphis,62,55,False,PRIMARY_REGULAR_PROVISIONAL,v0.22_population_ledger
2017,400955152,2017-12-02T17:00:00.000Z,Florida Atlantic,North Texas,41,17,False,PRIMARY_REGULAR_PROVISIONAL,v0.22_population_ledger
2017,400985387,2017-12-02T17:00:00.000Z,FIU,UMass,63,45,False,PRIMARY_REGULAR_PROVISIONAL,v0.22_population_ledger
2017,401000149,2017-12-02T17:00:00.000Z,Florida State,UL Monroe,42,10,False,PRIMARY_REGULAR_PROVISIONAL,v0.22_population_ledger
2017,400955157,2017-12-02T17:30:00.000Z,Oklahoma,TCU,41,17,True,PRIMARY_REGULAR_PROVISIONAL,v0.22_population_ledger
2017,400944886,2017-12-02T18:00:00.000Z,Coastal Carolina,Georgia Southern,28,17,False,PRIMARY_REGULAR_PROVISIONAL,v0.22_population_ledger
2017,400944887,2017-12-02T19:00:00.000Z,Georgia State,Idaho,10,24,False,PRIMARY_REGULAR_PROVISIONAL,v0.22_population_ledger
2017,400944884,2017-12-02T19:30:00.000Z,Appalachian State,Louisiana,63,14,False,PRIMARY_REGULAR_PROVISIONAL,v0.22_population_ledger
2017,400955153,2017-12-02T21:00:00.000Z,Auburn,Georgia,7,28,True,PRIMARY_REGULAR_PROVISIONAL,v0.22_population_ledger
2017,400944888,2017-12-02T21:30:00.000Z,New Mexico State,South Alabama,22,17,False,PRIMARY_REGULAR_PROVISIONAL,v0.22_population_ledger
2017,400944885,2017-12-03T00:30:00.000Z,Arkansas State,Troy,25,32,False,PRIMARY_REGULAR_PROVISIONAL,v0.22_population_ledger
2017,400955154,2017-12-03T00:45:00.000Z,Boise State,Fresno State,17,14,False,PRIMARY_REGULAR_PROVISIONAL,v0.22_population_ledger
2017,400955155,2017-12-03T01:00:00.000Z,Clemson,Miami (FL),38,3,True,PRIMARY_REGULAR_PROVISIONAL,v0.22_population_ledger
2017,400955156,2017-12-03T01:00:00.000Z,Wisconsin,Ohio State,21,27,True,PRIMARY_REGULAR_PROVISIONAL,v0.22_population_ledger
2017,400934572,2017-12-09T20:00:00.000Z,Navy,Army,13,14,True,PRIMARY_REGULAR_PROVISIONAL,v0.22_population_ledger
2018,401022510,2018-08-25T23:30:00.000Z,Colorado State,Hawaii,34,43,False,PRIMARY_REGULAR_PROVISIONAL,v0.22_population_ledger
2018,401013437,2018-08-26T02:00:00.000Z,New Mexico State,Wyoming,7,29,False,PRIMARY_REGULAR_PROVISIONAL,v0.22_population_ledger
2018,401013328,2018-08-30T23:00:00.000Z,Minnesota,New Mexico State,48,10,False,PRIMARY_REGULAR_PROVISIONAL,v0.22_population_ledger
2018,401019470,2018-08-30T23:00:00.000Z,UConn,UCF,17,56,False,PRIMARY_REGULAR_PROVISIONAL,v0.22_population_ledger
2018,401013086,2018-08-31T00:00:00.000Z,Tulane,Wake Forest,17,23,False,PRIMARY_REGULAR_PROVISIONAL,v0.22_population_ledger
2018,401013342,2018-08-31T00:00:00.000Z,Purdue,Northwestern,27,31,False,PRIMARY_REGULAR_PROVISIONAL,v0.22_population_ledger
2018,401020673,2018-08-31T22:00:00.000Z,Western Michigan,Syracuse,42,55,False,PRIMARY_REGULAR_PROVISIONAL,v0.22_population_ledger
2018,401012880,2018-08-31T23:00:00.000Z,Michigan State,Utah State,38,31,False,PRIMARY_REGULAR_PROVISIONAL,v0.22_population_ledger
2018,401013089,2018-08-31T23:00:00.000Z,Duke,Army,34,14,False,PRIMARY_REGULAR_PROVISIONAL,v0.22_population_ledger
2018,401013354,2018-09-01T01:00:00.000Z,Wisconsin,Western Kentucky,34,3,False,PRIMARY_REGULAR_PROVISIONAL,v0.22_population_ledger
2018,401022512,2018-09-01T01:00:00.000Z,Stanford,San Diego State,31,10,False,PRIMARY_REGULAR_PROVISIONAL,v0.22_population_ledger
2018,401012680,2018-09-01T01:30:00.000Z,Colorado State,Colorado,13,45,True,PRIMARY_REGULAR_PROVISIONAL,v0.22_population_ledger
2018,401012253,2018-09-01T16:00:00.000Z,Texas Tech,Ole Miss,27,47,True,PRIMARY_REGULAR_PROVISIONAL,v0.22_population_ledger
2018,401012256,2018-09-01T16:00:00.000Z,South Carolina,Coastal Carolina,49,15,False,PRIMARY_REGULAR_PROVISIONAL,v0.22_population_ledger
2018,401012682,2018-09-01T16:00:00.000Z,Ohio State,Oregon State,77,31,False,PRIMARY_REGULAR_PROVISIONAL,v0.22_population_ledger
2018,401012804,2018-09-01T16:00:00.000Z,Illinois,Kent State,31,24,False,PRIMARY_REGULAR_PROVISIONAL,v0.22_population_ledger
2018,401012820,2018-09-01T16:00:00.000Z,Rutgers,Texas State,35,7,False,PRIMARY_REGULAR_PROVISIONAL,v0.22_population_ledger
2018,401012872,2018-09-01T16:00:00.000Z,Maryland,Texas,34,29,True,PRIMARY_REGULAR_PROVISIONAL,v0.22_population_ledger
2018,401013065,2018-09-01T16:00:00.000Z,Oklahoma,Florida Atlantic,63,14,False,PRIMARY_REGULAR_PROVISIONAL,v0.22_population_ledger
2018,401014977,2018-09-01T16:00:00.000Z,Rice,Houston,27,45,False,PRIMARY_REGULAR_PROVISIONAL,v0.22_population_ledger
2018,401013087,2018-09-01T17:00:00.000Z,Boston College,UMass,55,21,False,PRIMARY_REGULAR_PROVISIONAL,v0.22_population_ledger
2018,401012248,2018-09-01T19:30:00.000Z,Auburn,Washington,21,16,True,PRIMARY_REGULAR_PROVISIONAL,v0.22_population_ledger
2018,401012251,2018-09-01T19:30:00.000Z,Kentucky,Central Michigan,35,20,False,PRIMARY_REGULAR_PROVISIONAL,v0.22_population_ledger
2018,401012257,2018-09-01T19:30:00.000Z,Tennessee,West Virginia,14,40,True,PRIMARY_REGULAR_PROVISIONAL,v0.22_population_ledger
2018,401012683,2018-09-01T19:30:00.000Z,Wyoming,Washington State,19,41,False,PRIMARY_REGULAR_PROVISIONAL,v0.22_population_ledger
2018,401013349,2018-09-01T19:30:00.000Z,Penn State,Appalachian State,45,38,False,PRIMARY_REGULAR_PROVISIONAL,v0.22_population_ledger
2018,401012862,2018-09-01T19:40:00.000Z,Iowa,Northern Illinois,33,7,False,PRIMARY_REGULAR_PROVISIONAL,v0.22_population_ledger
2018,401012678,2018-09-01T20:00:00.000Z,USC,UNLV,43,21,False,PRIMARY_REGULAR_PROVISIONAL,v0.22_population_ledger
2018,401012684,2018-09-01T20:00:00.000Z,California,North Carolina,24,17,False,PRIMARY_REGULAR_PROVISIONAL,v0.22_population_ledger
2018,401013448,2018-09-01T22:00:00.000Z,Liberty,Old Dominion,52,10,False,PRIMARY_REGULAR_PROVISIONAL,v0.22_population_ledger
2018,401014975,2018-09-01T22:00:00.000Z,Miami (OH),Marshall,28,35,False,PRIMARY_REGULAR_PROVISIONAL,v0.22_population_ledger
2018,401021656,2018-09-01T22:00:00.000Z,Troy,Boise State,20,56,False,PRIMARY_REGULAR_PROVISIONAL,v0.22_population_ledger
2018,401012679,2018-09-01T23:00:00.000Z,UCLA,Cincinnati,17,26,False,PRIMARY_REGULAR_PROVISIONAL,v0.22_population_ledger
2018,401012851,2018-09-01T23:00:00.000Z,FIU,Indiana,28,38,False,PRIMARY_REGULAR_PROVISIONAL,v0.22_population_ledger
2018,401014974,2018-09-01T23:00:00.000Z,South Alabama,Louisiana Tech,26,30,False,PRIMARY_REGULAR_PROVISIONAL,v0.22_population_ledger
2018,401012259,2018-09-01T23:30:00.000Z,Vanderbilt,Middle Tennessee,35,7,False,PRIMARY_REGULAR_PROVISIONAL,v0.22_population_ledger
2018,401012888,2018-09-01T23:30:00.000Z,Notre Dame,Michigan,24,17,False,PRIMARY_REGULAR_PROVISIONAL,v0.22_population_ledger
2018,401014976,2018-09-01T23:30:00.000Z,North Texas,SMU,46,23,False,PRIMARY_REGULAR_PROVISIONAL,v0.22_population_ledger
2018,401012246,2018-09-02T00:00:00.000Z,Alabama,Louisville,51,14,True,PRIMARY_REGULAR_PROVISIONAL,v0.22_population_ledger
2018,401012681,2018-09-02T00:00:00.000Z,Oregon,Bowling Green,58,24,False,PRIMARY_REGULAR_PROVISIONAL,v0.22_population_ledger
2018,401012677,2018-09-02T02:30:00.000Z,Arizona State,UTSA,49,7,False,PRIMARY_REGULAR_PROVISIONAL,v0.22_population_ledger
2018,401012676,2018-09-02T02:45:00.000Z,Arizona,BYU,23,28,False,PRIMARY_REGULAR_PROVISIONAL,v0.22_population_ledger
2018,401019475,2018-09-02T03:00:00.000Z,Hawaii,Navy,59,41,False,PRIMARY_REGULAR_PROVISIONAL,v0.22_population_ledger
2018,401013095,2018-09-02T23:30:00.000Z,LSU,Miami (FL),33,17,True,PRIMARY_REGULAR_PROVISIONAL,v0.22_population_ledger
2018,401013096,2018-09-04T00:00:00.000Z,Florida State,Virginia Tech,3,24,False,PRIMARY_REGULAR_PROVISIONAL,v0.22_population_ledger
2018,401019477,2018-09-08T00:00:00.000Z,SMU,TCU,12,42,False,PRIMARY_REGULAR_PROVISIONAL,v0.22_population_ledger
2018,401012266,2018-09-08T16:00:00.000Z,Kansas State,Mississippi State,10,31,False,PRIMARY_REGULAR_PROVISIONAL,v0.22_population_ledger
2018,401012271,2018-09-08T16:00:00.000Z,Vanderbilt,Nevada,41,10,False,PRIMARY_REGULAR_PROVISIONAL,v0.22_population_ledger
2018,401012726,2018-09-08T16:00:00.000Z,Houston,Arizona,45,18,False,PRIMARY_REGULAR_PROVISIONAL,v0.22_population_ledger
2018,401012889,2018-09-08T16:00:00.000Z,Michigan,Western Michigan,49,3,False,PRIMARY_REGULAR_PROVISIONAL,v0.22_population_ledger
2018,401013098,2018-09-08T16:00:00.000Z,Northwestern,Duke,7,21,False,PRIMARY_REGULAR_PROVISIONAL,v0.22_population_ledger
2018,401013100,2018-09-08T16:00:00.000Z,South Florida,Georgia Tech,49,38,False,PRIMARY_REGULAR_PROVISIONAL,v0.22_population_ledger
2018,401013352,2018-09-08T16:00:00.000Z,Purdue,Eastern Michigan,19,20,False,PRIMARY_REGULAR_PROVISIONAL,v0.22_population_ledger
2018,401013355,2018-09-08T16:00:00.000Z,Wisconsin,New Mexico,45,14,False,PRIMARY_REGULAR_PROVISIONAL,v0.22_population_ledger
2018,401013367,2018-09-08T16:00:00.000Z,Army,Liberty,38,14,False,PRIMARY_REGULAR_PROVISIONAL,v0.22_population_ledger
2018,401013104,2018-09-08T16:30:00.000Z,NC State,Georgia State,41,7,False,PRIMARY_REGULAR_PROVISIONAL,v0.22_population_ledger
2018,401012728,2018-09-08T17:00:00.000Z,Oklahoma,UCLA,49,21,False,PRIMARY_REGULAR_PROVISIONAL,v0.22_population_ledger
2018,401014983,2018-09-08T18:00:00.000Z,Florida Atlantic,Air Force,33,26,False,PRIMARY_REGULAR_PROVISIONAL,v0.22_population_ledger
2018,401013049,2018-09-08T19:00:00.000Z,Central Michigan,Kansas,7,31,False,PRIMARY_REGULAR_PROVISIONAL,v0.22_population_ledger
2018,401012260,2018-09-08T19:30:00.000Z,Alabama,Arkansas State,57,7,False,PRIMARY_REGULAR_PROVISIONAL,v0.22_population_ledger
2018,401012268,2018-09-08T19:30:00.000Z,South Carolina,Georgia,17,41,False,PRIMARY_REGULAR_PROVISIONAL,v0.22_population_ledger
2018,401012729,2018-09-08T19:30:00.000Z,Nebraska,Colorado,28,33,False,PRIMARY_REGULAR_PROVISIONAL,v0.22_population_ledger
2018,401012821,2018-09-08T19:30:00.000Z,Ohio State,Rutgers,52,3,False,PRIMARY_REGULAR_PROVISIONAL,v0.22_population_ledger
2018,401013103,2018-09-08T19:30:00.000Z,East Carolina,North Carolina,41,19,False,PRIMARY_REGULAR_PROVISIONAL,v0.22_population_ledger
2018,401013377,2018-09-08T19:30:00.000Z,Notre Dame,Ball State,24,16,False,PRIMARY_REGULAR_PROVISIONAL,v0.22_population_ledger
2018,401019478,2018-09-08T19:30:00.000Z,Temple,Buffalo,29,36,False,PRIMARY_REGULAR_PROVISIONAL,v0.22_population_ledger
2018,401019479,2018-09-08T19:30:00.000Z,Navy,Memphis,22,21,False,PRIMARY_REGULAR_PROVISIONAL,v0.22_population_ledger
2018,401012863,2018-09-08T21:00:00.000Z,Iowa,Iowa State,13,3,False,PRIMARY_REGULAR_PROVISIONAL,v0.22_population_ledger
2018,401012873,2018-09-08T22:00:00.000Z,Bowling Green,Maryland,14,45,False,PRIMARY_REGULAR_PROVISIONAL,v0.22_population_ledger
2018,401013358,2018-09-08T22:00:00.000Z,Georgia Southern,UMass,34,13,False,PRIMARY_REGULAR_PROVISIONAL,v0.22_population_ledger
2018,401014981,2018-09-08T22:00:00.000Z,Charlotte,Appalachian State,9,45,False,PRIMARY_REGULAR_PROVISIONAL,v0.22_population_ledger
2018,401012267,2018-09-08T23:00:00.000Z,Missouri,Wyoming,40,13,False,PRIMARY_REGULAR_PROVISIONAL,v0.22_population_ledger
2018,401012270,2018-09-08T23:00:00.000Z,Texas A&M,Clemson,26,28,False,PRIMARY_REGULAR_PROVISIONAL,v0.22_population_ledger
2018,401013027,2018-09-08T23:00:00.000Z,UTSA,Baylor,20,37,False,PRIMARY_REGULAR_PROVISIONAL,v0.22_population_ledger
2018,401014989,2018-09-08T23:00:00.000Z,Southern Miss,UL Monroe,20,21,False,PRIMARY_REGULAR_PROVISIONAL,v0.22_population_ledger
2018,401014990,2018-09-08T23:00:00.000Z,Coastal Carolina,UAB,47,24,False,PRIMARY_REGULAR_PROVISIONAL,v0.22_population_ledger
2018,401012261,2018-09-08T23:30:00.000Z,Colorado State,Arkansas,34,27,False,PRIMARY_REGULAR_PROVISIONAL,v0.22_population_ledger
2018,401012263,2018-09-08T23:30:00.000Z,Florida,Kentucky,16,27,False,PRIMARY_REGULAR_PROVISIONAL,v0.22_population_ledger
2018,401012730,2018-09-08T23:30:00.000Z,Northern Illinois,Utah,6,17,False,PRIMARY_REGULAR_PROVISIONAL,v0.22_population_ledger
2018,401012852,2018-09-08T23:30:00.000Z,Indiana,Virginia,20,16,False,PRIMARY_REGULAR_PROVISIONAL,v0.22_population_ledger
2018,401013329,2018-09-08T23:30:00.000Z,Minnesota,Fresno State,21,14,False,PRIMARY_REGULAR_PROVISIONAL,v0.22_population_ledger
2018,401014982,2018-09-08T23:30:00.000Z,Old Dominion,FIU,20,28,False,PRIMARY_REGULAR_PROVISIONAL,v0.22_population_ledger
2018,401013105,2018-09-09T00:00:00.000Z,Pittsburgh,Penn State,6,51,False,PRIMARY_REGULAR_PROVISIONAL,v0.22_population_ledger
2018,401013319,2018-09-09T00:00:00.000Z,Texas,Tulsa,28,21,False,PRIMARY_REGULAR_PROVISIONAL,v0.22_population_ledger
2018,401013438,2018-09-09T00:00:00.000Z,Utah State,New Mexico State,60,13,False,PRIMARY_REGULAR_PROVISIONAL,v0.22_population_ledger
2018,401013490,2018-09-09T00:00:00.000Z,Oklahoma State,South Alabama,55,13,False,PRIMARY_REGULAR_PROVISIONAL,v0.22_population_ledger
2018,401019482,2018-09-09T00:00:00.000Z,Miami (OH),Cincinnati,0,21,False,PRIMARY_REGULAR_PROVISIONAL,v0.22_population_ledger
2018,401012736,2018-09-09T00:30:00.000Z,Stanford,USC,17,3,False,PRIMARY_REGULAR_PROVISIONAL,v0.22_population_ledger
2018,401014991,2018-09-09T01:00:00.000Z,UNLV,UTEP,52,24,False,PRIMARY_REGULAR_PROVISIONAL,v0.22_population_ledger
2018,401012735,2018-09-09T02:15:00.000Z,BYU,California,18,21,False,PRIMARY_REGULAR_PROVISIONAL,v0.22_population_ledger
2018,401019483,2018-09-09T02:15:00.000Z,Boise State,UConn,62,7,False,PRIMARY_REGULAR_PROVISIONAL,v0.22_population_ledger
2018,401012727,2018-09-09T02:45:00.000Z,Arizona State,Michigan State,16,13,False,PRIMARY_REGULAR_PROVISIONAL,v0.22_population_ledger
2018,401012734,2018-09-09T03:00:00.000Z,Washington State,San Jose State,31,0,False,PRIMARY_REGULAR_PROVISIONAL,v0.22_population_ledger
2018,401014988,2018-09-09T03:59:00.000Z,Hawaii,Rice,43,29,False,PRIMARY_REGULAR_PROVISIONAL,v0.22_population_ledger
2018,401014993,2018-09-13T20:00:00.000Z,Charlotte,Old Dominion,28,25,False,PRIMARY_REGULAR_PROVISIONAL,v0.22_population_ledger
2018,401013109,2018-09-13T21:30:00.000Z,Wake Forest,Boston College,34,41,False,PRIMARY_REGULAR_PROVISIONAL,v0.22_population_ledger
2018,401019484,2018-09-14T23:00:00.000Z,Memphis,Georgia State,59,22,False,PRIMARY_REGULAR_PROVISIONAL,v0.22_population_ledger
2018,401012275,2018-09-15T16:00:00.000Z,Georgia,Middle Tennessee,49,7,False,PRIMARY_REGULAR_PROVISIONAL,v0.22_population_ledger
2018,401012281,2018-09-15T16:00:00.000Z,Tennessee,UTEP,24,0,False,PRIMARY_REGULAR_PROVISIONAL,v0.22_population_ledger
2018,401012822,2018-09-15T16:00:00.000Z,Kansas,Rutgers,55,14,False,PRIMARY_REGULAR_PROVISIONAL,v0.22_population_ledger
2018,401012853,2018-09-15T16:00:00.000Z,Indiana,Ball State,38,10,False,PRIMARY_REGULAR_PROVISIONAL,v0.22_population_ledger
2018,401012874,2018-09-15T16:00:00.000Z,Maryland,Temple,14,35,False,PRIMARY_REGULAR_PROVISIONAL,v0.22_population_ledger
2018,401013039,2018-09-15T16:00:00.000Z,Iowa State,Oklahoma,27,37,False,PRIMARY_REGULAR_PROVISIONAL,v0.22_population_ledger
2018,401013110,2018-09-15T16:00:00.000Z,Clemson,Georgia Southern,38,7,False,PRIMARY_REGULAR_PROVISIONAL,v0.22_population_ledger
2018,401013111,2018-09-15T16:00:00.000Z,Syracuse,Florida State,30,7,False,PRIMARY_REGULAR_PROVISIONAL,v0.22_population_ledger
2018,401013114,2018-09-15T16:00:00.000Z,Toledo,Miami (FL),24,49,False,PRIMARY_REGULAR_PROVISIONAL,v0.22_population_ledger
2018,401013337,2018-09-15T16:00:00.000Z,Nebraska,Troy,19,24,False,PRIMARY_REGULAR_PROVISIONAL,v0.22_population_ledger
2018,401013350,2018-09-15T16:00:00.000Z,Penn State,Kent State,63,10,False,PRIMARY_REGULAR_PROVISIONAL,v0.22_population_ledger
2018,401013368,2018-09-15T16:00:00.000Z,Army,Hawaii,28,21,False,PRIMARY_REGULAR_PROVISIONAL,v0.22_population_ledger
2018,401013112,2018-09-15T16:30:00.000Z,Pittsburgh,Georgia Tech,24,19,False,PRIMARY_REGULAR_PROVISIONAL,v0.22_population_ledger
2018,401014996,2018-09-15T17:00:00.000Z,UAB,Tulane,31,24,False,PRIMARY_REGULAR_PROVISIONAL,v0.22_population_ledger
2018,401012283,2018-09-15T18:30:00.000Z,Notre Dame,Vanderbilt,22,17,False,PRIMARY_REGULAR_PROVISIONAL,v0.22_population_ledger
2018,401012273,2018-09-15T19:30:00.000Z,Auburn,LSU,21,22,False,PRIMARY_REGULAR_PROVISIONAL,v0.22_population_ledger
2018,401012806,2018-09-15T19:30:00.000Z,Illinois,South Florida,19,25,True,PRIMARY_REGULAR_PROVISIONAL,v0.22_population_ledger
2018,401012890,2018-09-15T19:30:00.000Z,Michigan,SMU,45,20,False,PRIMARY_REGULAR_PROVISIONAL,v0.22_population_ledger
2018,401013028,2018-09-15T19:30:00.000Z,Baylor,Duke,27,40,False,PRIMARY_REGULAR_PROVISIONAL,v0.22_population_ledger
2018,401013330,2018-09-15T19:30:00.000Z,Minnesota,Miami (OH),26,3,False,PRIMARY_REGULAR_PROVISIONAL,v0.22_population_ledger
2018,401013356,2018-09-15T19:30:00.000Z,Wisconsin,BYU,21,24,False,PRIMARY_REGULAR_PROVISIONAL,v0.22_population_ledger
2018,401013491,2018-09-15T19:30:00.000Z,Oklahoma State,Boise State,44,21,False,PRIMARY_REGULAR_PROVISIONAL,v0.22_population_ledger
2018,401020679,2018-09-15T19:30:00.000Z,Northern Illinois,Central Michigan,24,16,False,PRIMARY_REGULAR_PROVISIONAL,v0.22_population_ledger
2018,401012272,2018-09-15T20:00:00.000Z,Arkansas,North Texas,17,44,False,PRIMARY_REGULAR_PROVISIONAL,v0.22_population_ledger
2018,401012274,2018-09-15T20:00:00.000Z,Florida,Colorado State,48,10,False,PRIMARY_REGULAR_PROVISIONAL,v0.22_population_ledger
2018,401013058,2018-09-15T20:00:00.000Z,Kansas State,UTSA,41,17,False,PRIMARY_REGULAR_PROVISIONAL,v0.22_population_ledger
2018,401013323,2018-09-15T20:15:00.000Z,Texas Tech,Houston,63,49,False,PRIMARY_REGULAR_PROVISIONAL,v0.22_population_ledger
2018,401013117,2018-09-15T20:30:00.000Z,Virginia,Ohio,45,31,False,PRIMARY_REGULAR_PROVISIONAL,v0.22_population_ledger
2018,401012743,2018-09-15T21:00:00.000Z,Oregon,San Jose State,35,22,False,PRIMARY_REGULAR_PROVISIONAL,v0.22_population_ledger
2018,401020682,2018-09-15T22:00:00.000Z,Buffalo,Eastern Michigan,35,28,False,PRIMARY_REGULAR_PROVISIONAL,v0.22_population_ledger
2018,401012277,2018-09-15T23:00:00.000Z,Ole Miss,Alabama,7,62,False,PRIMARY_REGULAR_PROVISIONAL,v0.22_population_ledger
2018,401012744,2018-09-15T23:00:00.000Z,Nevada,Oregon State,37,35,False,PRIMARY_REGULAR_PROVISIONAL,v0.22_population_ledger
2018,401019488,2018-09-15T23:00:00.000Z,Tulsa,Arkansas State,20,29,False,PRIMARY_REGULAR_PROVISIONAL,v0.22_population_ledger
2018,401021660,2018-09-15T23:00:00.000Z,South Alabama,Texas State,41,31,False,PRIMARY_REGULAR_PROVISIONAL,v0.22_population_ledger
2018,401012278,2018-09-15T23:30:00.000Z,Mississippi State,Louisiana,56,10,False,PRIMARY_REGULAR_PROVISIONAL,v0.22_population_ledger
2018,401012279,2018-09-15T23:30:00.000Z,Purdue,Missouri,37,40,False,PRIMARY_REGULAR_PROVISIONAL,v0.22_population_ledger
2018,401012282,2018-09-15T23:30:00.000Z,Texas A&M,UL Monroe,48,10,False,PRIMARY_REGULAR_PROVISIONAL,v0.22_population_ledger
2018,401013113,2018-09-15T23:30:00.000Z,Louisville,Western Kentucky,20,17,False,PRIMARY_REGULAR_PROVISIONAL,v0.22_population_ledger
2018,401013343,2018-09-15T23:30:00.000Z,Northwestern,Akron,34,39,False,PRIMARY_REGULAR_PROVISIONAL,v0.22_population_ledger
2018,401013359,2018-09-15T23:30:00.000Z,FIU,UMass,63,24,False,PRIMARY_REGULAR_PROVISIONAL,v0.22_population_ledger
2018,401012739,2018-09-16T00:00:00.000Z,Texas,USC,37,14,False,PRIMARY_REGULAR_PROVISIONAL,v0.22_population_ledger
2018,401013074,2018-09-16T00:00:00.000Z,TCU,Ohio State,28,40,True,PRIMARY_REGULAR_PROVISIONAL,v0.22_population_ledger
2018,401013439,2018-09-16T00:00:00.000Z,New Mexico State,New Mexico,25,42,False,PRIMARY_REGULAR_PROVISIONAL,v0.22_population_ledger
2018,401012742,2018-09-16T02:10:00.000Z,Utah,Washington,7,21,False,PRIMARY_REGULAR_PROVISIONAL,v0.22_population_ledger
2018,401012738,2018-09-16T02:30:00.000Z,San Diego State,Arizona State,28,21,False,PRIMARY_REGULAR_PROVISIONAL,v0.22_population_ledger
2018,401012740,2018-09-16T02:30:00.000Z,UCLA,Fresno State,14,38,False,PRIMARY_REGULAR_PROVISIONAL,v0.22_population_ledger
2018,401019489,2018-09-20T23:30:00.000Z,Temple,Tulsa,31,17,False,PRIMARY_REGULAR_PROVISIONAL,v0.22_population_ledger
2018,401019490,2018-09-21T23:00:00.000Z,UCF,Florida Atlantic,56,36,False,PRIMARY_REGULAR_PROVISIONAL,v0.22_population_ledger
2018,401012807,2018-09-22T01:00:00.000Z,Illinois,Penn State,24,63,False,PRIMARY_REGULAR_PROVISIONAL,v0.22_population_ledger
2018,401012748,2018-09-22T02:30:00.000Z,USC,Washington State,39,36,False,PRIMARY_REGULAR_PROVISIONAL,v0.22_population_ledger
2018,401012288,2018-09-22T16:00:00.000Z,Ole Miss,Kent State,38,17,False,PRIMARY_REGULAR_PROVISIONAL,v0.22_population_ledger
2018,401012289,2018-09-22T16:00:00.000Z,Missouri,Georgia,29,43,False,PRIMARY_REGULAR_PROVISIONAL,v0.22_population_ledger
2018,401012823,2018-09-22T16:00:00.000Z,Rutgers,Buffalo,13,42,False,PRIMARY_REGULAR_PROVISIONAL,v0.22_population_ledger
2018,401012875,2018-09-22T16:00:00.000Z,Maryland,Minnesota,42,13,False,PRIMARY_REGULAR_PROVISIONAL,v0.22_population_ledger
2018,401012891,2018-09-22T16:00:00.000Z,Michigan,Nebraska,56,10,False,PRIMARY_REGULAR_PROVISIONAL,v0.22_population_ledger
2018,401013040,2018-09-22T16:00:00.000Z,Iowa State,Akron,26,13,False,PRIMARY_REGULAR_PROVISIONAL,v0.22_population_ledger
2018,401013119,2018-09-22T16:00:00.000Z,Purdue,Boston College,30,13,False,PRIMARY_REGULAR_PROVISIONAL,v0.22_population_ledger
2018,401013129,2018-09-22T16:00:00.000Z,Wake Forest,Notre Dame,27,56,False,PRIMARY_REGULAR_PROVISIONAL,v0.22_population_ledger
2018,401019491,2018-09-22T16:00:00.000Z,Cincinnati,Ohio,34,30,False,PRIMARY_REGULAR_PROVISIONAL,v0.22_population_ledger
2018,401019495,2018-09-22T16:00:00.000Z,SMU,Navy,31,30,False,PRIMARY_REGULAR_PROVISIONAL,v0.22_population_ledger
2018,401020685,2018-09-22T16:00:00.000Z,Toledo,Nevada,63,44,False,PRIMARY_REGULAR_PROVISIONAL,v0.22_population_ledger
2018,401013125,2018-09-22T16:20:00.000Z,North Carolina,Pittsburgh,38,35,False,PRIMARY_REGULAR_PROVISIONAL,v0.22_population_ledger
2018,401013123,2018-09-22T16:30:00.000Z,Virginia,Louisville,27,3,False,PRIMARY_REGULAR_PROVISIONAL,v0.22_population_ledger
2018,401020686,2018-09-22T18:00:00.000Z,Georgia State,Western Michigan,15,34,False,PRIMARY_REGULAR_PROVISIONAL,v0.22_population_ledger
2018,401015000,2018-09-22T19:00:00.000Z,Ball State,Western Kentucky,20,28,False,PRIMARY_REGULAR_PROVISIONAL,v0.22_population_ledger
2018,401020811,2018-09-22T19:00:00.000Z,Bowling Green,Miami (OH),23,38,False,PRIMARY_REGULAR_PROVISIONAL,v0.22_population_ledger
2018,401012284,2018-09-22T19:30:00.000Z,Alabama,Texas A&M,45,23,False,PRIMARY_REGULAR_PROVISIONAL,v0.22_population_ledger
2018,401013029,2018-09-22T19:30:00.000Z,Baylor,Kansas,26,7,False,PRIMARY_REGULAR_PROVISIONAL,v0.22_population_ledger
2018,401013059,2018-09-22T19:30:00.000Z,West Virginia,Kansas State,35,6,False,PRIMARY_REGULAR_PROVISIONAL,v0.22_population_ledger
2018,401013120,2018-09-22T19:30:00.000Z,Georgia Tech,Clemson,21,49,False,PRIMARY_REGULAR_PROVISIONAL,v0.22_population_ledger
2018,401013122,2018-09-22T19:30:00.000Z,Florida State,Northern Illinois,37,19,False,PRIMARY_REGULAR_PROVISIONAL,v0.22_population_ledger
2018,401013124,2018-09-22T19:30:00.000Z,Miami (FL),FIU,31,17,False,PRIMARY_REGULAR_PROVISIONAL,v0.22_population_ledger
2018,401013128,2018-09-22T19:30:00.000Z,Old Dominion,Virginia Tech,49,35,False,PRIMARY_REGULAR_PROVISIONAL,v0.22_population_ledger
2018,401013346,2018-09-22T19:30:00.000Z,Ohio State,Tulane,49,6,False,PRIMARY_REGULAR_PROVISIONAL,v0.22_population_ledger
2018,401013360,2018-09-22T19:30:00.000Z,UMass,Charlotte,49,31,False,PRIMARY_REGULAR_PROVISIONAL,v0.22_population_ledger
2018,401012291,2018-09-22T20:00:00.000Z,Vanderbilt,South Carolina,14,37,False,PRIMARY_REGULAR_PROVISIONAL,v0.22_population_ledger
2018,401012750,2018-09-22T20:00:00.000Z,Oregon State,Arizona,14,35,False,PRIMARY_REGULAR_PROVISIONAL,v0.22_population_ledger
2018,401013127,2018-09-22T20:00:00.000Z,Syracuse,UConn,51,21,False,PRIMARY_REGULAR_PROVISIONAL,v0.22_population_ledger
2018,401013075,2018-09-22T20:30:00.000Z,Texas,TCU,31,16,False,PRIMARY_REGULAR_PROVISIONAL,v0.22_population_ledger
2018,401013450,2018-09-22T22:00:00.000Z,Liberty,North Texas,7,47,False,PRIMARY_REGULAR_PROVISIONAL,v0.22_population_ledger
2018,401012286,2018-09-22T23:00:00.000Z,Kentucky,Mississippi State,28,7,False,PRIMARY_REGULAR_PROVISIONAL,v0.22_population_ledger
2018,401012287,2018-09-22T23:00:00.000Z,LSU,Louisiana Tech,38,21,False,PRIMARY_REGULAR_PROVISIONAL,v0.22_population_ledger
2018,401012290,2018-09-22T23:00:00.000Z,Tennessee,Florida,21,47,False,PRIMARY_REGULAR_PROVISIONAL,v0.22_population_ledger
2018,401013066,2018-09-22T23:00:00.000Z,Oklahoma,Army,28,21,False,PRIMARY_REGULAR_PROVISIONAL,v0.22_population_ledger
2018,401013126,2018-09-22T23:00:00.000Z,Marshall,NC State,20,37,False,PRIMARY_REGULAR_PROVISIONAL,v0.22_population_ledger
2018,401013324,2018-09-22T23:00:00.000Z,Oklahoma State,Texas Tech,17,41,False,PRIMARY_REGULAR_PROVISIONAL,v0.22_population_ledger
2018,401014998,2018-09-22T23:00:00.000Z,Southern Miss,Rice,40,22,False,PRIMARY_REGULAR_PROVISIONAL,v0.22_population_ledger
2018,401014999,2018-09-22T23:00:00.000Z,UTSA,Texas State,25,21,False,PRIMARY_REGULAR_PROVISIONAL,v0.22_population_ledger
2018,401021662,2018-09-22T23:00:00.000Z,Arkansas State,UNLV,27,20,False,PRIMARY_REGULAR_PROVISIONAL,v0.22_population_ledger
2018,401021663,2018-09-22T23:00:00.000Z,Louisiana,Coastal Carolina,28,30,False,PRIMARY_REGULAR_PROVISIONAL,v0.22_population_ledger
2018,401021664,2018-09-22T23:00:00.000Z,UL Monroe,Troy,27,35,False,PRIMARY_REGULAR_PROVISIONAL,v0.22_population_ledger
2018,401012285,2018-09-22T23:30:00.000Z,Auburn,Arkansas,34,3,False,PRIMARY_REGULAR_PROVISIONAL,v0.22_population_ledger
2018,401012854,2018-09-22T23:30:00.000Z,Indiana,Michigan State,21,35,False,PRIMARY_REGULAR_PROVISIONAL,v0.22_population_ledger
2018,401013440,2018-09-22T23:30:00.000Z,UTEP,New Mexico State,20,27,False,PRIMARY_REGULAR_PROVISIONAL,v0.22_population_ledger
2018,401012749,2018-09-23T00:00:00.000Z,Oregon,Stanford,31,38,False,PRIMARY_REGULAR_PROVISIONAL,v0.22_population_ledger
2018,401019492,2018-09-23T00:00:00.000Z,South Florida,East Carolina,20,13,False,PRIMARY_REGULAR_PROVISIONAL,v0.22_population_ledger
2018,401019494,2018-09-23T00:00:00.000Z,Memphis,South Alabama,52,35,False,PRIMARY_REGULAR_PROVISIONAL,v0.22_population_ledger
2018,401012865,2018-09-23T00:35:00.000Z,Iowa,Wisconsin,17,28,False,PRIMARY_REGULAR_PROVISIONAL,v0.22_population_ledger
2018,401012751,2018-09-23T02:30:00.000Z,Washington,Arizona State,27,20,False,PRIMARY_REGULAR_PROVISIONAL,v0.22_population_ledger
2018,401020683,2018-09-23T02:30:00.000Z,San Diego State,Eastern Michigan,23,20,False,PRIMARY_REGULAR_PROVISIONAL,v0.22_population_ledger
2018,401022522,2018-09-23T02:30:00.000Z,Utah State,Air Force,42,32,False,PRIMARY_REGULAR_PROVISIONAL,v0.22_population_ledger
2018,401013466,2018-09-28T00:00:00.000Z,Miami (FL),North Carolina,47,10,False,PRIMARY_REGULAR_PROVISIONAL,v0.22_population_ledger
2018,401019496,2018-09-29T00:00:00.000Z,Tulane,Memphis,40,24,False,PRIMARY_REGULAR_PROVISIONAL,v0.22_population_ledger
2018,401012752,2018-09-29T01:00:00.000Z,Colorado,UCLA,38,16,False,PRIMARY_REGULAR_PROVISIONAL,v0.22_population_ledger
2018,401012292,2018-09-29T16:00:00.000Z,Alabama,Louisiana,56,14,False,PRIMARY_REGULAR_PROVISIONAL,v0.22_population_ledger
2018,401012293,2018-09-29T16:00:00.000Z,Texas A&M,Arkansas,24,17,True,PRIMARY_REGULAR_PROVISIONAL,v0.22_population_ledger
2018,401012824,2018-09-29T16:00:00.000Z,Rutgers,Indiana,17,24,False,PRIMARY_REGULAR_PROVISIONAL,v0.22_population_ledger
2018,401012881,2018-09-29T16:00:00.000Z,Michigan State,Central Michigan,31,20,False,PRIMARY_REGULAR_PROVISIONAL,v0.22_population_ledger
2018,401013050,2018-09-29T16:00:00.000Z,Kansas,Oklahoma State,28,48,False,PRIMARY_REGULAR_PROVISIONAL,v0.22_population_ledger
2018,401013130,2018-09-29T16:00:00.000Z,Boston College,Temple,45,35,False,PRIMARY_REGULAR_PROVISIONAL,v0.22_population_ledger
2018,401013131,2018-09-29T16:00:00.000Z,Clemson,Syracuse,27,23,False,PRIMARY_REGULAR_PROVISIONAL,v0.22_population_ledger
2018,401013134,2018-09-29T16:00:00.000Z,Georgia Tech,Bowling Green,63,17,False,PRIMARY_REGULAR_PROVISIONAL,v0.22_population_ledger
2018,401013325,2018-09-29T16:00:00.000Z,Texas Tech,West Virginia,34,42,False,PRIMARY_REGULAR_PROVISIONAL,v0.22_population_ledger
2018,401013369,2018-09-29T16:00:00.000Z,Buffalo,Army,13,42,False,PRIMARY_REGULAR_PROVISIONAL,v0.22_population_ledger
2018,401013135,2018-09-29T16:20:00.000Z,NC State,Virginia,35,21,False,PRIMARY_REGULAR_PROVISIONAL,v0.22_population_ledger
2018,401013361,2018-09-29T18:00:00.000Z,Ohio,UMass,58,42,False,PRIMARY_REGULAR_PROVISIONAL,v0.22_population_ledger
2018,401021668,2018-09-29T18:00:00.000Z,Georgia State,UL Monroe,46,14,False,PRIMARY_REGULAR_PROVISIONAL,v0.22_population_ledger
2018,401020687,2018-09-29T19:00:00.000Z,Ball State,Kent State,52,24,False,PRIMARY_REGULAR_PROVISIONAL,v0.22_population_ledger
2018,401012295,2018-09-29T19:30:00.000Z,Georgia,Tennessee,38,12,False,PRIMARY_REGULAR_PROVISIONAL,v0.22_population_ledger
2018,401013030,2018-09-29T19:30:00.000Z,Oklahoma,Baylor,66,33,False,PRIMARY_REGULAR_PROVISIONAL,v0.22_population_ledger
2018,401013060,2018-09-29T19:30:00.000Z,Kansas State,Texas,14,19,False,PRIMARY_REGULAR_PROVISIONAL,v0.22_population_ledger
2018,401013133,2018-09-29T19:30:00.000Z,Louisville,Florida State,24,28,False,PRIMARY_REGULAR_PROVISIONAL,v0.22_population_ledger
2018,401013136,2018-09-29T19:30:00.000Z,UCF,Pittsburgh,45,14,False,PRIMARY_REGULAR_PROVISIONAL,v0.22_population_ledger
2018,401013137,2018-09-29T19:30:00.000Z,Wake Forest,Rice,56,24,False,PRIMARY_REGULAR_PROVISIONAL,v0.22_population_ledger
2018,401013338,2018-09-29T19:30:00.000Z,Nebraska,Purdue,28,42,False,PRIMARY_REGULAR_PROVISIONAL,v0.22_population_ledger
2018,401015006,2018-09-29T19:30:00.000Z,East Carolina,Old Dominion,37,35,False,PRIMARY_REGULAR_PROVISIONAL,v0.22_population_ledger
2018,401019497,2018-09-29T19:30:00.000Z,UConn,Cincinnati,7,49,False,PRIMARY_REGULAR_PROVISIONAL,v0.22_population_ledger
2018,401020750,2018-09-29T19:30:00.000Z,Miami (OH),Western Michigan,39,40,False,PRIMARY_REGULAR_PROVISIONAL,v0.22_population_ledger
2018,401021665,2018-09-29T19:30:00.000Z,Appalachian State,South Alabama,52,7,False,PRIMARY_REGULAR_PROVISIONAL,v0.22_population_ledger
2018,401021667,2018-09-29T19:30:00.000Z,Troy,Coastal Carolina,45,21,False,PRIMARY_REGULAR_PROVISIONAL,v0.22_population_ledger
2018,401012294,2018-09-29T20:00:00.000Z,Auburn,Southern Miss,24,13,False,PRIMARY_REGULAR_PROVISIONAL,v0.22_population_ledger
2018,401022525,2018-09-29T20:00:00.000Z,Air Force,Nevada,25,28,False,PRIMARY_REGULAR_PROVISIONAL,v0.22_population_ledger
2018,401012892,2018-09-29T20:47:00.000Z,Northwestern,Michigan,17,20,False,PRIMARY_REGULAR_PROVISIONAL,v0.22_population_ledger
2018,401012298,2018-09-29T22:00:00.000Z,Mississippi State,Florida,6,13,False,PRIMARY_REGULAR_PROVISIONAL,v0.22_population_ledger
2018,401012756,2018-09-29T22:00:00.000Z,Washington State,Utah,28,24,False,PRIMARY_REGULAR_PROVISIONAL,v0.22_population_ledger
2018,401013451,2018-09-29T22:00:00.000Z,New Mexico,Liberty,43,52,False,PRIMARY_REGULAR_PROVISIONAL,v0.22_population_ledger
2018,401020688,2018-09-29T22:00:00.000Z,Eastern Michigan,Northern Illinois,23,26,False,PRIMARY_REGULAR_PROVISIONAL,v0.22_population_ledger
2018,401021666,2018-09-29T22:00:00.000Z,Georgia Southern,Arkansas State,28,21,False,PRIMARY_REGULAR_PROVISIONAL,v0.22_population_ledger
2018,401013041,2018-09-29T23:00:00.000Z,TCU,Iowa State,17,14,False,PRIMARY_REGULAR_PROVISIONAL,v0.22_population_ledger
2018,401013132,2018-09-29T23:00:00.000Z,Duke,Virginia Tech,14,31,False,PRIMARY_REGULAR_PROVISIONAL,v0.22_population_ledger
2018,401015001,2018-09-29T23:00:00.000Z,UAB,Charlotte,28,7,False,PRIMARY_REGULAR_PROVISIONAL,v0.22_population_ledger
2018,401015003,2018-09-29T23:00:00.000Z,Middle Tennessee,Florida Atlantic,25,24,False,PRIMARY_REGULAR_PROVISIONAL,v0.22_population_ledger
2018,401015007,2018-09-29T23:00:00.000Z,UTSA,UTEP,30,21,False,PRIMARY_REGULAR_PROVISIONAL,v0.22_population_ledger
2018,401022526,2018-09-29T23:00:00.000Z,Wyoming,Boise State,14,34,False,PRIMARY_REGULAR_PROVISIONAL,v0.22_population_ledger
2018,401022527,2018-09-29T23:00:00.000Z,San Jose State,Hawaii,41,44,False,PRIMARY_REGULAR_PROVISIONAL,v0.22_population_ledger
2018,401012296,2018-09-29T23:30:00.000Z,Kentucky,South Carolina,24,10,False,PRIMARY_REGULAR_PROVISIONAL,v0.22_population_ledger
2018,401012758,2018-09-29T23:30:00.000Z,Notre Dame,Stanford,38,17,False,PRIMARY_REGULAR_PROVISIONAL,v0.22_population_ledger
2018,401013347,2018-09-29T23:30:00.000Z,Penn State,Ohio State,26,27,False,PRIMARY_REGULAR_PROVISIONAL,v0.22_population_ledger
2018,401015004,2018-09-29T23:30:00.000Z,North Texas,Louisiana Tech,27,29,False,PRIMARY_REGULAR_PROVISIONAL,v0.22_population_ledger
2018,401015005,2018-09-29T23:30:00.000Z,Western Kentucky,Marshall,17,20,False,PRIMARY_REGULAR_PROVISIONAL,v0.22_population_ledger
2018,401012755,2018-09-30T00:30:00.000Z,Washington,BYU,35,7,False,PRIMARY_REGULAR_PROVISIONAL,v0.22_population_ledger
2018,401012297,2018-09-30T01:00:00.000Z,LSU,Ole Miss,45,16,False,PRIMARY_REGULAR_PROVISIONAL,v0.22_population_ledger
2018,401012754,2018-09-30T02:00:00.000Z,Arizona State,Oregon State,52,24,False,PRIMARY_REGULAR_PROVISIONAL,v0.22_population_ledger
2018,401012753,2018-09-30T02:30:00.000Z,Arizona,USC,20,24,False,PRIMARY_REGULAR_PROVISIONAL,v0.22_population_ledger
2018,401012757,2018-09-30T02:30:00.000Z,California,Oregon,24,42,False,PRIMARY_REGULAR_PROVISIONAL,v0.22_population_ledger
2018,401020689,2018-09-30T02:30:00.000Z,Fresno State,Toledo,49,27,False,PRIMARY_REGULAR_PROVISIONAL,v0.22_population_ledger
2018,401021669,2018-10-04T23:30:00.000Z,Troy,Georgia State,37,20,False,PRIMARY_REGULAR_PROVISIONAL,v0.22_population_ledger
2018,401019499,2018-10-05T00:00:00.000Z,Houston,Tulsa,41,26,False,PRIMARY_REGULAR_PROVISIONAL,v0.22_population_ledger
2018,401013138,2018-10-05T23:00:00.000Z,Louisville,Georgia Tech,31,66,False,PRIMARY_REGULAR_PROVISIONAL,v0.22_population_ledger
2018,401015010,2018-10-05T23:30:00.000Z,Marshall,Middle Tennessee,24,34,False,PRIMARY_REGULAR_PROVISIONAL,v0.22_population_ledger
2018,401016407,2018-10-06T01:00:00.000Z,BYU,Utah State,20,45,False,PRIMARY_REGULAR_PROVISIONAL,v0.22_population_ledger
2018,401012300,2018-10-06T16:00:00.000Z,Arkansas,Alabama,31,65,False,PRIMARY_REGULAR_PROVISIONAL,v0.22_population_ledger
2018,401012305,2018-10-06T16:00:00.000Z,South Carolina,Missouri,37,35,False,PRIMARY_REGULAR_PROVISIONAL,v0.22_population_ledger
2018,401012808,2018-10-06T16:00:00.000Z,Rutgers,Illinois,17,38,False,PRIMARY_REGULAR_PROVISIONAL,v0.22_population_ledger
2018,401012876,2018-10-06T16:00:00.000Z,Michigan,Maryland,42,21,False,PRIMARY_REGULAR_PROVISIONAL,v0.22_population_ledger
2018,401012882,2018-10-06T16:00:00.000Z,Michigan State,Northwestern,19,29,False,PRIMARY_REGULAR_PROVISIONAL,v0.22_population_ledger
2018,401013051,2018-10-06T16:00:00.000Z,West Virginia,Kansas,38,22,False,PRIMARY_REGULAR_PROVISIONAL,v0.22_population_ledger
2018,401013067,2018-10-06T16:00:00.000Z,Oklahoma,Texas,45,48,True,PRIMARY_REGULAR_PROVISIONAL,v0.22_population_ledger
2018,401019501,2018-10-06T16:00:00.000Z,Cincinnati,Tulane,37,21,False,PRIMARY_REGULAR_PROVISIONAL,v0.22_population_ledger
2018,401019503,2018-10-06T16:00:00.000Z,Temple,East Carolina,49,6,False,PRIMARY_REGULAR_PROVISIONAL,v0.22_population_ledger
2018,401020752,2018-10-06T16:00:00.000Z,Central Michigan,Buffalo,24,34,False,PRIMARY_REGULAR_PROVISIONAL,v0.22_population_ledger
2018,401020753,2018-10-06T16:00:00.000Z,Western Michigan,Eastern Michigan,27,24,False,PRIMARY_REGULAR_PROVISIONAL,v0.22_population_ledger
2018,401013142,2018-10-06T16:20:00.000Z,Pittsburgh,Syracuse,44,37,False,PRIMARY_REGULAR_PROVISIONAL,v0.22_population_ledger
2018,401013139,2018-10-06T16:30:00.000Z,NC State,Boston College,28,23,False,PRIMARY_REGULAR_PROVISIONAL,v0.22_population_ledger
2018,401020754,2018-10-06T19:00:00.000Z,Ball State,Northern Illinois,16,24,False,PRIMARY_REGULAR_PROVISIONAL,v0.22_population_ledger
2018,401012301,2018-10-06T19:30:00.000Z,Florida,LSU,27,19,False,PRIMARY_REGULAR_PROVISIONAL,v0.22_population_ledger
2018,401012866,2018-10-06T19:30:00.000Z,Minnesota,Iowa,31,48,False,PRIMARY_REGULAR_PROVISIONAL,v0.22_population_ledger
2018,401013031,2018-10-06T19:30:00.000Z,Baylor,Kansas State,37,34,False,PRIMARY_REGULAR_PROVISIONAL,v0.22_population_ledger
2018,401013042,2018-10-06T19:30:00.000Z,Oklahoma State,Iowa State,42,48,False,PRIMARY_REGULAR_PROVISIONAL,v0.22_population_ledger
2018,401013140,2018-10-06T19:30:00.000Z,Wake Forest,Clemson,3,63,False,PRIMARY_REGULAR_PROVISIONAL,v0.22_population_ledger
2018,401013141,2018-10-06T19:30:00.000Z,Miami (FL),Florida State,28,27,False,PRIMARY_REGULAR_PROVISIONAL,v0.22_population_ledger
2018,401013362,2018-10-06T19:30:00.000Z,UMass,South Florida,42,58,False,PRIMARY_REGULAR_PROVISIONAL,v0.22_population_ledger
2018,401019504,2018-10-06T19:30:00.000Z,Air Force,Navy,35,7,False,PRIMARY_REGULAR_PROVISIONAL,v0.22_population_ledger
2018,401020751,2018-10-06T19:30:00.000Z,Toledo,Bowling Green,52,36,False,PRIMARY_REGULAR_PROVISIONAL,v0.22_population_ledger
2018,401020755,2018-10-06T19:30:00.000Z,Kent State,Ohio,26,27,False,PRIMARY_REGULAR_PROVISIONAL,v0.22_population_ledger
2018,401020812,2018-10-06T19:30:00.000Z,Akron,Miami (OH),17,41,False,PRIMARY_REGULAR_PROVISIONAL,v0.22_population_ledger
2018,401021670,2018-10-06T19:30:00.000Z,Georgia Southern,South Alabama,48,13,False,PRIMARY_REGULAR_PROVISIONAL,v0.22_population_ledger
2018,401022528,2018-10-06T19:30:00.000Z,Boise State,San Diego State,13,19,False,PRIMARY_REGULAR_PROVISIONAL,v0.22_population_ledger
2018,401012303,2018-10-06T20:00:00.000Z,Ole Miss,UL Monroe,70,21,False,PRIMARY_REGULAR_PROVISIONAL,v0.22_population_ledger
2018,401012761,2018-10-06T20:00:00.000Z,Colorado,Arizona State,28,21,False,PRIMARY_REGULAR_PROVISIONAL,v0.22_population_ledger
2018,401012855,2018-10-06T20:00:00.000Z,Ohio State,Indiana,49,26,False,PRIMARY_REGULAR_PROVISIONAL,v0.22_population_ledger
2018,401022530,2018-10-06T20:00:00.000Z,UNLV,New Mexico,14,50,False,PRIMARY_REGULAR_PROVISIONAL,v0.22_population_ledger
2018,401015008,2018-10-06T21:00:00.000Z,Florida Atlantic,Old Dominion,52,33,False,PRIMARY_REGULAR_PROVISIONAL,v0.22_population_ledger
2018,401012306,2018-10-06T23:00:00.000Z,Texas A&M,Kentucky,20,14,False,PRIMARY_REGULAR_PROVISIONAL,v0.22_population_ledger
2018,401015009,2018-10-06T23:00:00.000Z,Louisiana Tech,UAB,7,28,False,PRIMARY_REGULAR_PROVISIONAL,v0.22_population_ledger
2018,401015012,2018-10-06T23:00:00.000Z,Rice,UTSA,3,20,False,PRIMARY_REGULAR_PROVISIONAL,v0.22_population_ledger
2018,401019500,2018-10-06T23:00:00.000Z,UCF,SMU,48,20,False,PRIMARY_REGULAR_PROVISIONAL,v0.22_population_ledger
2018,401019502,2018-10-06T23:00:00.000Z,Memphis,UConn,55,14,False,PRIMARY_REGULAR_PROVISIONAL,v0.22_population_ledger
2018,401021671,2018-10-06T23:00:00.000Z,Texas State,Louisiana,27,42,False,PRIMARY_REGULAR_PROVISIONAL,v0.22_population_ledger
2018,401012302,2018-10-06T23:30:00.000Z,Georgia,Vanderbilt,41,13,False,PRIMARY_REGULAR_PROVISIONAL,v0.22_population_ledger
2018,401012304,2018-10-06T23:30:00.000Z,Mississippi State,Auburn,23,9,False,PRIMARY_REGULAR_PROVISIONAL,v0.22_population_ledger
2018,401012760,2018-10-06T23:30:00.000Z,UCLA,Washington,24,31,False,PRIMARY_REGULAR_PROVISIONAL,v0.22_population_ledger
2018,401013339,2018-10-06T23:30:00.000Z,Wisconsin,Nebraska,41,24,False,PRIMARY_REGULAR_PROVISIONAL,v0.22_population_ledger
2018,401015011,2018-10-06T23:30:00.000Z,UTEP,North Texas,24,27,False,PRIMARY_REGULAR_PROVISIONAL,v0.22_population_ledger
2018,401013143,2018-10-07T00:00:00.000Z,Virginia Tech,Notre Dame,23,45,False,PRIMARY_REGULAR_PROVISIONAL,v0.22_population_ledger
2018,401013441,2018-10-07T00:00:00.000Z,New Mexico State,Liberty,49,41,False,PRIMARY_REGULAR_PROVISIONAL,v0.22_population_ledger
2018,401012762,2018-10-07T01:00:00.000Z,Oregon State,Washington State,37,56,False,PRIMARY_REGULAR_PROVISIONAL,v0.22_population_ledger
2018,401012759,2018-10-07T02:00:00.000Z,Arizona,California,24,17,False,PRIMARY_REGULAR_PROVISIONAL,v0.22_population_ledger
2018,401012763,2018-10-07T02:30:00.000Z,Stanford,Utah,21,40,False,PRIMARY_REGULAR_PROVISIONAL,v0.22_population_ledger
2018,401022529,2018-10-07T02:30:00.000Z,San Jose State,Colorado State,30,42,False,PRIMARY_REGULAR_PROVISIONAL,v0.22_population_ledger
2018,401022532,2018-10-07T02:30:00.000Z,Nevada,Fresno State,3,21,False,PRIMARY_REGULAR_PROVISIONAL,v0.22_population_ledger
2018,401022531,2018-10-07T03:59:00.000Z,Hawaii,Wyoming,17,13,False,PRIMARY_REGULAR_PROVISIONAL,v0.22_population_ledger
2018,401021672,2018-10-10T00:00:00.000Z,Arkansas State,Appalachian State,9,35,False,PRIMARY_REGULAR_PROVISIONAL,v0.22_population_ledger
2018,401013076,2018-10-11T23:30:00.000Z,TCU,Texas Tech,14,17,False,PRIMARY_REGULAR_PROVISIONAL,v0.22_population_ledger
2018,401021673,2018-10-11T23:30:00.000Z,Texas State,Georgia Southern,13,15,False,PRIMARY_REGULAR_PROVISIONAL,v0.22_population_ledger
2018,401019505,2018-10-12T23:00:00.000Z,Tulsa,South Florida,24,25,False,PRIMARY_REGULAR_PROVISIONAL,v0.22_population_ledger
2018,401022533,2018-10-13T01:00:00.000Z,San Diego State,Air Force,21,17,False,PRIMARY_REGULAR_PROVISIONAL,v0.22_population_ledger
2018,401012764,2018-10-13T02:00:00.000Z,Utah,Arizona,42,10,False,PRIMARY_REGULAR_PROVISIONAL,v0.22_population_ledger
2018,401012309,2018-10-13T16:00:00.000Z,Auburn,Tennessee,24,30,False,PRIMARY_REGULAR_PROVISIONAL,v0.22_population_ledger
2018,401012312,2018-10-13T16:00:00.000Z,Vanderbilt,Florida,27,37,False,PRIMARY_REGULAR_PROVISIONAL,v0.22_population_ledger
2018,401012825,2018-10-13T16:00:00.000Z,Maryland,Rutgers,34,7,False,PRIMARY_REGULAR_PROVISIONAL,v0.22_population_ledger
2018,401012856,2018-10-13T16:00:00.000Z,Indiana,Iowa,16,42,False,PRIMARY_REGULAR_PROVISIONAL,v0.22_population_ledger
2018,401013061,2018-10-13T16:00:00.000Z,Kansas State,Oklahoma State,31,12,False,PRIMARY_REGULAR_PROVISIONAL,v0.22_population_ledger
2018,401013331,2018-10-13T16:00:00.000Z,Ohio State,Minnesota,30,14,False,PRIMARY_REGULAR_PROVISIONAL,v0.22_population_ledger
2018,401013340,2018-10-13T16:00:00.000Z,Northwestern,Nebraska,34,31,False,PRIMARY_REGULAR_PROVISIONAL,v0.22_population_ledger
2018,401020756,2018-10-13T16:00:00.000Z,Buffalo,Akron,24,6,False,PRIMARY_REGULAR_PROVISIONAL,v0.22_population_ledger
2018,401020759,2018-10-13T16:00:00.000Z,Eastern Michigan,Toledo,28,26,False,PRIMARY_REGULAR_PROVISIONAL,v0.22_population_ledger
2018,401013145,2018-10-13T16:20:00.000Z,Georgia Tech,Duke,14,28,False,PRIMARY_REGULAR_PROVISIONAL,v0.22_population_ledger
2018,401013144,2018-10-13T16:30:00.000Z,Boston College,Louisville,38,20,False,PRIMARY_REGULAR_PROVISIONAL,v0.22_population_ledger
2018,401015018,2018-10-13T17:00:00.000Z,Rice,UAB,0,42,False,PRIMARY_REGULAR_PROVISIONAL,v0.22_population_ledger
2018,401013452,2018-10-13T18:00:00.000Z,Liberty,Troy,22,16,False,PRIMARY_REGULAR_PROVISIONAL,v0.22_population_ledger
2018,401015017,2018-10-13T18:00:00.000Z,North Texas,Southern Miss,30,7,False,PRIMARY_REGULAR_PROVISIONAL,v0.22_population_ledger
2018,401013148,2018-10-13T18:30:00.000Z,Notre Dame,Pittsburgh,19,14,False,PRIMARY_REGULAR_PROVISIONAL,v0.22_population_ledger
2018,401020810,2018-10-13T18:30:00.000Z,Miami (OH),Kent State,31,6,False,PRIMARY_REGULAR_PROVISIONAL,v0.22_population_ledger
2018,401020757,2018-10-13T19:00:00.000Z,Central Michigan,Ball State,23,24,False,PRIMARY_REGULAR_PROVISIONAL,v0.22_population_ledger
2018,401020760,2018-10-13T19:00:00.000Z,Bowling Green,Western Michigan,35,42,False,PRIMARY_REGULAR_PROVISIONAL,v0.22_population_ledger
2018,401012310,2018-10-13T19:30:00.000Z,LSU,Georgia,36,16,False,PRIMARY_REGULAR_PROVISIONAL,v0.22_population_ledger
2018,401012311,2018-10-13T19:30:00.000Z,South Carolina,Texas A&M,23,26,False,PRIMARY_REGULAR_PROVISIONAL,v0.22_population_ledger
2018,401012766,2018-10-13T19:30:00.000Z,Oregon,Washington,30,27,False,PRIMARY_REGULAR_PROVISIONAL,v0.22_population_ledger
2018,401012809,2018-10-13T19:30:00.000Z,Illinois,Purdue,7,46,False,PRIMARY_REGULAR_PROVISIONAL,v0.22_population_ledger
2018,401012883,2018-10-13T19:30:00.000Z,Penn State,Michigan State,17,21,False,PRIMARY_REGULAR_PROVISIONAL,v0.22_population_ledger
2018,401013032,2018-10-13T19:30:00.000Z,Texas,Baylor,23,17,False,PRIMARY_REGULAR_PROVISIONAL,v0.22_population_ledger
2018,401013370,2018-10-13T19:30:00.000Z,San Jose State,Army,3,52,True,PRIMARY_REGULAR_PROVISIONAL,v0.22_population_ledger
2018,401015013,2018-10-13T19:30:00.000Z,Charlotte,Western Kentucky,40,14,False,PRIMARY_REGULAR_PROVISIONAL,v0.22_population_ledger
2018,401015016,2018-10-13T19:30:00.000Z,Old Dominion,Marshall,20,42,False,PRIMARY_REGULAR_PROVISIONAL,v0.22_population_ledger
2018,401019506,2018-10-13T19:30:00.000Z,Memphis,UCF,30,31,False,PRIMARY_REGULAR_PROVISIONAL,v0.22_population_ledger
2018,401019508,2018-10-13T19:30:00.000Z,Navy,Temple,17,24,False,PRIMARY_REGULAR_PROVISIONAL,v0.22_population_ledger
2018,401020758,2018-10-13T19:30:00.000Z,Northern Illinois,Ohio,24,21,False,PRIMARY_REGULAR_PROVISIONAL,v0.22_population_ledger
2018,401022535,2018-10-13T20:00:00.000Z,Colorado State,New Mexico,20,18,False,PRIMARY_REGULAR_PROVISIONAL,v0.22_population_ledger
2018,401022536,2018-10-13T20:00:00.000Z,Utah State,UNLV,59,28,False,PRIMARY_REGULAR_PROVISIONAL,v0.22_population_ledger
2018,401013442,2018-10-13T21:00:00.000Z,Louisiana,New Mexico State,66,38,False,PRIMARY_REGULAR_PROVISIONAL,v0.22_population_ledger
2018,401021674,2018-10-13T22:00:00.000Z,Coastal Carolina,UL Monroe,20,45,False,PRIMARY_REGULAR_PROVISIONAL,v0.22_population_ledger
2018,401012307,2018-10-13T23:00:00.000Z,Alabama,Missouri,39,10,False,PRIMARY_REGULAR_PROVISIONAL,v0.22_population_ledger
2018,401012767,2018-10-13T23:00:00.000Z,California,UCLA,7,37,False,PRIMARY_REGULAR_PROVISIONAL,v0.22_population_ledger
2018,401013043,2018-10-13T23:00:00.000Z,Iowa State,West Virginia,30,14,False,PRIMARY_REGULAR_PROVISIONAL,v0.22_population_ledger
2018,401013146,2018-10-13T23:00:00.000Z,Virginia,Miami (FL),16,13,False,PRIMARY_REGULAR_PROVISIONAL,v0.22_population_ledger
2018,401013147,2018-10-13T23:00:00.000Z,North Carolina,Virginia Tech,19,22,False,PRIMARY_REGULAR_PROVISIONAL,v0.22_population_ledger
2018,401015015,2018-10-13T23:00:00.000Z,UTSA,Louisiana Tech,3,31,False,PRIMARY_REGULAR_PROVISIONAL,v0.22_population_ledger
2018,401019507,2018-10-13T23:00:00.000Z,East Carolina,Houston,20,42,False,PRIMARY_REGULAR_PROVISIONAL,v0.22_population_ledger
2018,401012308,2018-10-13T23:30:00.000Z,Arkansas,Ole Miss,33,37,False,PRIMARY_REGULAR_PROVISIONAL,v0.22_population_ledger
2018,401012893,2018-10-13T23:30:00.000Z,Michigan,Wisconsin,38,13,False,PRIMARY_REGULAR_PROVISIONAL,v0.22_population_ledger
2018,401015014,2018-10-13T23:30:00.000Z,FIU,Middle Tennessee,24,21,False,PRIMARY_REGULAR_PROVISIONAL,v0.22_population_ledger
2018,401016408,2018-10-14T02:15:00.000Z,BYU,Hawaii,49,23,False,PRIMARY_REGULAR_PROVISIONAL,v0.22_population_ledger
2018,401012765,2018-10-14T02:30:00.000Z,USC,Colorado,31,20,False,PRIMARY_REGULAR_PROVISIONAL,v0.22_population_ledger
2018,401022534,2018-10-14T02:30:00.000Z,Nevada,Boise State,27,31,False,PRIMARY_REGULAR_PROVISIONAL,v0.22_population_ledger
2018,401022537,2018-10-14T02:30:00.000Z,Fresno State,Wyoming,27,3,False,PRIMARY_REGULAR_PROVISIONAL,v0.22_population_ledger
2018,401021676,2018-10-18T23:30:00.000Z,Arkansas State,Georgia State,51,35,False,PRIMARY_REGULAR_PROVISIONAL,v0.22_population_ledger
2018,401012768,2018-10-19T01:00:00.000Z,Arizona State,Stanford,13,20,False,PRIMARY_REGULAR_PROVISIONAL,v0.22_population_ledger
2018,401022538,2018-10-20T01:00:00.000Z,Boise State,Colorado State,56,28,False,PRIMARY_REGULAR_PROVISIONAL,v0.22_population_ledger
2018,401022539,2018-10-20T02:00:00.000Z,UNLV,Air Force,35,41,False,PRIMARY_REGULAR_PROVISIONAL,v0.22_population_ledger
2018,401012313,2018-10-20T16:00:00.000Z,Arkansas,Tulsa,23,0,False,PRIMARY_REGULAR_PROVISIONAL,v0.22_population_ledger
2018,401012316,2018-10-20T16:00:00.000Z,Ole Miss,Auburn,16,31,False,PRIMARY_REGULAR_PROVISIONAL,v0.22_population_ledger
2018,401012810,2018-10-20T16:00:00.000Z,Wisconsin,Illinois,49,20,False,PRIMARY_REGULAR_PROVISIONAL,v0.22_population_ledger
2018,401012846,2018-10-20T16:00:00.000Z,Rutgers,Northwestern,15,18,False,PRIMARY_REGULAR_PROVISIONAL,v0.22_population_ledger
2018,401012867,2018-10-20T16:00:00.000Z,Iowa,Maryland,23,0,False,PRIMARY_REGULAR_PROVISIONAL,v0.22_population_ledger
2018,401012884,2018-10-20T16:00:00.000Z,Michigan State,Michigan,7,21,False,PRIMARY_REGULAR_PROVISIONAL,v0.22_population_ledger
2018,401013068,2018-10-20T16:00:00.000Z,TCU,Oklahoma,27,52,False,PRIMARY_REGULAR_PROVISIONAL,v0.22_population_ledger
2018,401013371,2018-10-20T16:00:00.000Z,Army,Miami (OH),31,30,False,PRIMARY_REGULAR_PROVISIONAL,v0.22_population_ledger
2018,401019510,2018-10-20T16:00:00.000Z,Temple,Cincinnati,24,17,False,PRIMARY_REGULAR_PROVISIONAL,v0.22_population_ledger
2018,401020763,2018-10-20T16:00:00.000Z,Toledo,Buffalo,17,31,False,PRIMARY_REGULAR_PROVISIONAL,v0.22_population_ledger
2018,401013152,2018-10-20T16:20:00.000Z,Syracuse,North Carolina,40,37,False,PRIMARY_REGULAR_PROVISIONAL,v0.22_population_ledger
2018,401013150,2018-10-20T16:30:00.000Z,Duke,Virginia,14,28,False,PRIMARY_REGULAR_PROVISIONAL,v0.22_population_ledger
2018,401020762,2018-10-20T18:00:00.000Z,Ohio,Bowling Green,49,14,False,PRIMARY_REGULAR_PROVISIONAL,v0.22_population_ledger
2018,401015021,2018-10-20T18:30:00.000Z,Marshall,Florida Atlantic,31,7,False,PRIMARY_REGULAR_PROVISIONAL,v0.22_population_ledger
2018,401022540,2018-10-20T18:30:00.000Z,Wyoming,Utah State,16,24,False,PRIMARY_REGULAR_PROVISIONAL,v0.22_population_ledger
2018,401015019,2018-10-20T19:00:00.000Z,Middle Tennessee,Charlotte,21,13,False,PRIMARY_REGULAR_PROVISIONAL,v0.22_population_ledger
2018,401020764,2018-10-20T19:00:00.000Z,Ball State,Eastern Michigan,20,42,False,PRIMARY_REGULAR_PROVISIONAL,v0.22_population_ledger
2018,401020765,2018-10-20T19:00:00.000Z,Central Michigan,Western Michigan,10,35,False,PRIMARY_REGULAR_PROVISIONAL,v0.22_population_ledger
2018,401012318,2018-10-20T19:30:00.000Z,Tennessee,Alabama,21,58,False,PRIMARY_REGULAR_PROVISIONAL,v0.22_population_ledger
2018,401012772,2018-10-20T19:30:00.000Z,Washington,Colorado,27,13,False,PRIMARY_REGULAR_PROVISIONAL,v0.22_population_ledger
2018,401012857,2018-10-20T19:30:00.000Z,Indiana,Penn State,28,33,False,PRIMARY_REGULAR_PROVISIONAL,v0.22_population_ledger
2018,401013052,2018-10-20T19:30:00.000Z,Texas Tech,Kansas,48,16,False,PRIMARY_REGULAR_PROVISIONAL,v0.22_population_ledger
2018,401013149,2018-10-20T19:30:00.000Z,Clemson,NC State,41,7,False,PRIMARY_REGULAR_PROVISIONAL,v0.22_population_ledger
2018,401013151,2018-10-20T19:30:00.000Z,Florida State,Wake Forest,38,17,False,PRIMARY_REGULAR_PROVISIONAL,v0.22_population_ledger
2018,401013332,2018-10-20T19:30:00.000Z,Nebraska,Minnesota,53,28,False,PRIMARY_REGULAR_PROVISIONAL,v0.22_population_ledger
2018,401013363,2018-10-20T19:30:00.000Z,UMass,Coastal Carolina,13,24,False,PRIMARY_REGULAR_PROVISIONAL,v0.22_population_ledger
2018,401015022,2018-10-20T19:30:00.000Z,Louisiana Tech,UTEP,31,24,False,PRIMARY_REGULAR_PROVISIONAL,v0.22_population_ledger
2018,401019512,2018-10-20T19:30:00.000Z,Navy,Houston,36,49,False,PRIMARY_REGULAR_PROVISIONAL,v0.22_population_ledger
2018,401019513,2018-10-20T19:30:00.000Z,Tulane,SMU,23,27,False,PRIMARY_REGULAR_PROVISIONAL,v0.22_population_ledger
2018,401020761,2018-10-20T19:30:00.000Z,Kent State,Akron,23,24,False,PRIMARY_REGULAR_PROVISIONAL,v0.22_population_ledger
2018,401021677,2018-10-20T19:30:00.000Z,Appalachian State,Louisiana,27,17,False,PRIMARY_REGULAR_PROVISIONAL,v0.22_population_ledger
2018,401012317,2018-10-20T20:00:00.000Z,Missouri,Memphis,65,33,False,PRIMARY_REGULAR_PROVISIONAL,v0.22_population_ledger
2018,401012771,2018-10-20T20:00:00.000Z,Oregon State,California,7,49,False,PRIMARY_REGULAR_PROVISIONAL,v0.22_population_ledger
2018,401013443,2018-10-20T22:00:00.000Z,New Mexico State,Georgia Southern,31,48,False,PRIMARY_REGULAR_PROVISIONAL,v0.22_population_ledger
2018,401012315,2018-10-20T23:00:00.000Z,LSU,Mississippi State,19,3,False,PRIMARY_REGULAR_PROVISIONAL,v0.22_population_ledger
2018,401015025,2018-10-20T23:00:00.000Z,Southern Miss,UTSA,27,17,False,PRIMARY_REGULAR_PROVISIONAL,v0.22_population_ledger
2018,401019509,2018-10-20T23:00:00.000Z,East Carolina,UCF,10,37,False,PRIMARY_REGULAR_PROVISIONAL,v0.22_population_ledger
2018,401019511,2018-10-20T23:00:00.000Z,South Florida,UConn,38,30,False,PRIMARY_REGULAR_PROVISIONAL,v0.22_population_ledger
2018,401021678,2018-10-20T23:00:00.000Z,UL Monroe,Texas State,20,14,False,PRIMARY_REGULAR_PROVISIONAL,v0.22_population_ledger
2018,401012314,2018-10-20T23:30:00.000Z,Kentucky,Vanderbilt,14,7,False,PRIMARY_REGULAR_PROVISIONAL,v0.22_population_ledger
2018,401012773,2018-10-20T23:30:00.000Z,Washington State,Oregon,34,20,False,PRIMARY_REGULAR_PROVISIONAL,v0.22_population_ledger
2018,401013348,2018-10-20T23:30:00.000Z,Purdue,Ohio State,49,20,False,PRIMARY_REGULAR_PROVISIONAL,v0.22_population_ledger
2018,401015020,2018-10-20T23:30:00.000Z,FIU,Rice,36,17,False,PRIMARY_REGULAR_PROVISIONAL,v0.22_population_ledger
2018,401015023,2018-10-20T23:30:00.000Z,UAB,North Texas,29,21,False,PRIMARY_REGULAR_PROVISIONAL,v0.22_population_ledger
2018,401015024,2018-10-20T23:30:00.000Z,Western Kentucky,Old Dominion,34,37,False,PRIMARY_REGULAR_PROVISIONAL,v0.22_population_ledger
2018,401022541,2018-10-20T23:30:00.000Z,New Mexico,Fresno State,7,38,False,PRIMARY_REGULAR_PROVISIONAL,v0.22_population_ledger
2018,401012770,2018-10-21T00:00:00.000Z,Utah,USC,41,28,False,PRIMARY_REGULAR_PROVISIONAL,v0.22_population_ledger
2018,401012769,2018-10-21T02:30:00.000Z,UCLA,Arizona,31,30,False,PRIMARY_REGULAR_PROVISIONAL,v0.22_population_ledger
2018,401022543,2018-10-21T02:30:00.000Z,San Diego State,San Jose State,16,13,False,PRIMARY_REGULAR_PROVISIONAL,v0.22_population_ledger
2018,401022542,2018-10-21T03:59:00.000Z,Hawaii,Nevada,22,40,False,PRIMARY_REGULAR_PROVISIONAL,v0.22_population_ledger
2018,401021679,2018-10-24T00:00:00.000Z,South Alabama,Troy,17,38,False,PRIMARY_REGULAR_PROVISIONAL,v0.22_population_ledger
2018,401013033,2018-10-25T23:00:00.000Z,West Virginia,Baylor,58,14,False,PRIMARY_REGULAR_PROVISIONAL,v0.22_population_ledger
2018,401020766,2018-10-25T23:00:00.000Z,Ohio,Ball State,52,14,False,PRIMARY_REGULAR_PROVISIONAL,v0.22_population_ledger
2018,401020767,2018-10-25T23:00:00.000Z,Western Michigan,Toledo,24,51,False,PRIMARY_REGULAR_PROVISIONAL,v0.22_population_ledger
2018,401013153,2018-10-25T23:30:00.000Z,Virginia Tech,Georgia Tech,28,49,False,PRIMARY_REGULAR_PROVISIONAL,v0.22_population_ledger
2018,401021680,2018-10-25T23:30:00.000Z,Georgia Southern,Appalachian State,34,14,False,PRIMARY_REGULAR_PROVISIONAL,v0.22_population_ledger
2018,401015028,2018-10-26T22:30:00.000Z,Florida Atlantic,Louisiana Tech,13,21,False,PRIMARY_REGULAR_PROVISIONAL,v0.22_population_ledger
2018,401013154,2018-10-26T23:00:00.000Z,Boston College,Miami (FL),27,14,False,PRIMARY_REGULAR_PROVISIONAL,v0.22_population_ledger
2018,401012858,2018-10-27T00:00:00.000Z,Minnesota,Indiana,38,31,False,PRIMARY_REGULAR_PROVISIONAL,v0.22_population_ledger
2018,401022546,2018-10-27T02:00:00.000Z,Colorado State,Wyoming,21,34,False,PRIMARY_REGULAR_PROVISIONAL,v0.22_population_ledger
2018,401012774,2018-10-27T02:30:00.000Z,UCLA,Utah,10,41,False,PRIMARY_REGULAR_PROVISIONAL,v0.22_population_ledger
2018,401012319,2018-10-27T16:00:00.000Z,Arkansas,Vanderbilt,31,45,False,PRIMARY_REGULAR_PROVISIONAL,v0.22_population_ledger
2018,401012885,2018-10-27T16:00:00.000Z,Michigan State,Purdue,23,13,False,PRIMARY_REGULAR_PROVISIONAL,v0.22_population_ledger
2018,401013044,2018-10-27T16:00:00.000Z,Iowa State,Texas Tech,40,31,False,PRIMARY_REGULAR_PROVISIONAL,v0.22_population_ledger
2018,401013155,2018-10-27T16:00:00.000Z,Florida State,Clemson,10,59,False,PRIMARY_REGULAR_PROVISIONAL,v0.22_population_ledger
2018,401013157,2018-10-27T16:00:00.000Z,Louisville,Wake Forest,35,56,False,PRIMARY_REGULAR_PROVISIONAL,v0.22_population_ledger
2018,401013344,2018-10-27T16:00:00.000Z,Northwestern,Wisconsin,31,17,False,PRIMARY_REGULAR_PROVISIONAL,v0.22_population_ledger
2018,401013364,2018-10-27T16:00:00.000Z,UConn,UMass,17,22,False,PRIMARY_REGULAR_PROVISIONAL,v0.22_population_ledger
2018,401013372,2018-10-27T16:00:00.000Z,Eastern Michigan,Army,22,37,False,PRIMARY_REGULAR_PROVISIONAL,v0.22_population_ledger
2018,401020768,2018-10-27T16:00:00.000Z,Akron,Central Michigan,17,10,False,PRIMARY_REGULAR_PROVISIONAL,v0.22_population_ledger
2018,401013158,2018-10-27T16:20:00.000Z,Virginia,North Carolina,31,21,False,PRIMARY_REGULAR_PROVISIONAL,v0.22_population_ledger
2018,401015026,2018-10-27T18:00:00.000Z,Charlotte,Southern Miss,20,17,False,PRIMARY_REGULAR_PROVISIONAL,v0.22_population_ledger
2018,401021682,2018-10-27T18:00:00.000Z,Georgia State,Coastal Carolina,34,37,False,PRIMARY_REGULAR_PROVISIONAL,v0.22_population_ledger
2018,401012777,2018-10-27T19:00:00.000Z,Colorado,Oregon State,34,41,False,PRIMARY_REGULAR_PROVISIONAL,v0.22_population_ledger
2018,401013053,2018-10-27T19:00:00.000Z,Kansas,TCU,27,26,False,PRIMARY_REGULAR_PROVISIONAL,v0.22_population_ledger
2018,401012320,2018-10-27T19:30:00.000Z,Georgia,Florida,36,17,True,PRIMARY_REGULAR_PROVISIONAL,v0.22_population_ledger
2018,401012776,2018-10-27T19:30:00.000Z,USC,Arizona State,35,38,False,PRIMARY_REGULAR_PROVISIONAL,v0.22_population_ledger
2018,401012811,2018-10-27T19:30:00.000Z,Maryland,Illinois,63,33,False,PRIMARY_REGULAR_PROVISIONAL,v0.22_population_ledger
2018,401012868,2018-10-27T19:30:00.000Z,Penn State,Iowa,30,24,False,PRIMARY_REGULAR_PROVISIONAL,v0.22_population_ledger
2018,401013062,2018-10-27T19:30:00.000Z,Oklahoma,Kansas State,51,14,False,PRIMARY_REGULAR_PROVISIONAL,v0.22_population_ledger
2018,401013156,2018-10-27T19:30:00.000Z,Pittsburgh,Duke,54,45,False,PRIMARY_REGULAR_PROVISIONAL,v0.22_population_ledger
2018,401015029,2018-10-27T19:30:00.000Z,Old Dominion,Middle Tennessee,17,51,False,PRIMARY_REGULAR_PROVISIONAL,v0.22_population_ledger
2018,401016409,2018-10-27T19:30:00.000Z,BYU,Northern Illinois,6,7,False,PRIMARY_REGULAR_PROVISIONAL,v0.22_population_ledger
2018,401019514,2018-10-27T19:30:00.000Z,SMU,Cincinnati,20,26,False,PRIMARY_REGULAR_PROVISIONAL,v0.22_population_ledger
2018,401019515,2018-10-27T19:30:00.000Z,Houston,South Florida,57,36,False,PRIMARY_REGULAR_PROVISIONAL,v0.22_population_ledger
2018,401012322,2018-10-27T20:00:00.000Z,Missouri,Kentucky,14,15,False,PRIMARY_REGULAR_PROVISIONAL,v0.22_population_ledger
2018,401015030,2018-10-27T20:00:00.000Z,North Texas,Rice,41,17,False,PRIMARY_REGULAR_PROVISIONAL,v0.22_population_ledger
2018,401022545,2018-10-27T20:00:00.000Z,Utah State,New Mexico,61,19,False,PRIMARY_REGULAR_PROVISIONAL,v0.22_population_ledger
2018,401012778,2018-10-27T22:30:00.000Z,California,Washington,12,10,False,PRIMARY_REGULAR_PROVISIONAL,v0.22_population_ledger
2018,401022549,2018-10-27T22:30:00.000Z,San Jose State,UNLV,50,37,False,PRIMARY_REGULAR_PROVISIONAL,v0.22_population_ledger
2018,401012321,2018-10-27T23:00:00.000Z,Mississippi State,Texas A&M,28,13,False,PRIMARY_REGULAR_PROVISIONAL,v0.22_population_ledger
2018,401012779,2018-10-27T23:00:00.000Z,Stanford,Washington State,38,41,False,PRIMARY_REGULAR_PROVISIONAL,v0.22_population_ledger
2018,401013159,2018-10-27T23:00:00.000Z,Syracuse,NC State,51,41,False,PRIMARY_REGULAR_PROVISIONAL,v0.22_population_ledger
2018,401013444,2018-10-27T23:00:00.000Z,Texas State,New Mexico State,27,20,False,PRIMARY_REGULAR_PROVISIONAL,v0.22_population_ledger
2018,401019516,2018-10-27T23:00:00.000Z,Tulsa,Tulane,17,24,False,PRIMARY_REGULAR_PROVISIONAL,v0.22_population_ledger
2018,401021681,2018-10-27T23:00:00.000Z,Louisiana,Arkansas State,47,43,False,PRIMARY_REGULAR_PROVISIONAL,v0.22_population_ledger
2018,401022544,2018-10-27T23:00:00.000Z,Air Force,Boise State,38,48,False,PRIMARY_REGULAR_PROVISIONAL,v0.22_population_ledger
2018,401012323,2018-10-27T23:30:00.000Z,South Carolina,Tennessee,27,24,False,PRIMARY_REGULAR_PROVISIONAL,v0.22_population_ledger
2018,401015027,2018-10-27T23:30:00.000Z,Western Kentucky,FIU,17,38,False,PRIMARY_REGULAR_PROVISIONAL,v0.22_population_ledger
2018,401015031,2018-10-27T23:30:00.000Z,UTEP,UAB,0,19,False,PRIMARY_REGULAR_PROVISIONAL,v0.22_population_ledger
2018,401013189,2018-10-28T00:00:00.000Z,Navy,Notre Dame,22,44,True,PRIMARY_REGULAR_PROVISIONAL,v0.22_population_ledger
2018,401013320,2018-10-28T00:00:00.000Z,Oklahoma State,Texas,38,35,False,PRIMARY_REGULAR_PROVISIONAL,v0.22_population_ledger
2018,401012775,2018-10-28T02:30:00.000Z,Arizona,Oregon,44,15,False,PRIMARY_REGULAR_PROVISIONAL,v0.22_population_ledger
2018,401022547,2018-10-28T02:30:00.000Z,Fresno State,Hawaii,50,20,False,PRIMARY_REGULAR_PROVISIONAL,v0.22_population_ledger
2018,401022548,2018-10-28T02:30:00.000Z,Nevada,San Diego State,28,24,False,PRIMARY_REGULAR_PROVISIONAL,v0.22_population_ledger
2018,401020769,2018-10-31T00:00:00.000Z,Bowling Green,Kent State,28,35,False,PRIMARY_REGULAR_PROVISIONAL,v0.22_population_ledger
2018,401020770,2018-10-31T00:00:00.000Z,Buffalo,Miami (OH),51,42,False,PRIMARY_REGULAR_PROVISIONAL,v0.22_population_ledger
2018,401020771,2018-10-31T23:30:00.000Z,Toledo,Ball State,45,13,False,PRIMARY_REGULAR_PROVISIONAL,v0.22_population_ledger
2018,401020772,2018-11-01T23:00:00.000Z,Akron,Northern Illinois,26,36,False,PRIMARY_REGULAR_PROVISIONAL,v0.22_population_ledger
2018,401020773,2018-11-01T23:00:00.000Z,Western Michigan,Ohio,14,59,False,PRIMARY_REGULAR_PROVISIONAL,v0.22_population_ledger
2018,401019517,2018-11-01T23:30:00.000Z,UCF,Temple,52,40,False,PRIMARY_REGULAR_PROVISIONAL,v0.22_population_ledger
2018,401013160,2018-11-02T23:30:00.000Z,Virginia,Pittsburgh,13,23,False,PRIMARY_REGULAR_PROVISIONAL,v0.22_population_ledger
2018,401015034,2018-11-03T00:00:00.000Z,Middle Tennessee,Western Kentucky,29,10,False,PRIMARY_REGULAR_PROVISIONAL,v0.22_population_ledger
2018,401012780,2018-11-03T02:30:00.000Z,Arizona,Colorado,42,34,False,PRIMARY_REGULAR_PROVISIONAL,v0.22_population_ledger
2018,401013373,2018-11-03T12:00:00.000Z,Army,Air Force,17,14,False,PRIMARY_REGULAR_PROVISIONAL,v0.22_population_ledger
2018,401012324,2018-11-03T16:00:00.000Z,Auburn,Texas A&M,28,24,False,PRIMARY_REGULAR_PROVISIONAL,v0.22_population_ledger
2018,401012328,2018-11-03T16:00:00.000Z,Ole Miss,South Carolina,44,48,False,PRIMARY_REGULAR_PROVISIONAL,v0.22_population_ledger
2018,401012847,2018-11-03T16:00:00.000Z,Wisconsin,Rutgers,31,17,False,PRIMARY_REGULAR_PROVISIONAL,v0.22_population_ledger
2018,401012877,2018-11-03T16:00:00.000Z,Maryland,Michigan State,3,24,False,PRIMARY_REGULAR_PROVISIONAL,v0.22_population_ledger
2018,401013034,2018-11-03T16:00:00.000Z,Baylor,Oklahoma State,35,31,False,PRIMARY_REGULAR_PROVISIONAL,v0.22_population_ledger
2018,401013045,2018-11-03T16:00:00.000Z,Kansas,Iowa State,3,27,False,PRIMARY_REGULAR_PROVISIONAL,v0.22_population_ledger
2018,401013162,2018-11-03T16:00:00.000Z,Clemson,Louisville,77,16,False,PRIMARY_REGULAR_PROVISIONAL,v0.22_population_ledger
2018,401013166,2018-11-03T16:00:00.000Z,Wake Forest,Syracuse,24,41,False,PRIMARY_REGULAR_PROVISIONAL,v0.22_population_ledger
2018,401013341,2018-11-03T16:00:00.000Z,Ohio State,Nebraska,36,31,False,PRIMARY_REGULAR_PROVISIONAL,v0.22_population_ledger
2018,401019520,2018-11-03T16:00:00.000Z,East Carolina,Memphis,41,59,False,PRIMARY_REGULAR_PROVISIONAL,v0.22_population_ledger
2018,401020774,2018-11-03T16:00:00.000Z,Eastern Michigan,Central Michigan,17,7,False,PRIMARY_REGULAR_PROVISIONAL,v0.22_population_ledger
2018,401013165,2018-11-03T16:15:00.000Z,North Carolina,Georgia Tech,28,38,False,PRIMARY_REGULAR_PROVISIONAL,v0.22_population_ledger
2018,401021686,2018-11-03T18:00:00.000Z,Georgia State,Texas State,30,40,False,PRIMARY_REGULAR_PROVISIONAL,v0.22_population_ledger
2018,401022552,2018-11-03T18:00:00.000Z,Wyoming,San Jose State,24,9,False,PRIMARY_REGULAR_PROVISIONAL,v0.22_population_ledger
2018,401015033,2018-11-03T19:00:00.000Z,Southern Miss,Marshall,26,24,False,PRIMARY_REGULAR_PROVISIONAL,v0.22_population_ledger
2018,401021684,2018-11-03T19:00:00.000Z,Arkansas State,South Alabama,38,14,False,PRIMARY_REGULAR_PROVISIONAL,v0.22_population_ledger
2018,401021685,2018-11-03T19:00:00.000Z,UL Monroe,Georgia Southern,44,25,False,PRIMARY_REGULAR_PROVISIONAL,v0.22_population_ledger
2018,401012326,2018-11-03T19:30:00.000Z,Kentucky,Georgia,17,34,False,PRIMARY_REGULAR_PROVISIONAL,v0.22_population_ledger
2018,401012812,2018-11-03T19:30:00.000Z,Illinois,Minnesota,55,31,False,PRIMARY_REGULAR_PROVISIONAL,v0.22_population_ledger
2018,401012869,2018-11-03T19:30:00.000Z,Purdue,Iowa,38,36,False,PRIMARY_REGULAR_PROVISIONAL,v0.22_population_ledger
2018,401013063,2018-11-03T19:30:00.000Z,TCU,Kansas State,14,13,False,PRIMARY_REGULAR_PROVISIONAL,v0.22_population_ledger
2018,401013164,2018-11-03T19:30:00.000Z,NC State,Florida State,47,28,False,PRIMARY_REGULAR_PROVISIONAL,v0.22_population_ledger
2018,401013188,2018-11-03T19:30:00.000Z,Texas,West Virginia,41,42,False,PRIMARY_REGULAR_PROVISIONAL,v0.22_population_ledger
2018,401013365,2018-11-03T19:30:00.000Z,UMass,Liberty,62,59,False,PRIMARY_REGULAR_PROVISIONAL,v0.22_population_ledger
2018,401015035,2018-11-03T19:30:00.000Z,Rice,UTEP,26,34,False,PRIMARY_REGULAR_PROVISIONAL,v0.22_population_ledger
2018,401019518,2018-11-03T19:30:00.000Z,Cincinnati,Navy,42,0,False,PRIMARY_REGULAR_PROVISIONAL,v0.22_population_ledger
2018,401019521,2018-11-03T19:30:00.000Z,South Florida,Tulane,15,41,False,PRIMARY_REGULAR_PROVISIONAL,v0.22_population_ledger
2018,401021687,2018-11-03T19:30:00.000Z,Troy,Louisiana,26,16,False,PRIMARY_REGULAR_PROVISIONAL,v0.22_population_ledger
2018,401012894,2018-11-03T19:45:00.000Z,Michigan,Penn State,42,7,False,PRIMARY_REGULAR_PROVISIONAL,v0.22_population_ledger
2018,401013161,2018-11-03T19:45:00.000Z,Virginia Tech,Boston College,21,31,False,PRIMARY_REGULAR_PROVISIONAL,v0.22_population_ledger
2018,401012325,2018-11-03T20:00:00.000Z,Florida,Missouri,17,38,False,PRIMARY_REGULAR_PROVISIONAL,v0.22_population_ledger
2018,401012330,2018-11-03T20:00:00.000Z,Tennessee,Charlotte,14,3,False,PRIMARY_REGULAR_PROVISIONAL,v0.22_population_ledger
2018,401012781,2018-11-03T20:00:00.000Z,Arizona State,Utah,38,20,False,PRIMARY_REGULAR_PROVISIONAL,v0.22_population_ledger
2018,401021683,2018-11-03T21:00:00.000Z,Coastal Carolina,Appalachian State,7,23,False,PRIMARY_REGULAR_PROVISIONAL,v0.22_population_ledger
2018,401013163,2018-11-03T23:00:00.000Z,Miami (FL),Duke,12,20,False,PRIMARY_REGULAR_PROVISIONAL,v0.22_population_ledger
2018,401019519,2018-11-03T23:00:00.000Z,Tulsa,UConn,49,19,False,PRIMARY_REGULAR_PROVISIONAL,v0.22_population_ledger
2018,401019522,2018-11-03T23:00:00.000Z,SMU,Houston,45,31,False,PRIMARY_REGULAR_PROVISIONAL,v0.22_population_ledger
2018,401013345,2018-11-03T23:15:00.000Z,Northwestern,Notre Dame,21,31,False,PRIMARY_REGULAR_PROVISIONAL,v0.22_population_ledger
2018,401012329,2018-11-03T23:30:00.000Z,Mississippi State,Louisiana Tech,45,3,False,PRIMARY_REGULAR_PROVISIONAL,v0.22_population_ledger
2018,401012782,2018-11-03T23:30:00.000Z,Oregon,UCLA,42,21,False,PRIMARY_REGULAR_PROVISIONAL,v0.22_population_ledger
2018,401015032,2018-11-03T23:30:00.000Z,FIU,Florida Atlantic,14,49,False,PRIMARY_REGULAR_PROVISIONAL,v0.22_population_ledger
2018,401015036,2018-11-03T23:30:00.000Z,UAB,UTSA,52,3,False,PRIMARY_REGULAR_PROVISIONAL,v0.22_population_ledger
2018,401012327,2018-11-04T00:00:00.000Z,LSU,Alabama,0,29,False,PRIMARY_REGULAR_PROVISIONAL,v0.22_population_ledger
2018,401013069,2018-11-04T00:00:00.000Z,Texas Tech,Oklahoma,46,51,False,PRIMARY_REGULAR_PROVISIONAL,v0.22_population_ledger
2018,401012784,2018-11-04T01:00:00.000Z,Washington,Stanford,27,23,False,PRIMARY_REGULAR_PROVISIONAL,v0.22_population_ledger
2018,401012783,2018-11-04T02:00:00.000Z,Oregon State,USC,21,38,False,PRIMARY_REGULAR_PROVISIONAL,v0.22_population_ledger
2018,401016410,2018-11-04T02:15:00.000Z,Boise State,BYU,21,16,False,PRIMARY_REGULAR_PROVISIONAL,v0.22_population_ledger
2018,401022550,2018-11-04T02:15:00.000Z,New Mexico,San Diego State,23,31,False,PRIMARY_REGULAR_PROVISIONAL,v0.22_population_ledger
2018,401022553,2018-11-04T02:30:00.000Z,UNLV,Fresno State,3,48,False,PRIMARY_REGULAR_PROVISIONAL,v0.22_population_ledger
2018,401012785,2018-11-04T02:45:00.000Z,Washington State,California,19,13,False,PRIMARY_REGULAR_PROVISIONAL,v0.22_population_ledger
2018,401022551,2018-11-04T03:59:00.000Z,Hawaii,Utah State,17,56,False,PRIMARY_REGULAR_PROVISIONAL,v0.22_population_ledger
2018,401020775,2018-11-07T00:30:00.000Z,Buffalo,Kent State,48,14,False,PRIMARY_REGULAR_PROVISIONAL,v0.22_population_ledger
2018,401020776,2018-11-08T00:00:00.000Z,Miami (OH),Ohio,30,28,False,PRIMARY_REGULAR_PROVISIONAL,v0.22_population_ledger
2018,401020777,2018-11-08T01:00:00.000Z,Northern Illinois,Toledo,38,15,False,PRIMARY_REGULAR_PROVISIONAL,v0.22_population_ledger
2018,401013167,2018-11-09T00:30:00.000Z,NC State,Wake Forest,23,27,False,PRIMARY_REGULAR_PROVISIONAL,v0.22_population_ledger
2018,401013168,2018-11-10T00:00:00.000Z,Syracuse,Louisville,54,23,False,PRIMARY_REGULAR_PROVISIONAL,v0.22_population_ledger
2018,401022556,2018-11-10T03:15:00.000Z,Boise State,Fresno State,24,17,False,PRIMARY_REGULAR_PROVISIONAL,v0.22_population_ledger
2018,401012333,2018-11-10T17:00:00.000Z,Florida,South Carolina,35,31,False,PRIMARY_REGULAR_PROVISIONAL,v0.22_population_ledger
2018,401012335,2018-11-10T17:00:00.000Z,Missouri,Vanderbilt,33,28,False,PRIMARY_REGULAR_PROVISIONAL,v0.22_population_ledger
2018,401012337,2018-11-10T17:00:00.000Z,Texas A&M,Ole Miss,38,24,False,PRIMARY_REGULAR_PROVISIONAL,v0.22_population_ledger
2018,401012813,2018-11-10T17:00:00.000Z,Nebraska,Illinois,54,35,False,PRIMARY_REGULAR_PROVISIONAL,v0.22_population_ledger
2018,401012859,2018-11-10T17:00:00.000Z,Indiana,Maryland,34,32,False,PRIMARY_REGULAR_PROVISIONAL,v0.22_population_ledger
2018,401012886,2018-11-10T17:00:00.000Z,Michigan State,Ohio State,6,26,False,PRIMARY_REGULAR_PROVISIONAL,v0.22_population_ledger
2018,401013054,2018-11-10T17:00:00.000Z,Kansas State,Kansas,21,17,False,PRIMARY_REGULAR_PROVISIONAL,v0.22_population_ledger
2018,401013077,2018-11-10T17:00:00.000Z,West Virginia,TCU,47,10,False,PRIMARY_REGULAR_PROVISIONAL,v0.22_population_ledger
2018,401013351,2018-11-10T17:00:00.000Z,Penn State,Wisconsin,22,10,False,PRIMARY_REGULAR_PROVISIONAL,v0.22_population_ledger
2018,401013366,2018-11-10T17:00:00.000Z,UMass,BYU,16,35,False,PRIMARY_REGULAR_PROVISIONAL,v0.22_population_ledger
2018,401019523,2018-11-10T17:00:00.000Z,UCF,Navy,35,24,False,PRIMARY_REGULAR_PROVISIONAL,v0.22_population_ledger
2018,401019525,2018-11-10T17:00:00.000Z,UConn,SMU,50,62,False,PRIMARY_REGULAR_PROVISIONAL,v0.22_population_ledger
2018,401019528,2018-11-10T17:00:00.000Z,Memphis,Tulsa,47,21,False,PRIMARY_REGULAR_PROVISIONAL,v0.22_population_ledger
2018,401020778,2018-11-10T17:00:00.000Z,Eastern Michigan,Akron,27,7,False,PRIMARY_REGULAR_PROVISIONAL,v0.22_population_ledger
2018,401013170,2018-11-10T17:20:00.000Z,Duke,North Carolina,42,35,False,PRIMARY_REGULAR_PROVISIONAL,v0.22_population_ledger
2018,401021689,2018-11-10T18:00:00.000Z,Georgia Southern,Troy,21,35,False,PRIMARY_REGULAR_PROVISIONAL,v0.22_population_ledger
2018,401012786,2018-11-10T19:00:00.000Z,Arizona State,UCLA,31,28,False,PRIMARY_REGULAR_PROVISIONAL,v0.22_population_ledger
2018,401015037,2018-11-10T19:30:00.000Z,Marshall,Charlotte,30,13,False,PRIMARY_REGULAR_PROVISIONAL,v0.22_population_ledger
2018,401013174,2018-11-10T20:00:00.000Z,Virginia,Liberty,45,24,False,PRIMARY_REGULAR_PROVISIONAL,v0.22_population_ledger
2018,401015041,2018-11-10T20:00:00.000Z,UTEP,Middle Tennessee,32,48,False,PRIMARY_REGULAR_PROVISIONAL,v0.22_population_ledger
2018,401020779,2018-11-10T20:00:00.000Z,Central Michigan,Bowling Green,13,24,False,PRIMARY_REGULAR_PROVISIONAL,v0.22_population_ledger
2018,401012331,2018-11-10T20:30:00.000Z,Alabama,Mississippi State,24,0,False,PRIMARY_REGULAR_PROVISIONAL,v0.22_population_ledger
2018,401012336,2018-11-10T20:30:00.000Z,Tennessee,Kentucky,24,7,False,PRIMARY_REGULAR_PROVISIONAL,v0.22_population_ledger
2018,401012788,2018-11-10T20:30:00.000Z,Colorado,Washington State,7,31,False,PRIMARY_REGULAR_PROVISIONAL,v0.22_population_ledger
2018,401012848,2018-11-10T20:30:00.000Z,Rutgers,Michigan,7,42,False,PRIMARY_REGULAR_PROVISIONAL,v0.22_population_ledger
2018,401012870,2018-11-10T20:30:00.000Z,Iowa,Northwestern,10,14,False,PRIMARY_REGULAR_PROVISIONAL,v0.22_population_ledger
2018,401013035,2018-11-10T20:30:00.000Z,Iowa State,Baylor,28,14,False,PRIMARY_REGULAR_PROVISIONAL,v0.22_population_ledger
2018,401013070,2018-11-10T20:30:00.000Z,Oklahoma,Oklahoma State,48,47,False,PRIMARY_REGULAR_PROVISIONAL,v0.22_population_ledger
2018,401013173,2018-11-10T20:30:00.000Z,Pittsburgh,Virginia Tech,52,22,False,PRIMARY_REGULAR_PROVISIONAL,v0.22_population_ledger
2018,401013333,2018-11-10T20:30:00.000Z,Minnesota,Purdue,41,10,False,PRIMARY_REGULAR_PROVISIONAL,v0.22_population_ledger
2018,401015042,2018-11-10T20:30:00.000Z,Old Dominion,North Texas,34,31,False,PRIMARY_REGULAR_PROVISIONAL,v0.22_population_ledger
2018,401022554,2018-11-10T20:30:00.000Z,Air Force,New Mexico,42,24,False,PRIMARY_REGULAR_PROVISIONAL,v0.22_population_ledger
2018,401019526,2018-11-10T21:00:00.000Z,Tulane,East Carolina,24,18,False,PRIMARY_REGULAR_PROVISIONAL,v0.22_population_ledger
2018,401021702,2018-11-10T21:00:00.000Z,Texas State,Appalachian State,7,38,False,PRIMARY_REGULAR_PROVISIONAL,v0.22_population_ledger
2018,401022557,2018-11-10T21:00:00.000Z,Utah State,San Jose State,62,24,False,PRIMARY_REGULAR_PROVISIONAL,v0.22_population_ledger
2018,401015039,2018-11-10T22:00:00.000Z,Florida Atlantic,Western Kentucky,34,15,False,PRIMARY_REGULAR_PROVISIONAL,v0.22_population_ledger
2018,401021688,2018-11-10T22:00:00.000Z,Coastal Carolina,Arkansas State,16,44,False,PRIMARY_REGULAR_PROVISIONAL,v0.22_population_ledger
2018,401021690,2018-11-10T22:00:00.000Z,Louisiana,Georgia State,36,22,False,PRIMARY_REGULAR_PROVISIONAL,v0.22_population_ledger
2018,401021691,2018-11-10T22:00:00.000Z,South Alabama,UL Monroe,10,38,False,PRIMARY_REGULAR_PROVISIONAL,v0.22_population_ledger
2018,401012789,2018-11-10T22:30:00.000Z,Utah,Oregon,32,25,False,PRIMARY_REGULAR_PROVISIONAL,v0.22_population_ledger
2018,401012334,2018-11-11T00:00:00.000Z,Georgia,Auburn,27,10,False,PRIMARY_REGULAR_PROVISIONAL,v0.22_population_ledger
2018,401013172,2018-11-11T00:00:00.000Z,Georgia Tech,Miami (FL),27,21,False,PRIMARY_REGULAR_PROVISIONAL,v0.22_population_ledger
2018,401015038,2018-11-11T00:00:00.000Z,UTSA,FIU,7,45,False,PRIMARY_REGULAR_PROVISIONAL,v0.22_population_ledger
2018,401015040,2018-11-11T00:00:00.000Z,Louisiana Tech,Rice,28,13,False,PRIMARY_REGULAR_PROVISIONAL,v0.22_population_ledger
2018,401019524,2018-11-11T00:00:00.000Z,Cincinnati,South Florida,35,23,False,PRIMARY_REGULAR_PROVISIONAL,v0.22_population_ledger
2018,401019527,2018-11-11T00:00:00.000Z,Houston,Temple,49,59,False,PRIMARY_REGULAR_PROVISIONAL,v0.22_population_ledger
2018,401012332,2018-11-11T00:30:00.000Z,Arkansas,LSU,17,24,False,PRIMARY_REGULAR_PROVISIONAL,v0.22_population_ledger
2018,401013171,2018-11-11T00:30:00.000Z,Notre Dame,Florida State,42,13,False,PRIMARY_REGULAR_PROVISIONAL,v0.22_population_ledger
2018,401013321,2018-11-11T00:30:00.000Z,Texas Tech,Texas,34,41,False,PRIMARY_REGULAR_PROVISIONAL,v0.22_population_ledger
2018,401015043,2018-11-11T00:30:00.000Z,UAB,Southern Miss,26,23,False,PRIMARY_REGULAR_PROVISIONAL,v0.22_population_ledger
2018,401013169,2018-11-11T01:00:00.000Z,Boston College,Clemson,7,27,False,PRIMARY_REGULAR_PROVISIONAL,v0.22_population_ledger
2018,401012790,2018-11-11T02:00:00.000Z,Stanford,Oregon State,48,17,False,PRIMARY_REGULAR_PROVISIONAL,v0.22_population_ledger
2018,401012787,2018-11-11T03:30:00.000Z,USC,California,14,15,False,PRIMARY_REGULAR_PROVISIONAL,v0.22_population_ledger
2018,401022555,2018-11-11T03:30:00.000Z,Nevada,Colorado State,49,10,False,PRIMARY_REGULAR_PROVISIONAL,v0.22_population_ledger
2018,401022558,2018-11-11T03:30:00.000Z,San Diego State,UNLV,24,27,False,PRIMARY_REGULAR_PROVISIONAL,v0.22_population_ledger
2018,401020780,2018-11-13T23:00:00.000Z,Ball State,Western Michigan,42,41,False,PRIMARY_REGULAR_PROVISIONAL,v0.22_population_ledger
2018,401020781,2018-11-15T00:00:00.000Z,Ohio,Buffalo,52,17,False,PRIMARY_REGULAR_PROVISIONAL,v0.22_population_ledger
2018,401020782,2018-11-15T01:00:00.000Z,Northern Illinois,Miami (OH),7,13,False,PRIMARY_REGULAR_PROVISIONAL,v0.22_population_ledger
2018,401020783,2018-11-15T23:00:00.000Z,Kent State,Toledo,34,56,False,PRIMARY_REGULAR_PROVISIONAL,v0.22_population_ledger
2018,401019529,2018-11-16T01:00:00.000Z,Houston,Tulane,48,17,False,PRIMARY_REGULAR_PROVISIONAL,v0.22_population_ledger
2018,401015045,2018-11-16T02:30:00.000Z,North Texas,Florida Atlantic,41,38,False,PRIMARY_REGULAR_PROVISIONAL,v0.22_population_ledger
2018,401019530,2018-11-17T02:00:00.000Z,SMU,Memphis,18,28,False,PRIMARY_REGULAR_PROVISIONAL,v0.22_population_ledger
2018,401022560,2018-11-17T02:00:00.000Z,New Mexico,Boise State,14,45,False,PRIMARY_REGULAR_PROVISIONAL,v0.22_population_ledger
2018,401012342,2018-11-17T17:00:00.000Z,Kentucky,Middle Tennessee,34,23,False,PRIMARY_REGULAR_PROVISIONAL,v0.22_population_ledger
2018,401012344,2018-11-17T17:00:00.000Z,Mississippi State,Arkansas,52,6,False,PRIMARY_REGULAR_PROVISIONAL,v0.22_population_ledger
2018,401012849,2018-11-17T17:00:00.000Z,Rutgers,Penn State,7,20,False,PRIMARY_REGULAR_PROVISIONAL,v0.22_population_ledger
2018,401012878,2018-11-17T17:00:00.000Z,Maryland,Ohio State,51,52,False,PRIMARY_REGULAR_PROVISIONAL,v0.22_population_ledger
2018,401012887,2018-11-17T17:00:00.000Z,Nebraska,Michigan State,9,6,False,PRIMARY_REGULAR_PROVISIONAL,v0.22_population_ledger
2018,401013036,2018-11-17T17:00:00.000Z,Baylor,TCU,9,16,False,PRIMARY_REGULAR_PROVISIONAL,v0.22_population_ledger
2018,401013181,2018-11-17T17:00:00.000Z,Wake Forest,Pittsburgh,13,34,False,PRIMARY_REGULAR_PROVISIONAL,v0.22_population_ledger
2018,401013334,2018-11-17T17:00:00.000Z,Minnesota,Northwestern,14,24,False,PRIMARY_REGULAR_PROVISIONAL,v0.22_population_ledger
2018,401019533,2018-11-17T17:00:00.000Z,Temple,South Florida,27,17,False,PRIMARY_REGULAR_PROVISIONAL,v0.22_population_ledger
2018,401013178,2018-11-17T17:20:00.000Z,Louisville,NC State,10,52,False,PRIMARY_REGULAR_PROVISIONAL,v0.22_population_ledger
2018,401012792,2018-11-17T18:30:00.000Z,Colorado,Utah,7,30,False,PRIMARY_REGULAR_PROVISIONAL,v0.22_population_ledger
2018,401015044,2018-11-17T19:00:00.000Z,Charlotte,FIU,35,42,False,PRIMARY_REGULAR_PROVISIONAL,v0.22_population_ledger
2018,401022561,2018-11-17T19:00:00.000Z,Colorado State,Utah State,24,29,False,PRIMARY_REGULAR_PROVISIONAL,v0.22_population_ledger
2018,401013182,2018-11-17T19:30:00.000Z,Notre Dame,Syracuse,36,3,True,PRIMARY_REGULAR_PROVISIONAL,v0.22_population_ledger
2018,401015047,2018-11-17T19:30:00.000Z,Marshall,UTSA,23,0,False,PRIMARY_REGULAR_PROVISIONAL,v0.22_population_ledger
2018,401021692,2018-11-17T19:30:00.000Z,Appalachian State,Georgia State,45,17,False,PRIMARY_REGULAR_PROVISIONAL,v0.22_population_ledger
2018,401021693,2018-11-17T20:00:00.000Z,Arkansas State,UL Monroe,31,17,False,PRIMARY_REGULAR_PROVISIONAL,v0.22_population_ledger
2018,401022562,2018-11-17T20:00:00.000Z,San Jose State,Nevada,12,21,False,PRIMARY_REGULAR_PROVISIONAL,v0.22_population_ledger
2018,401012346,2018-11-17T20:30:00.000Z,Tennessee,Missouri,17,50,False,PRIMARY_REGULAR_PROVISIONAL,v0.22_population_ledger
2018,401012791,2018-11-17T20:30:00.000Z,UCLA,USC,34,27,False,PRIMARY_REGULAR_PROVISIONAL,v0.22_population_ledger
2018,401012814,2018-11-17T20:30:00.000Z,Illinois,Iowa,0,63,False,PRIMARY_REGULAR_PROVISIONAL,v0.22_population_ledger
2018,401013064,2018-11-17T20:30:00.000Z,Kansas State,Texas Tech,21,6,False,PRIMARY_REGULAR_PROVISIONAL,v0.22_population_ledger
2018,401013175,2018-11-17T20:30:00.000Z,Florida State,Boston College,22,21,False,PRIMARY_REGULAR_PROVISIONAL,v0.22_population_ledger
2018,401013177,2018-11-17T20:30:00.000Z,Georgia Tech,Virginia,30,27,False,PRIMARY_REGULAR_PROVISIONAL,v0.22_population_ledger
2018,401013179,2018-11-17T20:30:00.000Z,Virginia Tech,Miami (FL),14,38,False,PRIMARY_REGULAR_PROVISIONAL,v0.22_population_ledger
2018,401013327,2018-11-17T20:30:00.000Z,Oklahoma State,West Virginia,45,41,False,PRIMARY_REGULAR_PROVISIONAL,v0.22_population_ledger
2018,401013353,2018-11-17T20:30:00.000Z,Purdue,Wisconsin,44,47,False,PRIMARY_REGULAR_PROVISIONAL,v0.22_population_ledger
2018,401015046,2018-11-17T20:30:00.000Z,Southern Miss,Louisiana Tech,21,20,False,PRIMARY_REGULAR_PROVISIONAL,v0.22_population_ledger
2018,401019534,2018-11-17T20:30:00.000Z,Navy,Tulsa,37,29,False,PRIMARY_REGULAR_PROVISIONAL,v0.22_population_ledger
2018,401020784,2018-11-17T20:30:00.000Z,Akron,Bowling Green,6,21,False,PRIMARY_REGULAR_PROVISIONAL,v0.22_population_ledger
2018,401021696,2018-11-17T20:30:00.000Z,Troy,Texas State,12,7,False,PRIMARY_REGULAR_PROVISIONAL,v0.22_population_ledger
2018,401012339,2018-11-17T21:00:00.000Z,Auburn,Liberty,53,0,False,PRIMARY_REGULAR_PROVISIONAL,v0.22_population_ledger
2018,401012341,2018-11-17T21:00:00.000Z,Georgia,UMass,66,27,False,PRIMARY_REGULAR_PROVISIONAL,v0.22_population_ledger
2018,401012860,2018-11-17T21:00:00.000Z,Michigan,Indiana,31,20,False,PRIMARY_REGULAR_PROVISIONAL,v0.22_population_ledger
2018,401022559,2018-11-17T21:00:00.000Z,Wyoming,Air Force,35,27,False,PRIMARY_REGULAR_PROVISIONAL,v0.22_population_ledger
2018,401012794,2018-11-17T21:30:00.000Z,Washington,Oregon State,42,23,False,PRIMARY_REGULAR_PROVISIONAL,v0.22_population_ledger
2018,401021694,2018-11-17T22:00:00.000Z,Coastal Carolina,Georgia Southern,17,41,False,PRIMARY_REGULAR_PROVISIONAL,v0.22_population_ledger
2018,401021695,2018-11-17T22:00:00.000Z,Louisiana,South Alabama,48,38,False,PRIMARY_REGULAR_PROVISIONAL,v0.22_population_ledger
2018,401012347,2018-11-18T00:00:00.000Z,Texas A&M,UAB,41,20,False,PRIMARY_REGULAR_PROVISIONAL,v0.22_population_ledger
2018,401013176,2018-11-18T00:00:00.000Z,Clemson,Duke,35,6,False,PRIMARY_REGULAR_PROVISIONAL,v0.22_population_ledger
2018,401019532,2018-11-18T00:00:00.000Z,East Carolina,UConn,55,21,False,PRIMARY_REGULAR_PROVISIONAL,v0.22_population_ledger
2018,401012343,2018-11-18T00:30:00.000Z,LSU,Rice,42,10,False,PRIMARY_REGULAR_PROVISIONAL,v0.22_population_ledger
2018,401012348,2018-11-18T00:30:00.000Z,Vanderbilt,Ole Miss,36,29,False,PRIMARY_REGULAR_PROVISIONAL,v0.22_population_ledger
2018,401013055,2018-11-18T00:30:00.000Z,Oklahoma,Kansas,55,40,False,PRIMARY_REGULAR_PROVISIONAL,v0.22_population_ledger
2018,401015049,2018-11-18T00:30:00.000Z,Western Kentucky,UTEP,40,16,False,PRIMARY_REGULAR_PROVISIONAL,v0.22_population_ledger
2018,401013046,2018-11-18T01:00:00.000Z,Texas,Iowa State,24,10,False,PRIMARY_REGULAR_PROVISIONAL,v0.22_population_ledger
2018,401019531,2018-11-18T01:00:00.000Z,UCF,Cincinnati,38,13,False,PRIMARY_REGULAR_PROVISIONAL,v0.22_population_ledger
2018,401013446,2018-11-18T03:15:00.000Z,BYU,New Mexico State,45,10,False,PRIMARY_REGULAR_PROVISIONAL,v0.22_population_ledger
2018,401012793,2018-11-18T03:30:00.000Z,Oregon,Arizona State,31,29,False,PRIMARY_REGULAR_PROVISIONAL,v0.22_population_ledger
2018,401012795,2018-11-18T03:30:00.000Z,Washington State,Arizona,69,28,False,PRIMARY_REGULAR_PROVISIONAL,v0.22_population_ledger
2018,401022563,2018-11-18T03:30:00.000Z,Fresno State,San Diego State,23,14,False,PRIMARY_REGULAR_PROVISIONAL,v0.22_population_ledger
2018,401022564,2018-11-18T04:00:00.000Z,Hawaii,UNLV,35,28,False,PRIMARY_REGULAR_PROVISIONAL,v0.22_population_ledger
2018,401020785,2018-11-21T00:00:00.000Z,Miami (OH),Ball State,42,21,False,PRIMARY_REGULAR_PROVISIONAL,v0.22_population_ledger
2018,401020786,2018-11-21T00:00:00.000Z,Western Michigan,Northern Illinois,28,21,False,PRIMARY_REGULAR_PROVISIONAL,v0.22_population_ledger
2018,401022565,2018-11-22T20:30:00.000Z,Air Force,Colorado State,27,19,False,PRIMARY_REGULAR_PROVISIONAL,v0.22_population_ledger
2018,401012349,2018-11-23T00:30:00.000Z,Ole Miss,Mississippi State,3,35,False,PRIMARY_REGULAR_PROVISIONAL,v0.22_population_ledger
2018,401012871,2018-11-23T17:00:00.000Z,Iowa,Nebraska,31,28,False,PRIMARY_REGULAR_PROVISIONAL,v0.22_population_ledger
2018,401013056,2018-11-23T17:00:00.000Z,Kansas,Texas,17,24,False,PRIMARY_REGULAR_PROVISIONAL,v0.22_population_ledger
2018,401019537,2018-11-23T17:00:00.000Z,Memphis,Houston,52,31,False,PRIMARY_REGULAR_PROVISIONAL,v0.22_population_ledger
2018,401020787,2018-11-23T17:00:00.000Z,Ohio,Akron,49,28,False,PRIMARY_REGULAR_PROVISIONAL,v0.22_population_ledger
2018,401020788,2018-11-23T17:00:00.000Z,Bowling Green,Buffalo,14,44,False,PRIMARY_REGULAR_PROVISIONAL,v0.22_population_ledger
2018,401020789,2018-11-23T17:00:00.000Z,Toledo,Central Michigan,51,13,False,PRIMARY_REGULAR_PROVISIONAL,v0.22_population_ledger
2018,401020790,2018-11-23T17:00:00.000Z,Kent State,Eastern Michigan,20,28,False,PRIMARY_REGULAR_PROVISIONAL,v0.22_population_ledger
2018,401012354,2018-11-23T19:30:00.000Z,Missouri,Arkansas,38,0,False,PRIMARY_REGULAR_PROVISIONAL,v0.22_population_ledger
2018,401021699,2018-11-23T20:00:00.000Z,South Alabama,Coastal Carolina,31,28,False,PRIMARY_REGULAR_PROVISIONAL,v0.22_population_ledger
2018,401013183,2018-11-23T20:30:00.000Z,Virginia Tech,Virginia,34,31,False,PRIMARY_REGULAR_PROVISIONAL,v0.22_population_ledger
2018,401019536,2018-11-23T20:30:00.000Z,Cincinnati,East Carolina,56,6,False,PRIMARY_REGULAR_PROVISIONAL,v0.22_population_ledger
2018,401012797,2018-11-23T21:00:00.000Z,Oregon State,Oregon,15,55,False,PRIMARY_REGULAR_PROVISIONAL,v0.22_population_ledger
2018,401019535,2018-11-23T21:15:00.000Z,South Florida,UCF,10,38,False,PRIMARY_REGULAR_PROVISIONAL,v0.22_population_ledger
2018,401013071,2018-11-24T01:00:00.000Z,West Virginia,Oklahoma,56,59,False,PRIMARY_REGULAR_PROVISIONAL,v0.22_population_ledger
2018,401012798,2018-11-24T01:30:00.000Z,Washington State,Washington,15,28,False,PRIMARY_REGULAR_PROVISIONAL,v0.22_population_ledger
2018,401012351,2018-11-24T17:00:00.000Z,Florida State,Florida,14,41,False,PRIMARY_REGULAR_PROVISIONAL,v0.22_population_ledger
2018,401012352,2018-11-24T17:00:00.000Z,Georgia,Georgia Tech,45,21,False,PRIMARY_REGULAR_PROVISIONAL,v0.22_population_ledger
2018,401012861,2018-11-24T17:00:00.000Z,Indiana,Purdue,21,28,False,PRIMARY_REGULAR_PROVISIONAL,v0.22_population_ledger
2018,401012895,2018-11-24T17:00:00.000Z,Ohio State,Michigan,62,39,False,PRIMARY_REGULAR_PROVISIONAL,v0.22_population_ledger
2018,401013037,2018-11-24T17:00:00.000Z,Texas Tech,Baylor,24,35,True,PRIMARY_REGULAR_PROVISIONAL,v0.22_population_ledger
2018,401013184,2018-11-24T17:00:00.000Z,Boston College,Syracuse,21,42,False,PRIMARY_REGULAR_PROVISIONAL,v0.22_population_ledger
2018,401015051,2018-11-24T17:00:00.000Z,FIU,Marshall,25,28,False,PRIMARY_REGULAR_PROVISIONAL,v0.22_population_ledger
2018,401015052,2018-11-24T17:00:00.000Z,Louisiana Tech,Western Kentucky,15,30,False,PRIMARY_REGULAR_PROVISIONAL,v0.22_population_ledger
2018,401019539,2018-11-24T17:00:00.000Z,Tulane,Navy,29,28,False,PRIMARY_REGULAR_PROVISIONAL,v0.22_population_ledger
2018,401013187,2018-11-24T17:20:00.000Z,North Carolina,NC State,28,34,False,PRIMARY_REGULAR_PROVISIONAL,v0.22_population_ledger
2018,401013185,2018-11-24T17:30:00.000Z,Duke,Wake Forest,7,59,False,PRIMARY_REGULAR_PROVISIONAL,v0.22_population_ledger
2018,401015055,2018-11-24T18:00:00.000Z,Rice,Old Dominion,27,13,False,PRIMARY_REGULAR_PROVISIONAL,v0.22_population_ledger
2018,401013447,2018-11-24T19:00:00.000Z,Liberty,New Mexico State,28,21,False,PRIMARY_REGULAR_PROVISIONAL,v0.22_population_ledger
2018,401021700,2018-11-24T19:00:00.000Z,Georgia State,Georgia Southern,14,35,False,PRIMARY_REGULAR_PROVISIONAL,v0.22_population_ledger
2018,401021697,2018-11-24T19:30:00.000Z,Appalachian State,Troy,21,10,False,PRIMARY_REGULAR_PROVISIONAL,v0.22_population_ledger
2018,401022567,2018-11-24T19:30:00.000Z,New Mexico,Wyoming,3,31,False,PRIMARY_REGULAR_PROVISIONAL,v0.22_population_ledger
2018,401012801,2018-11-24T20:00:00.000Z,UCLA,Stanford,42,49,False,PRIMARY_REGULAR_PROVISIONAL,v0.22_population_ledger
2018,401015053,2018-11-24T20:00:00.000Z,Middle Tennessee,UAB,27,3,False,PRIMARY_REGULAR_PROVISIONAL,v0.22_population_ledger
2018,401015056,2018-11-24T20:00:00.000Z,UTEP,Southern Miss,7,39,False,PRIMARY_REGULAR_PROVISIONAL,v0.22_population_ledger
2018,401021701,2018-11-24T20:00:00.000Z,UL Monroe,Louisiana,28,31,False,PRIMARY_REGULAR_PROVISIONAL,v0.22_population_ledger
2018,401012350,2018-11-24T20:30:00.000Z,Alabama,Auburn,52,21,False,PRIMARY_REGULAR_PROVISIONAL,v0.22_population_ledger
2018,401012799,2018-11-24T20:30:00.000Z,Arizona,Arizona State,40,41,False,PRIMARY_REGULAR_PROVISIONAL,v0.22_population_ledger
2018,401012815,2018-11-24T20:30:00.000Z,Northwestern,Illinois,24,16,False,PRIMARY_REGULAR_PROVISIONAL,v0.22_population_ledger
2018,401012879,2018-11-24T20:30:00.000Z,Penn State,Maryland,38,3,False,PRIMARY_REGULAR_PROVISIONAL,v0.22_population_ledger
2018,401013186,2018-11-24T20:30:00.000Z,Miami (FL),Pittsburgh,24,3,False,PRIMARY_REGULAR_PROVISIONAL,v0.22_population_ledger
2018,401013335,2018-11-24T20:30:00.000Z,Wisconsin,Minnesota,15,37,False,PRIMARY_REGULAR_PROVISIONAL,v0.22_population_ledger
2018,401019538,2018-11-24T20:30:00.000Z,UConn,Temple,7,57,False,PRIMARY_REGULAR_PROVISIONAL,v0.22_population_ledger
2018,401019540,2018-11-24T20:30:00.000Z,Tulsa,SMU,27,24,False,PRIMARY_REGULAR_PROVISIONAL,v0.22_population_ledger
2018,401012357,2018-11-24T21:00:00.000Z,Vanderbilt,Tennessee,38,13,False,PRIMARY_REGULAR_PROVISIONAL,v0.22_population_ledger
2018,401012850,2018-11-24T21:00:00.000Z,Michigan State,Rutgers,14,10,False,PRIMARY_REGULAR_PROVISIONAL,v0.22_population_ledger
2018,401021698,2018-11-24T21:00:00.000Z,Texas State,Arkansas State,7,33,False,PRIMARY_REGULAR_PROVISIONAL,v0.22_population_ledger
2018,401015050,2018-11-24T23:00:00.000Z,Florida Atlantic,Charlotte,24,27,False,PRIMARY_REGULAR_PROVISIONAL,v0.22_population_ledger
2018,401012353,2018-11-25T00:00:00.000Z,Louisville,Kentucky,10,56,False,PRIMARY_REGULAR_PROVISIONAL,v0.22_population_ledger
2018,401012355,2018-11-25T00:00:00.000Z,Clemson,South Carolina,56,35,False,PRIMARY_REGULAR_PROVISIONAL,v0.22_population_ledger
2018,401012803,2018-11-25T00:00:00.000Z,California,Colorado,33,21,False,PRIMARY_REGULAR_PROVISIONAL,v0.22_population_ledger
2018,401013047,2018-11-25T00:00:00.000Z,Iowa State,Kansas State,42,38,False,PRIMARY_REGULAR_PROVISIONAL,v0.22_population_ledger
2018,401015054,2018-11-25T00:00:00.000Z,UTSA,North Texas,21,24,False,PRIMARY_REGULAR_PROVISIONAL,v0.22_population_ledger
2018,401022570,2018-11-25T00:00:00.000Z,Fresno State,San Jose State,31,13,False,PRIMARY_REGULAR_PROVISIONAL,v0.22_population_ledger
2018,401012356,2018-11-25T00:30:00.000Z,Texas A&M,LSU,74,72,False,PRIMARY_REGULAR_PROVISIONAL,v0.22_population_ledger
2018,401012800,2018-11-25T01:00:00.000Z,USC,Notre Dame,17,24,False,PRIMARY_REGULAR_PROVISIONAL,v0.22_population_ledger
2018,401013078,2018-11-25T01:00:00.000Z,TCU,Oklahoma State,31,24,False,PRIMARY_REGULAR_PROVISIONAL,v0.22_population_ledger
2018,401022569,2018-11-25T02:30:00.000Z,UNLV,Nevada,34,29,False,PRIMARY_REGULAR_PROVISIONAL,v0.22_population_ledger
2018,401012802,2018-11-25T03:00:00.000Z,Utah,BYU,35,27,False,PRIMARY_REGULAR_PROVISIONAL,v0.22_population_ledger
2018,401022566,2018-11-25T03:15:00.000Z,Boise State,Utah State,33,24,False,PRIMARY_REGULAR_PROVISIONAL,v0.22_population_ledger
2018,401022568,2018-11-25T03:30:00.000Z,San Diego State,Hawaii,30,31,False,PRIMARY_REGULAR_PROVISIONAL,v0.22_population_ledger
2018,401056696,2018-12-01T00:00:00.000Z,Buffalo,Northern Illinois,29,30,True,PRIMARY_REGULAR_PROVISIONAL,v0.22_population_ledger
2018,401056704,2018-12-01T01:00:00.000Z,Washington,Utah,10,3,True,PRIMARY_REGULAR_PROVISIONAL,v0.22_population_ledger
2018,401056698,2018-12-01T17:00:00.000Z,Oklahoma,Texas,39,27,True,PRIMARY_REGULAR_PROVISIONAL,v0.22_population_ledger
2018,401056701,2018-12-01T17:00:00.000Z,Appalachian State,Louisiana,30,19,False,PRIMARY_REGULAR_PROVISIONAL,v0.22_population_ledger
2018,401088766,2018-12-01T17:00:00.000Z,NC State,East Carolina,58,3,False,PRIMARY_REGULAR_PROVISIONAL,v0.22_population_ledger
2018,401098253,2018-12-01T17:00:00.000Z,South Carolina,Akron,28,3,False,PRIMARY_REGULAR_PROVISIONAL,v0.22_population_ledger
2018,401100159,2018-12-01T17:00:00.000Z,Virginia Tech,Marshall,41,20,False,PRIMARY_REGULAR_PROVISIONAL,v0.22_population_ledger
2018,401056703,2018-12-01T18:30:00.000Z,Middle Tennessee,UAB,25,27,False,PRIMARY_REGULAR_PROVISIONAL,v0.22_population_ledger
2018,401099853,2018-12-01T20:00:00.000Z,California,Stanford,13,23,False,PRIMARY_REGULAR_PROVISIONAL,v0.22_population_ledger
2018,401056699,2018-12-01T20:45:00.000Z,UCF,Memphis,56,41,False,PRIMARY_REGULAR_PROVISIONAL,v0.22_population_ledger
2018,401056705,2018-12-01T21:00:00.000Z,Georgia,Alabama,28,35,True,PRIMARY_REGULAR_PROVISIONAL,v0.22_population_ledger
2018,401056700,2018-12-02T00:45:00.000Z,Boise State,Fresno State,16,19,False,PRIMARY_REGULAR_PROVISIONAL,v0.22_population_ledger
2018,401056697,2018-12-02T01:00:00.000Z,Pittsburgh,Clemson,10,42,True,PRIMARY_REGULAR_PROVISIONAL,v0.22_population_ledger
2018,401056702,2018-12-02T01:00:00.000Z,Ohio State,Northwestern,45,24,True,PRIMARY_REGULAR_PROVISIONAL,v0.22_population_ledger
2018,401013376,2018-12-08T20:00:00.000Z,Army,Navy,17,10,True,PRIMARY_REGULAR_PROVISIONAL,v0.22_population_ledger
2019,401110723,2019-08-24T23:00:00.000Z,Florida,Miami (FL),24,20,True,PRIMARY_REGULAR_PROVISIONAL,v0.22_population_ledger
2019,401114164,2019-08-25T02:30:00.000Z,Hawaii,Arizona,45,38,False,PRIMARY_REGULAR_PROVISIONAL,v0.22_population_ledger
2019,401117854,2019-08-29T23:00:00.000Z,Cincinnati,UCLA,24,14,False,PRIMARY_REGULAR_PROVISIONAL,v0.22_population_ledger
2019,401111653,2019-08-30T00:00:00.000Z,Clemson,Georgia Tech,52,14,False,PRIMARY_REGULAR_PROVISIONAL,v0.22_population_ledger
2019,401114236,2019-08-30T00:00:00.000Z,Tulane,FIU,42,14,False,PRIMARY_REGULAR_PROVISIONAL,v0.22_population_ledger
2019,401110731,2019-08-30T00:30:00.000Z,Texas A&M,Texas State,41,7,False,PRIMARY_REGULAR_PROVISIONAL,v0.22_population_ledger
2019,401114153,2019-08-30T02:00:00.000Z,Arizona State,Kent State,30,7,False,PRIMARY_REGULAR_PROVISIONAL,v0.22_population_ledger
2019,401114223,2019-08-30T02:15:00.000Z,BYU,Utah,12,30,False,PRIMARY_REGULAR_PROVISIONAL,v0.22_population_ledger
2019,401114238,2019-08-30T22:00:00.000Z,Army,Rice,14,7,False,PRIMARY_REGULAR_PROVISIONAL,v0.22_population_ledger
2019,401112212,2019-08-30T23:00:00.000Z,Michigan State,Tulsa,28,7,False,PRIMARY_REGULAR_PROVISIONAL,v0.22_population_ledger
2019,401112264,2019-08-30T23:15:00.000Z,Rutgers,UMass,48,21,False,PRIMARY_REGULAR_PROVISIONAL,v0.22_population_ledger
2019,401117856,2019-08-30T23:55:00.000Z,South Florida,Wisconsin,0,49,False,PRIMARY_REGULAR_PROVISIONAL,v0.22_population_ledger
2019,401112430,2019-08-31T00:00:00.000Z,Wake Forest,Utah State,38,35,False,PRIMARY_REGULAR_PROVISIONAL,v0.22_population_ledger
2019,401112262,2019-08-31T01:30:00.000Z,Nevada,Purdue,34,31,False,PRIMARY_REGULAR_PROVISIONAL,v0.22_population_ledger
2019,401114184,2019-08-31T02:00:00.000Z,Colorado,Colorado State,52,31,True,PRIMARY_REGULAR_PROVISIONAL,v0.22_population_ledger
2019,401112122,2019-08-31T02:30:00.000Z,Oregon State,Oklahoma State,36,52,False,PRIMARY_REGULAR_PROVISIONAL,v0.22_population_ledger
2019,401110724,2019-08-31T16:00:00.000Z,Kentucky,Toledo,38,24,False,PRIMARY_REGULAR_PROVISIONAL,v0.22_population_ledger
2019,401110726,2019-08-31T16:00:00.000Z,Memphis,Ole Miss,15,10,False,PRIMARY_REGULAR_PROVISIONAL,v0.22_population_ledger
2019,401110727,2019-08-31T16:00:00.000Z,Louisiana,Mississippi State,28,38,True,PRIMARY_REGULAR_PROVISIONAL,v0.22_population_ledger
2019,401112145,2019-08-31T16:00:00.000Z,Illinois,Akron,42,3,False,PRIMARY_REGULAR_PROVISIONAL,v0.22_population_ledger
2019,401112157,2019-08-31T16:00:00.000Z,Ball State,Indiana,24,34,True,PRIMARY_REGULAR_PROVISIONAL,v0.22_population_ledger
2019,401112238,2019-08-31T16:00:00.000Z,Nebraska,South Alabama,35,21,False,PRIMARY_REGULAR_PROVISIONAL,v0.22_population_ledger
2019,401112251,2019-08-31T16:00:00.000Z,Ohio State,Florida Atlantic,45,21,False,PRIMARY_REGULAR_PROVISIONAL,v0.22_population_ledger
2019,401112431,2019-08-31T16:00:00.000Z,Florida State,Boise State,31,36,False,PRIMARY_REGULAR_PROVISIONAL,v0.22_population_ledger
2019,401112432,2019-08-31T16:00:00.000Z,NC State,East Carolina,34,6,False,PRIMARY_REGULAR_PROVISIONAL,v0.22_population_ledger
2019,401110720,2019-08-31T19:30:00.000Z,Alabama,Duke,42,3,True,PRIMARY_REGULAR_PROVISIONAL,v0.22_population_ledger
2019,401110729,2019-08-31T19:30:00.000Z,North Carolina,South Carolina,24,20,True,PRIMARY_REGULAR_PROVISIONAL,v0.22_population_ledger
2019,401110730,2019-08-31T19:30:00.000Z,Tennessee,Georgia State,30,38,False,PRIMARY_REGULAR_PROVISIONAL,v0.22_population_ledger
2019,401119256,2019-08-31T19:30:00.000Z,Coastal Carolina,Eastern Michigan,23,30,False,PRIMARY_REGULAR_PROVISIONAL,v0.22_population_ledger
2019,401112245,2019-08-31T20:00:00.000Z,Stanford,Northwestern,17,7,False,PRIMARY_REGULAR_PROVISIONAL,v0.22_population_ledger
2019,401112435,2019-08-31T20:00:00.000Z,Boston College,Virginia Tech,35,28,False,PRIMARY_REGULAR_PROVISIONAL,v0.22_population_ledger
2019,401112434,2019-08-31T22:00:00.000Z,Liberty,Syracuse,0,24,False,PRIMARY_REGULAR_PROVISIONAL,v0.22_population_ledger
2019,401117858,2019-08-31T23:00:00.000Z,Arkansas State,SMU,30,37,False,PRIMARY_REGULAR_PROVISIONAL,v0.22_population_ledger
2019,401110722,2019-08-31T23:30:00.000Z,Auburn,Oregon,27,21,True,PRIMARY_REGULAR_PROVISIONAL,v0.22_population_ledger
2019,401110725,2019-08-31T23:30:00.000Z,LSU,Georgia Southern,55,3,False,PRIMARY_REGULAR_PROVISIONAL,v0.22_population_ledger
2019,401110728,2019-08-31T23:30:00.000Z,Wyoming,Missouri,37,31,False,PRIMARY_REGULAR_PROVISIONAL,v0.22_population_ledger
2019,401110732,2019-08-31T23:30:00.000Z,Vanderbilt,Georgia,6,30,False,PRIMARY_REGULAR_PROVISIONAL,v0.22_population_ledger
2019,401112191,2019-08-31T23:30:00.000Z,Iowa,Miami (OH),38,14,False,PRIMARY_REGULAR_PROVISIONAL,v0.22_population_ledger
2019,401112222,2019-08-31T23:30:00.000Z,Michigan,Middle Tennessee,40,21,False,PRIMARY_REGULAR_PROVISIONAL,v0.22_population_ledger
2019,401112433,2019-08-31T23:30:00.000Z,Pittsburgh,Virginia,14,30,False,PRIMARY_REGULAR_PROVISIONAL,v0.22_population_ledger
2019,401112135,2019-09-01T00:00:00.000Z,Texas,Louisiana Tech,45,14,False,PRIMARY_REGULAR_PROVISIONAL,v0.22_population_ledger
2019,401114228,2019-09-01T02:00:00.000Z,Washington State,New Mexico State,58,7,False,PRIMARY_REGULAR_PROVISIONAL,v0.22_population_ledger
2019,401114218,2019-09-01T02:30:00.000Z,USC,Fresno State,31,23,False,PRIMARY_REGULAR_PROVISIONAL,v0.22_population_ledger
2019,401112114,2019-09-01T23:30:00.000Z,Oklahoma,Houston,49,31,False,PRIMARY_REGULAR_PROVISIONAL,v0.22_population_ledger
2019,401112436,2019-09-03T00:00:00.000Z,Louisville,Notre Dame,17,35,False,PRIMARY_REGULAR_PROVISIONAL,v0.22_population_ledger
2019,401112447,2019-09-07T00:00:00.000Z,Rice,Wake Forest,21,41,False,PRIMARY_REGULAR_PROVISIONAL,v0.22_population_ledger
2019,401114251,2019-09-07T01:00:00.000Z,Boise State,Marshall,14,7,False,PRIMARY_REGULAR_PROVISIONAL,v0.22_population_ledger
2019,401112445,2019-09-07T15:00:00.000Z,Pittsburgh,Ohio,20,10,False,PRIMARY_REGULAR_PROVISIONAL,v0.22_population_ledger
2019,401110781,2019-09-07T16:00:00.000Z,Missouri,West Virginia,38,7,False,PRIMARY_REGULAR_PROVISIONAL,v0.22_population_ledger
2019,401110785,2019-09-07T16:00:00.000Z,Purdue,Vanderbilt,42,24,False,PRIMARY_REGULAR_PROVISIONAL,v0.22_population_ledger
2019,401112107,2019-09-07T16:00:00.000Z,Kansas State,Bowling Green,52,0,False,PRIMARY_REGULAR_PROVISIONAL,v0.22_population_ledger
2019,401112192,2019-09-07T16:00:00.000Z,Iowa,Rutgers,30,0,False,PRIMARY_REGULAR_PROVISIONAL,v0.22_population_ledger
2019,401112202,2019-09-07T16:00:00.000Z,Maryland,Syracuse,63,20,False,PRIMARY_REGULAR_PROVISIONAL,v0.22_population_ledger
2019,401112223,2019-09-07T16:00:00.000Z,Michigan,Army,24,21,False,PRIMARY_REGULAR_PROVISIONAL,v0.22_population_ledger
2019,401112252,2019-09-07T16:00:00.000Z,Ohio State,Cincinnati,42,0,False,PRIMARY_REGULAR_PROVISIONAL,v0.22_population_ledger
2019,401112446,2019-09-07T16:00:00.000Z,Virginia Tech,Old Dominion,31,17,False,PRIMARY_REGULAR_PROVISIONAL,v0.22_population_ledger
2019,401114254,2019-09-07T16:00:00.000Z,Akron,UAB,20,31,False,PRIMARY_REGULAR_PROVISIONAL,v0.22_population_ledger
2019,401114224,2019-09-07T17:00:00.000Z,Utah,Northern Illinois,35,17,False,PRIMARY_REGULAR_PROVISIONAL,v0.22_population_ledger
2019,401112441,2019-09-07T18:00:00.000Z,Georgia Tech,South Florida,14,10,False,PRIMARY_REGULAR_PROVISIONAL,v0.22_population_ledger
2019,401110780,2019-09-07T19:30:00.000Z,Mississippi State,Southern Miss,38,15,False,PRIMARY_REGULAR_PROVISIONAL,v0.22_population_ledger
2019,401110784,2019-09-07T19:30:00.000Z,Clemson,Texas A&M,24,10,False,PRIMARY_REGULAR_PROVISIONAL,v0.22_population_ledger
2019,401112146,2019-09-07T19:30:00.000Z,UConn,Illinois,23,31,False,PRIMARY_REGULAR_PROVISIONAL,v0.22_population_ledger
2019,401112239,2019-09-07T19:30:00.000Z,Colorado,Nebraska,34,31,False,PRIMARY_REGULAR_PROVISIONAL,v0.22_population_ledger
2019,401112268,2019-09-07T19:30:00.000Z,Wisconsin,Central Michigan,61,0,False,PRIMARY_REGULAR_PROVISIONAL,v0.22_population_ledger
2019,401114247,2019-09-07T19:30:00.000Z,Appalachian State,Charlotte,56,41,False,PRIMARY_REGULAR_PROVISIONAL,v0.22_population_ledger
2019,401110773,2019-09-07T20:00:00.000Z,Alabama,New Mexico State,62,10,False,PRIMARY_REGULAR_PROVISIONAL,v0.22_population_ledger
2019,401112074,2019-09-07T20:00:00.000Z,Baylor,UTSA,63,14,False,PRIMARY_REGULAR_PROVISIONAL,v0.22_population_ledger
2019,401114214,2019-09-07T20:15:00.000Z,UCLA,San Diego State,14,23,False,PRIMARY_REGULAR_PROVISIONAL,v0.22_population_ledger
2019,401112440,2019-09-07T21:00:00.000Z,Florida State,UL Monroe,45,44,False,PRIMARY_REGULAR_PROVISIONAL,v0.22_population_ledger
2019,401110783,2019-09-07T23:00:00.000Z,Tennessee,BYU,26,29,False,PRIMARY_REGULAR_PROVISIONAL,v0.22_population_ledger
2019,401112097,2019-09-07T23:00:00.000Z,Kansas,Coastal Carolina,7,12,False,PRIMARY_REGULAR_PROVISIONAL,v0.22_population_ledger
2019,401114248,2019-09-07T23:00:00.000Z,FIU,Western Kentucky,14,20,False,PRIMARY_REGULAR_PROVISIONAL,v0.22_population_ledger
2019,401114249,2019-09-07T23:00:00.000Z,Florida Atlantic,UCF,14,48,False,PRIMARY_REGULAR_PROVISIONAL,v0.22_population_ledger
2019,401114253,2019-09-07T23:00:00.000Z,SMU,North Texas,49,27,False,PRIMARY_REGULAR_PROVISIONAL,v0.22_population_ledger
2019,401117500,2019-09-07T23:00:00.000Z,Texas State,Wyoming,14,23,False,PRIMARY_REGULAR_PROVISIONAL,v0.22_population_ledger
2019,401110774,2019-09-07T23:30:00.000Z,Auburn,Tulane,24,6,False,PRIMARY_REGULAR_PROVISIONAL,v0.22_population_ledger
2019,401110777,2019-09-07T23:30:00.000Z,Kentucky,Eastern Michigan,38,17,False,PRIMARY_REGULAR_PROVISIONAL,v0.22_population_ledger
2019,401110778,2019-09-07T23:30:00.000Z,Texas,LSU,38,45,False,PRIMARY_REGULAR_PROVISIONAL,v0.22_population_ledger
2019,401110779,2019-09-07T23:30:00.000Z,Ole Miss,Arkansas,31,17,False,PRIMARY_REGULAR_PROVISIONAL,v0.22_population_ledger
2019,401112213,2019-09-07T23:30:00.000Z,Michigan State,Western Michigan,51,17,False,PRIMARY_REGULAR_PROVISIONAL,v0.22_population_ledger
2019,401112258,2019-09-07T23:30:00.000Z,Penn State,Buffalo,45,13,False,PRIMARY_REGULAR_PROVISIONAL,v0.22_population_ledger
2019,401114193,2019-09-07T23:30:00.000Z,Oregon,Nevada,77,6,False,PRIMARY_REGULAR_PROVISIONAL,v0.22_population_ledger
2019,401114347,2019-09-07T23:30:00.000Z,Louisiana,Liberty,35,14,False,PRIMARY_REGULAR_PROVISIONAL,v0.22_population_ledger
2019,401112140,2019-09-08T00:00:00.000Z,Texas Tech,UTEP,38,3,False,PRIMARY_REGULAR_PROVISIONAL,v0.22_population_ledger
2019,401112443,2019-09-08T00:00:00.000Z,North Carolina,Miami (FL),28,25,False,PRIMARY_REGULAR_PROVISIONAL,v0.22_population_ledger
2019,401117501,2019-09-08T01:00:00.000Z,San Jose State,Tulsa,16,34,False,PRIMARY_REGULAR_PROVISIONAL,v0.22_population_ledger
2019,401117502,2019-09-08T02:00:00.000Z,UNLV,Arkansas State,17,43,False,PRIMARY_REGULAR_PROVISIONAL,v0.22_population_ledger
2019,401112230,2019-09-08T02:30:00.000Z,Fresno State,Minnesota,35,38,False,PRIMARY_REGULAR_PROVISIONAL,v0.22_population_ledger
2019,401114175,2019-09-08T02:30:00.000Z,Washington,California,19,20,False,PRIMARY_REGULAR_PROVISIONAL,v0.22_population_ledger
2019,401114207,2019-09-08T02:30:00.000Z,USC,Stanford,45,20,False,PRIMARY_REGULAR_PROVISIONAL,v0.22_population_ledger
2019,401114200,2019-09-08T03:59:00.000Z,Hawaii,Oregon State,31,28,False,PRIMARY_REGULAR_PROVISIONAL,v0.22_population_ledger
2019,401112448,2019-09-13T22:00:00.000Z,Wake Forest,North Carolina,24,18,False,PRIMARY_REGULAR_PROVISIONAL,v0.22_population_ledger
2019,401112098,2019-09-13T23:30:00.000Z,Boston College,Kansas,24,48,False,PRIMARY_REGULAR_PROVISIONAL,v0.22_population_ledger
2019,401114230,2019-09-14T01:15:00.000Z,Houston,Washington State,24,31,True,PRIMARY_REGULAR_PROVISIONAL,v0.22_population_ledger
2019,401110788,2019-09-14T16:00:00.000Z,Georgia,Arkansas State,55,0,False,PRIMARY_REGULAR_PROVISIONAL,v0.22_population_ledger
2019,401110792,2019-09-14T16:00:00.000Z,Mississippi State,Kansas State,24,31,False,PRIMARY_REGULAR_PROVISIONAL,v0.22_population_ledger
2019,401112144,2019-09-14T16:00:00.000Z,West Virginia,NC State,44,27,False,PRIMARY_REGULAR_PROVISIONAL,v0.22_population_ledger
2019,401112147,2019-09-14T16:00:00.000Z,Illinois,Eastern Michigan,31,34,False,PRIMARY_REGULAR_PROVISIONAL,v0.22_population_ledger
2019,401112159,2019-09-14T16:00:00.000Z,Indiana,Ohio State,10,51,False,PRIMARY_REGULAR_PROVISIONAL,v0.22_population_ledger
2019,401112203,2019-09-14T16:00:00.000Z,Temple,Maryland,20,17,False,PRIMARY_REGULAR_PROVISIONAL,v0.22_population_ledger
2019,401112259,2019-09-14T16:00:00.000Z,Penn State,Pittsburgh,17,10,False,PRIMARY_REGULAR_PROVISIONAL,v0.22_population_ledger
2019,401117863,2019-09-14T16:00:00.000Z,Cincinnati,Miami (OH),35,13,False,PRIMARY_REGULAR_PROVISIONAL,v0.22_population_ledger
2019,401114185,2019-09-14T17:00:00.000Z,Colorado,Air Force,23,30,False,PRIMARY_REGULAR_PROVISIONAL,v0.22_population_ledger
2019,401114257,2019-09-14T18:00:00.000Z,Ball State,Florida Atlantic,31,41,False,PRIMARY_REGULAR_PROVISIONAL,v0.22_population_ledger
2019,401114336,2019-09-14T18:30:00.000Z,Notre Dame,New Mexico,66,14,False,PRIMARY_REGULAR_PROVISIONAL,v0.22_population_ledger
2019,401119263,2019-09-14T19:00:00.000Z,Central Michigan,Akron,45,24,False,PRIMARY_REGULAR_PROVISIONAL,v0.22_population_ledger
2019,401110794,2019-09-14T19:30:00.000Z,South Carolina,Alabama,23,47,False,PRIMARY_REGULAR_PROVISIONAL,v0.22_population_ledger
2019,401112124,2019-09-14T19:30:00.000Z,Tulsa,Oklahoma State,21,40,False,PRIMARY_REGULAR_PROVISIONAL,v0.22_population_ledger
2019,401112231,2019-09-14T19:30:00.000Z,Minnesota,Georgia Southern,35,32,False,PRIMARY_REGULAR_PROVISIONAL,v0.22_population_ledger
2019,401112246,2019-09-14T19:30:00.000Z,Northwestern,UNLV,30,14,False,PRIMARY_REGULAR_PROVISIONAL,v0.22_population_ledger
2019,401114208,2019-09-14T19:30:00.000Z,UCF,Stanford,45,27,False,PRIMARY_REGULAR_PROVISIONAL,v0.22_population_ledger
2019,401114219,2019-09-14T19:30:00.000Z,BYU,USC,30,27,False,PRIMARY_REGULAR_PROVISIONAL,v0.22_population_ledger
2019,401114261,2019-09-14T19:30:00.000Z,UTSA,Army,13,31,False,PRIMARY_REGULAR_PROVISIONAL,v0.22_population_ledger
2019,401117864,2019-09-14T19:30:00.000Z,Navy,East Carolina,42,10,False,PRIMARY_REGULAR_PROVISIONAL,v0.22_population_ledger
2019,401117865,2019-09-14T19:30:00.000Z,South Alabama,Memphis,6,42,False,PRIMARY_REGULAR_PROVISIONAL,v0.22_population_ledger
2019,401110786,2019-09-14T20:00:00.000Z,Arkansas,Colorado State,55,34,False,PRIMARY_REGULAR_PROVISIONAL,v0.22_population_ledger
2019,401112086,2019-09-14T20:00:00.000Z,Iowa State,Iowa,17,18,False,PRIMARY_REGULAR_PROVISIONAL,v0.22_population_ledger
2019,401112214,2019-09-14T20:00:00.000Z,Michigan State,Arizona State,7,10,False,PRIMARY_REGULAR_PROVISIONAL,v0.22_population_ledger
2019,401112453,2019-09-14T20:00:00.000Z,Western Kentucky,Louisville,21,38,True,PRIMARY_REGULAR_PROVISIONAL,v0.22_population_ledger
2019,401114176,2019-09-14T20:15:00.000Z,California,North Texas,23,17,False,PRIMARY_REGULAR_PROVISIONAL,v0.22_population_ledger
2019,401114258,2019-09-14T21:00:00.000Z,Bowling Green,Louisiana Tech,7,35,False,PRIMARY_REGULAR_PROVISIONAL,v0.22_population_ledger
2019,401114255,2019-09-14T22:00:00.000Z,Charlotte,UMass,52,17,False,PRIMARY_REGULAR_PROVISIONAL,v0.22_population_ledger
2019,401114260,2019-09-14T22:00:00.000Z,Troy,Southern Miss,42,47,False,PRIMARY_REGULAR_PROVISIONAL,v0.22_population_ledger
2019,401114348,2019-09-14T22:00:00.000Z,Liberty,Buffalo,35,17,False,PRIMARY_REGULAR_PROVISIONAL,v0.22_population_ledger
2019,401114259,2019-09-14T22:30:00.000Z,Marshall,Ohio,33,31,False,PRIMARY_REGULAR_PROVISIONAL,v0.22_population_ledger
2019,401110787,2019-09-14T23:00:00.000Z,Auburn,Kent State,55,16,False,PRIMARY_REGULAR_PROVISIONAL,v0.22_population_ledger
2019,401110789,2019-09-14T23:00:00.000Z,Kentucky,Florida,21,29,False,PRIMARY_REGULAR_PROVISIONAL,v0.22_population_ledger
2019,401112450,2019-09-14T23:00:00.000Z,Middle Tennessee,Duke,18,41,False,PRIMARY_REGULAR_PROVISIONAL,v0.22_population_ledger
2019,401117867,2019-09-14T23:00:00.000Z,SMU,Texas State,47,17,False,PRIMARY_REGULAR_PROVISIONAL,v0.22_population_ledger
2019,401119264,2019-09-14T23:00:00.000Z,Western Michigan,Georgia State,57,10,False,PRIMARY_REGULAR_PROVISIONAL,v0.22_population_ledger
2019,401112130,2019-09-14T23:30:00.000Z,Purdue,TCU,13,34,False,PRIMARY_REGULAR_PROVISIONAL,v0.22_population_ledger
2019,401112449,2019-09-14T23:30:00.000Z,Syracuse,Clemson,6,41,False,PRIMARY_REGULAR_PROVISIONAL,v0.22_population_ledger
2019,401112451,2019-09-14T23:30:00.000Z,Virginia,Florida State,31,24,False,PRIMARY_REGULAR_PROVISIONAL,v0.22_population_ledger
2019,401114234,2019-09-14T23:30:00.000Z,Washington,Hawaii,52,20,False,PRIMARY_REGULAR_PROVISIONAL,v0.22_population_ledger
2019,401112116,2019-09-15T00:00:00.000Z,UCLA,Oklahoma,14,48,False,PRIMARY_REGULAR_PROVISIONAL,v0.22_population_ledger
2019,401112136,2019-09-15T00:00:00.000Z,Rice,Texas,13,48,True,PRIMARY_REGULAR_PROVISIONAL,v0.22_population_ledger
2019,401112240,2019-09-15T00:00:00.000Z,Nebraska,Northern Illinois,44,8,False,PRIMARY_REGULAR_PROVISIONAL,v0.22_population_ledger
2019,401114339,2019-09-15T00:00:00.000Z,New Mexico State,San Diego State,10,31,False,PRIMARY_REGULAR_PROVISIONAL,v0.22_population_ledger
2019,401112141,2019-09-15T02:30:00.000Z,Arizona,Texas Tech,28,14,False,PRIMARY_REGULAR_PROVISIONAL,v0.22_population_ledger
2019,401117869,2019-09-20T00:00:00.000Z,Tulane,Houston,38,31,False,PRIMARY_REGULAR_PROVISIONAL,v0.22_population_ledger
2019,401114262,2019-09-21T00:00:00.000Z,Louisiana Tech,FIU,43,31,False,PRIMARY_REGULAR_PROVISIONAL,v0.22_population_ledger
2019,401114220,2019-09-21T01:00:00.000Z,USC,Utah,30,23,False,PRIMARY_REGULAR_PROVISIONAL,v0.22_population_ledger
2019,401117506,2019-09-21T01:00:00.000Z,Boise State,Air Force,30,19,False,PRIMARY_REGULAR_PROVISIONAL,v0.22_population_ledger
2019,401110797,2019-09-21T16:00:00.000Z,Alabama,Southern Miss,49,7,False,PRIMARY_REGULAR_PROVISIONAL,v0.22_population_ledger
2019,401110799,2019-09-21T16:00:00.000Z,Florida,Tennessee,34,3,False,PRIMARY_REGULAR_PROVISIONAL,v0.22_population_ledger
2019,401110801,2019-09-21T16:00:00.000Z,Ole Miss,California,20,28,False,PRIMARY_REGULAR_PROVISIONAL,v0.22_population_ledger
2019,401110805,2019-09-21T16:00:00.000Z,Vanderbilt,LSU,38,66,False,PRIMARY_REGULAR_PROVISIONAL,v0.22_population_ledger
2019,401112087,2019-09-21T16:00:00.000Z,Iowa State,UL Monroe,72,20,False,PRIMARY_REGULAR_PROVISIONAL,v0.22_population_ledger
2019,401112160,2019-09-21T16:00:00.000Z,Indiana,UConn,38,3,False,PRIMARY_REGULAR_PROVISIONAL,v0.22_population_ledger
2019,401112215,2019-09-21T16:00:00.000Z,Northwestern,Michigan State,10,31,False,PRIMARY_REGULAR_PROVISIONAL,v0.22_population_ledger
2019,401112224,2019-09-21T16:00:00.000Z,Wisconsin,Michigan,35,14,False,PRIMARY_REGULAR_PROVISIONAL,v0.22_population_ledger
2019,401112265,2019-09-21T16:00:00.000Z,Rutgers,Boston College,16,30,False,PRIMARY_REGULAR_PROVISIONAL,v0.22_population_ledger
2019,401112462,2019-09-21T16:00:00.000Z,Syracuse,Western Michigan,52,33,False,PRIMARY_REGULAR_PROVISIONAL,v0.22_population_ledger
2019,401114355,2019-09-21T17:00:00.000Z,UMass,Coastal Carolina,28,62,False,PRIMARY_REGULAR_PROVISIONAL,v0.22_population_ledger
2019,401119268,2019-09-21T18:00:00.000Z,Ohio,Louisiana,25,45,False,PRIMARY_REGULAR_PROVISIONAL,v0.22_population_ledger
2019,401119269,2019-09-21T19:00:00.000Z,Akron,Troy,7,35,False,PRIMARY_REGULAR_PROVISIONAL,v0.22_population_ledger
2019,401110804,2019-09-21T19:30:00.000Z,Texas A&M,Auburn,20,28,False,PRIMARY_REGULAR_PROVISIONAL,v0.22_population_ledger
2019,401112131,2019-09-21T19:30:00.000Z,TCU,SMU,38,41,False,PRIMARY_REGULAR_PROVISIONAL,v0.22_population_ledger
2019,401112253,2019-09-21T19:30:00.000Z,Ohio State,Miami (OH),76,5,False,PRIMARY_REGULAR_PROVISIONAL,v0.22_population_ledger
2019,401112457,2019-09-21T19:30:00.000Z,Florida State,Louisville,35,24,False,PRIMARY_REGULAR_PROVISIONAL,v0.22_population_ledger
2019,401112459,2019-09-21T19:30:00.000Z,North Carolina,Appalachian State,31,34,False,PRIMARY_REGULAR_PROVISIONAL,v0.22_population_ledger
2019,401112461,2019-09-21T19:30:00.000Z,Pittsburgh,UCF,35,34,False,PRIMARY_REGULAR_PROVISIONAL,v0.22_population_ledger
2019,401114235,2019-09-21T19:30:00.000Z,BYU,Washington,19,45,False,PRIMARY_REGULAR_PROVISIONAL,v0.22_population_ledger
2019,401114265,2019-09-21T19:30:00.000Z,UAB,South Alabama,35,3,False,PRIMARY_REGULAR_PROVISIONAL,v0.22_population_ledger
2019,401117509,2019-09-21T19:30:00.000Z,Tulsa,Wyoming,24,21,False,PRIMARY_REGULAR_PROVISIONAL,v0.22_population_ledger
2019,401117870,2019-09-21T19:30:00.000Z,Buffalo,Temple,38,22,False,PRIMARY_REGULAR_PROVISIONAL,v0.22_population_ledger
2019,401119266,2019-09-21T19:30:00.000Z,Kent State,Bowling Green,62,20,False,PRIMARY_REGULAR_PROVISIONAL,v0.22_population_ledger
2019,401110802,2019-09-21T20:00:00.000Z,Mississippi State,Kentucky,28,13,False,PRIMARY_REGULAR_PROVISIONAL,v0.22_population_ledger
2019,401110803,2019-09-21T20:00:00.000Z,Missouri,South Carolina,34,14,False,PRIMARY_REGULAR_PROVISIONAL,v0.22_population_ledger
2019,401112458,2019-09-21T20:00:00.000Z,Miami (FL),Central Michigan,17,12,False,PRIMARY_REGULAR_PROVISIONAL,v0.22_population_ledger
2019,401112099,2019-09-21T20:30:00.000Z,Kansas,West Virginia,24,29,False,PRIMARY_REGULAR_PROVISIONAL,v0.22_population_ledger
2019,401114340,2019-09-21T20:30:00.000Z,New Mexico,New Mexico State,55,52,False,PRIMARY_REGULAR_PROVISIONAL,v0.22_population_ledger
2019,401112075,2019-09-21T23:00:00.000Z,Rice,Baylor,13,21,False,PRIMARY_REGULAR_PROVISIONAL,v0.22_population_ledger
2019,401112460,2019-09-21T23:00:00.000Z,NC State,Ball State,34,23,False,PRIMARY_REGULAR_PROVISIONAL,v0.22_population_ledger
2019,401112463,2019-09-21T23:00:00.000Z,Virginia,Old Dominion,28,17,False,PRIMARY_REGULAR_PROVISIONAL,v0.22_population_ledger
2019,401114195,2019-09-21T23:00:00.000Z,Stanford,Oregon,6,21,False,PRIMARY_REGULAR_PROVISIONAL,v0.22_population_ledger
2019,401121942,2019-09-21T23:00:00.000Z,Texas State,Georgia State,37,34,False,PRIMARY_REGULAR_PROVISIONAL,v0.22_population_ledger
2019,401110798,2019-09-21T23:30:00.000Z,Arkansas,San Jose State,24,31,False,PRIMARY_REGULAR_PROVISIONAL,v0.22_population_ledger
2019,401112125,2019-09-21T23:30:00.000Z,Texas,Oklahoma State,36,30,False,PRIMARY_REGULAR_PROVISIONAL,v0.22_population_ledger
2019,401112456,2019-09-21T23:30:00.000Z,Clemson,Charlotte,52,10,False,PRIMARY_REGULAR_PROVISIONAL,v0.22_population_ledger
2019,401114264,2019-09-21T23:30:00.000Z,North Texas,UTSA,45,3,False,PRIMARY_REGULAR_PROVISIONAL,v0.22_population_ledger
2019,401110800,2019-09-22T00:00:00.000Z,Georgia,Notre Dame,23,17,False,PRIMARY_REGULAR_PROVISIONAL,v0.22_population_ledger
2019,401112148,2019-09-22T00:00:00.000Z,Illinois,Nebraska,38,42,False,PRIMARY_REGULAR_PROVISIONAL,v0.22_population_ledger
2019,401114266,2019-09-22T00:00:00.000Z,UTEP,Nevada,21,37,False,PRIMARY_REGULAR_PROVISIONAL,v0.22_population_ledger
2019,401114155,2019-09-22T02:00:00.000Z,Arizona State,Colorado,31,34,False,PRIMARY_REGULAR_PROVISIONAL,v0.22_population_ledger
2019,401117507,2019-09-22T02:15:00.000Z,Colorado State,Toledo,35,41,False,PRIMARY_REGULAR_PROVISIONAL,v0.22_population_ledger
2019,401114215,2019-09-22T02:30:00.000Z,Washington State,UCLA,63,67,False,PRIMARY_REGULAR_PROVISIONAL,v0.22_population_ledger
2019,401117508,2019-09-22T02:30:00.000Z,San Diego State,Utah State,17,23,False,PRIMARY_REGULAR_PROVISIONAL,v0.22_population_ledger
2019,401117871,2019-09-27T00:00:00.000Z,Memphis,Navy,35,23,False,PRIMARY_REGULAR_PROVISIONAL,v0.22_population_ledger
2019,401112465,2019-09-27T23:00:00.000Z,Virginia Tech,Duke,10,45,False,PRIMARY_REGULAR_PROVISIONAL,v0.22_population_ledger
2019,401112204,2019-09-28T00:00:00.000Z,Maryland,Penn State,0,59,False,PRIMARY_REGULAR_PROVISIONAL,v0.22_population_ledger
2019,401117512,2019-09-28T00:00:00.000Z,Air Force,San Jose State,41,24,False,PRIMARY_REGULAR_PROVISIONAL,v0.22_population_ledger
2019,401114156,2019-09-28T02:30:00.000Z,California,Arizona State,17,24,False,PRIMARY_REGULAR_PROVISIONAL,v0.22_population_ledger
2019,401110807,2019-09-28T16:00:00.000Z,Arkansas,Texas A&M,27,31,True,PRIMARY_REGULAR_PROVISIONAL,v0.22_population_ledger
2019,401110811,2019-09-28T16:00:00.000Z,Vanderbilt,Northern Illinois,24,18,False,PRIMARY_REGULAR_PROVISIONAL,v0.22_population_ledger
2019,401112100,2019-09-28T16:00:00.000Z,TCU,Kansas,51,14,False,PRIMARY_REGULAR_PROVISIONAL,v0.22_population_ledger
2019,401112117,2019-09-28T16:00:00.000Z,Oklahoma,Texas Tech,55,16,False,PRIMARY_REGULAR_PROVISIONAL,v0.22_population_ledger
2019,401112193,2019-09-28T16:00:00.000Z,Iowa,Middle Tennessee,48,3,False,PRIMARY_REGULAR_PROVISIONAL,v0.22_population_ledger
2019,401112225,2019-09-28T16:00:00.000Z,Michigan,Rutgers,52,0,False,PRIMARY_REGULAR_PROVISIONAL,v0.22_population_ledger
2019,401112247,2019-09-28T16:00:00.000Z,Wisconsin,Northwestern,24,15,False,PRIMARY_REGULAR_PROVISIONAL,v0.22_population_ledger
2019,401117213,2019-09-28T16:00:00.000Z,Toledo,BYU,28,21,False,PRIMARY_REGULAR_PROVISIONAL,v0.22_population_ledger
2019,401119270,2019-09-28T16:00:00.000Z,Miami (OH),Buffalo,34,20,False,PRIMARY_REGULAR_PROVISIONAL,v0.22_population_ledger
2019,401119271,2019-09-28T16:00:00.000Z,Western Michigan,Central Michigan,31,15,False,PRIMARY_REGULAR_PROVISIONAL,v0.22_population_ledger
2019,401110806,2019-09-28T19:30:00.000Z,Alabama,Ole Miss,59,31,False,PRIMARY_REGULAR_PROVISIONAL,v0.22_population_ledger
2019,401112076,2019-09-28T19:30:00.000Z,Baylor,Iowa State,23,21,False,PRIMARY_REGULAR_PROVISIONAL,v0.22_population_ledger
2019,401112161,2019-09-28T19:30:00.000Z,Michigan State,Indiana,40,31,False,PRIMARY_REGULAR_PROVISIONAL,v0.22_population_ledger
2019,401112232,2019-09-28T19:30:00.000Z,Purdue,Minnesota,31,38,False,PRIMARY_REGULAR_PROVISIONAL,v0.22_population_ledger
2019,401112466,2019-09-28T19:30:00.000Z,Boston College,Wake Forest,24,27,False,PRIMARY_REGULAR_PROVISIONAL,v0.22_population_ledger
2019,401112467,2019-09-28T19:30:00.000Z,North Carolina,Clemson,20,21,False,PRIMARY_REGULAR_PROVISIONAL,v0.22_population_ledger
2019,401112469,2019-09-28T19:30:00.000Z,Temple,Georgia Tech,24,2,False,PRIMARY_REGULAR_PROVISIONAL,v0.22_population_ledger
2019,401112472,2019-09-28T19:30:00.000Z,Notre Dame,Virginia,35,20,False,PRIMARY_REGULAR_PROVISIONAL,v0.22_population_ledger
2019,401114221,2019-09-28T19:30:00.000Z,Washington,USC,28,14,False,PRIMARY_REGULAR_PROVISIONAL,v0.22_population_ledger
2019,401114267,2019-09-28T19:30:00.000Z,Charlotte,Florida Atlantic,27,45,False,PRIMARY_REGULAR_PROVISIONAL,v0.22_population_ledger
2019,401114356,2019-09-28T19:30:00.000Z,UMass,Akron,37,29,False,PRIMARY_REGULAR_PROVISIONAL,v0.22_population_ledger
2019,401121943,2019-09-28T19:30:00.000Z,Appalachian State,Coastal Carolina,56,37,False,PRIMARY_REGULAR_PROVISIONAL,v0.22_population_ledger
2019,401117873,2019-09-28T20:00:00.000Z,South Florida,SMU,21,48,False,PRIMARY_REGULAR_PROVISIONAL,v0.22_population_ledger
2019,401114269,2019-09-28T21:00:00.000Z,Marshall,Cincinnati,14,52,False,PRIMARY_REGULAR_PROVISIONAL,v0.22_population_ledger
2019,401114271,2019-09-28T22:00:00.000Z,Old Dominion,East Carolina,21,24,False,PRIMARY_REGULAR_PROVISIONAL,v0.22_population_ledger
2019,401114350,2019-09-28T22:00:00.000Z,Liberty,New Mexico,17,10,False,PRIMARY_REGULAR_PROVISIONAL,v0.22_population_ledger
2019,401121944,2019-09-28T22:00:00.000Z,Troy,Arkansas State,43,50,False,PRIMARY_REGULAR_PROVISIONAL,v0.22_population_ledger
2019,401121945,2019-09-28T22:00:00.000Z,Georgia Southern,Louisiana,24,37,False,PRIMARY_REGULAR_PROVISIONAL,v0.22_population_ledger
2019,401110808,2019-09-28T23:00:00.000Z,Auburn,Mississippi State,56,23,False,PRIMARY_REGULAR_PROVISIONAL,v0.22_population_ledger
2019,401112108,2019-09-28T23:00:00.000Z,Oklahoma State,Kansas State,26,13,False,PRIMARY_REGULAR_PROVISIONAL,v0.22_population_ledger
2019,401114202,2019-09-28T23:00:00.000Z,Oregon State,Stanford,28,31,False,PRIMARY_REGULAR_PROVISIONAL,v0.22_population_ledger
2019,401114268,2019-09-28T23:00:00.000Z,Rice,Louisiana Tech,20,23,False,PRIMARY_REGULAR_PROVISIONAL,v0.22_population_ledger
2019,401114272,2019-09-28T23:00:00.000Z,Southern Miss,UTEP,31,13,False,PRIMARY_REGULAR_PROVISIONAL,v0.22_population_ledger
2019,401114273,2019-09-28T23:00:00.000Z,Western Kentucky,UAB,20,13,False,PRIMARY_REGULAR_PROVISIONAL,v0.22_population_ledger
2019,401117872,2019-09-28T23:00:00.000Z,UCF,UConn,56,21,False,PRIMARY_REGULAR_PROVISIONAL,v0.22_population_ledger
2019,401121946,2019-09-28T23:00:00.000Z,UL Monroe,South Alabama,30,17,False,PRIMARY_REGULAR_PROVISIONAL,v0.22_population_ledger
2019,401110810,2019-09-28T23:30:00.000Z,South Carolina,Kentucky,24,7,False,PRIMARY_REGULAR_PROVISIONAL,v0.22_population_ledger
2019,401112241,2019-09-28T23:30:00.000Z,Nebraska,Ohio State,7,48,False,PRIMARY_REGULAR_PROVISIONAL,v0.22_population_ledger
2019,401112468,2019-09-28T23:30:00.000Z,Florida State,NC State,31,13,False,PRIMARY_REGULAR_PROVISIONAL,v0.22_population_ledger
2019,401117513,2019-09-28T23:30:00.000Z,Utah State,Colorado State,34,24,False,PRIMARY_REGULAR_PROVISIONAL,v0.22_population_ledger
2019,401114270,2019-09-29T00:00:00.000Z,North Texas,Houston,25,46,False,PRIMARY_REGULAR_PROVISIONAL,v0.22_population_ledger
2019,401114341,2019-09-29T00:00:00.000Z,New Mexico State,Fresno State,17,30,False,PRIMARY_REGULAR_PROVISIONAL,v0.22_population_ledger
2019,401117514,2019-09-29T00:00:00.000Z,Wyoming,UNLV,53,17,False,PRIMARY_REGULAR_PROVISIONAL,v0.22_population_ledger
2019,401114226,2019-09-29T02:00:00.000Z,Utah,Washington State,38,13,False,PRIMARY_REGULAR_PROVISIONAL,v0.22_population_ledger
2019,401114166,2019-09-29T02:30:00.000Z,Arizona,UCLA,20,17,False,PRIMARY_REGULAR_PROVISIONAL,v0.22_population_ledger
2019,401117515,2019-09-29T02:30:00.000Z,Nevada,Hawaii,3,54,False,PRIMARY_REGULAR_PROVISIONAL,v0.22_population_ledger
2019,401121948,2019-10-03T23:30:00.000Z,South Alabama,Georgia Southern,17,20,False,PRIMARY_REGULAR_PROVISIONAL,v0.22_population_ledger
2019,401117874,2019-10-04T00:00:00.000Z,East Carolina,Temple,17,27,False,PRIMARY_REGULAR_PROVISIONAL,v0.22_population_ledger
2019,401117875,2019-10-05T00:00:00.000Z,Cincinnati,UCF,27,24,False,PRIMARY_REGULAR_PROVISIONAL,v0.22_population_ledger
2019,401117519,2019-10-05T02:00:00.000Z,San Jose State,New Mexico,32,21,False,PRIMARY_REGULAR_PROVISIONAL,v0.22_population_ledger
2019,401110813,2019-10-05T16:00:00.000Z,LSU,Utah State,42,6,False,PRIMARY_REGULAR_PROVISIONAL,v0.22_population_ledger
2019,401112101,2019-10-05T16:00:00.000Z,Kansas,Oklahoma,20,45,False,PRIMARY_REGULAR_PROVISIONAL,v0.22_population_ledger
2019,401112126,2019-10-05T16:00:00.000Z,Texas Tech,Oklahoma State,45,35,False,PRIMARY_REGULAR_PROVISIONAL,v0.22_population_ledger
2019,401112194,2019-10-05T16:00:00.000Z,Michigan,Iowa,10,3,False,PRIMARY_REGULAR_PROVISIONAL,v0.22_population_ledger
2019,401112205,2019-10-05T16:00:00.000Z,Rutgers,Maryland,7,48,False,PRIMARY_REGULAR_PROVISIONAL,v0.22_population_ledger
2019,401112260,2019-10-05T16:00:00.000Z,Penn State,Purdue,35,7,False,PRIMARY_REGULAR_PROVISIONAL,v0.22_population_ledger
2019,401112269,2019-10-05T16:00:00.000Z,Wisconsin,Kent State,48,0,False,PRIMARY_REGULAR_PROVISIONAL,v0.22_population_ledger
2019,401114328,2019-10-05T16:00:00.000Z,Army,Tulane,33,42,False,PRIMARY_REGULAR_PROVISIONAL,v0.22_population_ledger
2019,401117876,2019-10-05T16:00:00.000Z,UConn,South Florida,22,48,False,PRIMARY_REGULAR_PROVISIONAL,v0.22_population_ledger
2019,401112473,2019-10-05T16:30:00.000Z,Louisville,Boston College,41,39,False,PRIMARY_REGULAR_PROVISIONAL,v0.22_population_ledger
2019,401112088,2019-10-05T18:00:00.000Z,Iowa State,TCU,49,24,False,PRIMARY_REGULAR_PROVISIONAL,v0.22_population_ledger
2019,401119273,2019-10-05T19:00:00.000Z,Central Michigan,Eastern Michigan,42,16,False,PRIMARY_REGULAR_PROVISIONAL,v0.22_population_ledger
2019,401110812,2019-10-05T19:30:00.000Z,Florida,Auburn,24,13,False,PRIMARY_REGULAR_PROVISIONAL,v0.22_population_ledger
2019,401112077,2019-10-05T19:30:00.000Z,Kansas State,Baylor,12,31,False,PRIMARY_REGULAR_PROVISIONAL,v0.22_population_ledger
2019,401112137,2019-10-05T19:30:00.000Z,West Virginia,Texas,31,42,False,PRIMARY_REGULAR_PROVISIONAL,v0.22_population_ledger
2019,401112149,2019-10-05T19:30:00.000Z,Minnesota,Illinois,40,17,False,PRIMARY_REGULAR_PROVISIONAL,v0.22_population_ledger
2019,401112476,2019-10-05T19:30:00.000Z,Miami (FL),Virginia Tech,35,42,False,PRIMARY_REGULAR_PROVISIONAL,v0.22_population_ledger
2019,401114275,2019-10-05T19:30:00.000Z,Middle Tennessee,Marshall,24,13,False,PRIMARY_REGULAR_PROVISIONAL,v0.22_population_ledger
2019,401114337,2019-10-05T19:30:00.000Z,Notre Dame,Bowling Green,52,0,False,PRIMARY_REGULAR_PROVISIONAL,v0.22_population_ledger
2019,401117516,2019-10-05T19:30:00.000Z,Navy,Air Force,34,25,False,PRIMARY_REGULAR_PROVISIONAL,v0.22_population_ledger
2019,401119272,2019-10-05T19:30:00.000Z,Northern Illinois,Ball State,20,27,False,PRIMARY_REGULAR_PROVISIONAL,v0.22_population_ledger
2019,401119274,2019-10-05T19:30:00.000Z,Buffalo,Ohio,20,21,False,PRIMARY_REGULAR_PROVISIONAL,v0.22_population_ledger
2019,401119275,2019-10-05T19:30:00.000Z,Toledo,Western Michigan,31,24,False,PRIMARY_REGULAR_PROVISIONAL,v0.22_population_ledger
2019,401121949,2019-10-05T19:30:00.000Z,Georgia State,Arkansas State,52,38,False,PRIMARY_REGULAR_PROVISIONAL,v0.22_population_ledger
2019,401117877,2019-10-05T19:45:00.000Z,UL Monroe,Memphis,33,52,False,PRIMARY_REGULAR_PROVISIONAL,v0.22_population_ledger
2019,401110815,2019-10-05T20:00:00.000Z,Missouri,Troy,42,10,False,PRIMARY_REGULAR_PROVISIONAL,v0.22_population_ledger
2019,401112242,2019-10-05T20:00:00.000Z,Nebraska,Northwestern,13,10,False,PRIMARY_REGULAR_PROVISIONAL,v0.22_population_ledger
2019,401112475,2019-10-05T20:00:00.000Z,Georgia Tech,North Carolina,22,38,False,PRIMARY_REGULAR_PROVISIONAL,v0.22_population_ledger
2019,401114167,2019-10-05T20:30:00.000Z,Colorado,Arizona,30,35,False,PRIMARY_REGULAR_PROVISIONAL,v0.22_population_ledger
2019,401114276,2019-10-05T22:00:00.000Z,Old Dominion,Western Kentucky,3,20,False,PRIMARY_REGULAR_PROVISIONAL,v0.22_population_ledger
2019,401110816,2019-10-05T23:00:00.000Z,Tennessee,Georgia,14,43,False,PRIMARY_REGULAR_PROVISIONAL,v0.22_population_ledger
2019,401114274,2019-10-05T23:00:00.000Z,FIU,UMass,44,0,False,PRIMARY_REGULAR_PROVISIONAL,v0.22_population_ledger
2019,401114277,2019-10-05T23:00:00.000Z,UAB,Rice,35,20,False,PRIMARY_REGULAR_PROVISIONAL,v0.22_population_ledger
2019,401110814,2019-10-05T23:30:00.000Z,Ole Miss,Vanderbilt,31,6,False,PRIMARY_REGULAR_PROVISIONAL,v0.22_population_ledger
2019,401112216,2019-10-05T23:30:00.000Z,Ohio State,Michigan State,34,10,False,PRIMARY_REGULAR_PROVISIONAL,v0.22_population_ledger
2019,401117878,2019-10-05T23:30:00.000Z,SMU,Tulsa,43,37,False,PRIMARY_REGULAR_PROVISIONAL,v0.22_population_ledger
2019,401112474,2019-10-06T00:00:00.000Z,Duke,Pittsburgh,30,33,False,PRIMARY_REGULAR_PROVISIONAL,v0.22_population_ledger
2019,401114177,2019-10-06T00:00:00.000Z,Oregon,California,17,7,False,PRIMARY_REGULAR_PROVISIONAL,v0.22_population_ledger
2019,401114278,2019-10-06T00:00:00.000Z,UTEP,UTSA,16,26,False,PRIMARY_REGULAR_PROVISIONAL,v0.22_population_ledger
2019,401114342,2019-10-06T00:00:00.000Z,New Mexico State,Liberty,13,20,False,PRIMARY_REGULAR_PROVISIONAL,v0.22_population_ledger
2019,401114203,2019-10-06T01:00:00.000Z,UCLA,Oregon State,31,48,False,PRIMARY_REGULAR_PROVISIONAL,v0.22_population_ledger
2019,401117518,2019-10-06T02:00:00.000Z,Colorado State,San Diego State,10,24,False,PRIMARY_REGULAR_PROVISIONAL,v0.22_population_ledger
2019,401114209,2019-10-06T02:30:00.000Z,Stanford,Washington,23,13,False,PRIMARY_REGULAR_PROVISIONAL,v0.22_population_ledger
2019,401117517,2019-10-06T02:30:00.000Z,UNLV,Boise State,13,38,False,PRIMARY_REGULAR_PROVISIONAL,v0.22_population_ledger
2019,401121950,2019-10-10T00:00:00.000Z,Louisiana,Appalachian State,7,17,False,PRIMARY_REGULAR_PROVISIONAL,v0.22_population_ledger
2019,401112477,2019-10-11T00:00:00.000Z,NC State,Syracuse,16,10,False,PRIMARY_REGULAR_PROVISIONAL,v0.22_population_ledger
2019,401121951,2019-10-11T01:15:00.000Z,Texas State,UL Monroe,14,24,False,PRIMARY_REGULAR_PROVISIONAL,v0.22_population_ledger
2019,401112478,2019-10-12T00:00:00.000Z,Miami (FL),Virginia,17,9,False,PRIMARY_REGULAR_PROVISIONAL,v0.22_population_ledger
2019,401117522,2019-10-12T00:00:00.000Z,New Mexico,Colorado State,21,35,False,PRIMARY_REGULAR_PROVISIONAL,v0.22_population_ledger
2019,401114186,2019-10-12T02:00:00.000Z,Oregon,Colorado,45,3,False,PRIMARY_REGULAR_PROVISIONAL,v0.22_population_ledger
2019,401110817,2019-10-12T16:00:00.000Z,Georgia,South Carolina,17,20,False,PRIMARY_REGULAR_PROVISIONAL,v0.22_population_ledger
2019,401110821,2019-10-12T16:00:00.000Z,Tennessee,Mississippi State,20,10,False,PRIMARY_REGULAR_PROVISIONAL,v0.22_population_ledger
2019,401112118,2019-10-12T16:00:00.000Z,Texas,Oklahoma,27,34,True,PRIMARY_REGULAR_PROVISIONAL,v0.22_population_ledger
2019,401112150,2019-10-12T16:00:00.000Z,Illinois,Michigan,25,42,False,PRIMARY_REGULAR_PROVISIONAL,v0.22_population_ledger
2019,401112162,2019-10-12T16:00:00.000Z,Indiana,Rutgers,35,0,False,PRIMARY_REGULAR_PROVISIONAL,v0.22_population_ledger
2019,401112206,2019-10-12T16:00:00.000Z,Purdue,Maryland,40,14,False,PRIMARY_REGULAR_PROVISIONAL,v0.22_population_ledger
2019,401117881,2019-10-12T16:00:00.000Z,Temple,Memphis,30,28,False,PRIMARY_REGULAR_PROVISIONAL,v0.22_population_ledger
2019,401119278,2019-10-12T16:00:00.000Z,Western Michigan,Miami (OH),38,16,False,PRIMARY_REGULAR_PROVISIONAL,v0.22_population_ledger
2019,401119280,2019-10-12T16:00:00.000Z,Bowling Green,Toledo,20,7,False,PRIMARY_REGULAR_PROVISIONAL,v0.22_population_ledger
2019,401112480,2019-10-12T16:30:00.000Z,Duke,Georgia Tech,41,23,False,PRIMARY_REGULAR_PROVISIONAL,v0.22_population_ledger
2019,401119276,2019-10-12T18:00:00.000Z,Eastern Michigan,Ball State,23,29,False,PRIMARY_REGULAR_PROVISIONAL,v0.22_population_ledger
2019,401114283,2019-10-12T18:30:00.000Z,Marshall,Old Dominion,31,17,False,PRIMARY_REGULAR_PROVISIONAL,v0.22_population_ledger
2019,401114343,2019-10-12T19:00:00.000Z,Central Michigan,New Mexico State,42,28,False,PRIMARY_REGULAR_PROVISIONAL,v0.22_population_ledger
2019,401110822,2019-10-12T19:30:00.000Z,Texas A&M,Alabama,28,47,False,PRIMARY_REGULAR_PROVISIONAL,v0.22_population_ledger
2019,401112217,2019-10-12T19:30:00.000Z,Wisconsin,Michigan State,38,0,False,PRIMARY_REGULAR_PROVISIONAL,v0.22_population_ledger
2019,401112479,2019-10-12T19:30:00.000Z,Clemson,Florida State,45,14,False,PRIMARY_REGULAR_PROVISIONAL,v0.22_population_ledger
2019,401114157,2019-10-12T19:30:00.000Z,Arizona State,Washington State,38,34,False,PRIMARY_REGULAR_PROVISIONAL,v0.22_population_ledger
2019,401117214,2019-10-12T19:30:00.000Z,South Florida,BYU,27,23,False,PRIMARY_REGULAR_PROVISIONAL,v0.22_population_ledger
2019,401117879,2019-10-12T19:30:00.000Z,Houston,Cincinnati,23,38,False,PRIMARY_REGULAR_PROVISIONAL,v0.22_population_ledger
2019,401119277,2019-10-12T19:30:00.000Z,Akron,Kent State,3,26,False,PRIMARY_REGULAR_PROVISIONAL,v0.22_population_ledger
2019,401119279,2019-10-12T19:30:00.000Z,Ohio,Northern Illinois,36,39,False,PRIMARY_REGULAR_PROVISIONAL,v0.22_population_ledger
2019,401117880,2019-10-12T19:45:00.000Z,Tulane,UConn,49,7,False,PRIMARY_REGULAR_PROVISIONAL,v0.22_population_ledger
2019,401110823,2019-10-12T20:00:00.000Z,Vanderbilt,UNLV,10,34,False,PRIMARY_REGULAR_PROVISIONAL,v0.22_population_ledger
2019,401112078,2019-10-12T20:00:00.000Z,Baylor,Texas Tech,33,30,False,PRIMARY_REGULAR_PROVISIONAL,v0.22_population_ledger
2019,401112089,2019-10-12T20:00:00.000Z,West Virginia,Iowa State,14,38,False,PRIMARY_REGULAR_PROVISIONAL,v0.22_population_ledger
2019,401114280,2019-10-12T20:00:00.000Z,Florida Atlantic,Middle Tennessee,28,13,False,PRIMARY_REGULAR_PROVISIONAL,v0.22_population_ledger
2019,401117524,2019-10-12T20:00:00.000Z,Nevada,San Jose State,41,38,False,PRIMARY_REGULAR_PROVISIONAL,v0.22_population_ledger
2019,401121952,2019-10-12T21:00:00.000Z,Coastal Carolina,Georgia State,21,31,False,PRIMARY_REGULAR_PROVISIONAL,v0.22_population_ledger
2019,401114284,2019-10-12T22:00:00.000Z,UTSA,UAB,14,33,False,PRIMARY_REGULAR_PROVISIONAL,v0.22_population_ledger
2019,401110820,2019-10-12T23:00:00.000Z,Missouri,Ole Miss,38,27,False,PRIMARY_REGULAR_PROVISIONAL,v0.22_population_ledger
2019,401114279,2019-10-12T23:00:00.000Z,FIU,Charlotte,48,23,False,PRIMARY_REGULAR_PROVISIONAL,v0.22_population_ledger
2019,401114281,2019-10-12T23:00:00.000Z,Louisiana Tech,UMass,69,21,False,PRIMARY_REGULAR_PROVISIONAL,v0.22_population_ledger
2019,401114282,2019-10-12T23:00:00.000Z,Southern Miss,North Texas,45,27,False,PRIMARY_REGULAR_PROVISIONAL,v0.22_population_ledger
2019,401114285,2019-10-12T23:00:00.000Z,Western Kentucky,Army,17,8,False,PRIMARY_REGULAR_PROVISIONAL,v0.22_population_ledger
2019,401117520,2019-10-12T23:00:00.000Z,Air Force,Fresno State,43,24,False,PRIMARY_REGULAR_PROVISIONAL,v0.22_population_ledger
2019,401110818,2019-10-12T23:30:00.000Z,Kentucky,Arkansas,24,20,False,PRIMARY_REGULAR_PROVISIONAL,v0.22_population_ledger
2019,401112195,2019-10-12T23:30:00.000Z,Iowa,Penn State,12,17,False,PRIMARY_REGULAR_PROVISIONAL,v0.22_population_ledger
2019,401112233,2019-10-12T23:30:00.000Z,Minnesota,Nebraska,34,7,False,PRIMARY_REGULAR_PROVISIONAL,v0.22_population_ledger
2019,401112481,2019-10-12T23:30:00.000Z,Wake Forest,Louisville,59,62,False,PRIMARY_REGULAR_PROVISIONAL,v0.22_population_ledger
2019,401114222,2019-10-12T23:30:00.000Z,Notre Dame,USC,30,27,False,PRIMARY_REGULAR_PROVISIONAL,v0.22_population_ledger
2019,401117882,2019-10-12T23:30:00.000Z,Tulsa,Navy,17,45,False,PRIMARY_REGULAR_PROVISIONAL,v0.22_population_ledger
2019,401110819,2019-10-13T00:00:00.000Z,LSU,Florida,42,28,False,PRIMARY_REGULAR_PROVISIONAL,v0.22_population_ledger
2019,401114204,2019-10-13T00:00:00.000Z,Oregon State,Utah,7,52,False,PRIMARY_REGULAR_PROVISIONAL,v0.22_population_ledger
2019,401117521,2019-10-13T02:15:00.000Z,Boise State,Hawaii,59,37,False,PRIMARY_REGULAR_PROVISIONAL,v0.22_population_ledger
2019,401117523,2019-10-13T02:30:00.000Z,San Diego State,Wyoming,26,22,False,PRIMARY_REGULAR_PROVISIONAL,v0.22_population_ledger
2019,401114168,2019-10-13T03:00:00.000Z,Arizona,Washington,27,51,False,PRIMARY_REGULAR_PROVISIONAL,v0.22_population_ledger
2019,401121953,2019-10-17T00:00:00.000Z,Troy,South Alabama,37,13,False,PRIMARY_REGULAR_PROVISIONAL,v0.22_population_ledger
2019,401121954,2019-10-17T23:30:00.000Z,Arkansas State,Louisiana,20,37,False,PRIMARY_REGULAR_PROVISIONAL,v0.22_population_ledger
2019,401114210,2019-10-18T01:00:00.000Z,Stanford,UCLA,16,34,False,PRIMARY_REGULAR_PROVISIONAL,v0.22_population_ledger
2019,401114288,2019-10-18T22:30:00.000Z,Florida Atlantic,Marshall,31,36,False,PRIMARY_REGULAR_PROVISIONAL,v0.22_population_ledger
2019,401112483,2019-10-18T23:00:00.000Z,Syracuse,Pittsburgh,20,27,False,PRIMARY_REGULAR_PROVISIONAL,v0.22_population_ledger
2019,401112248,2019-10-19T00:30:00.000Z,Northwestern,Ohio State,3,52,False,PRIMARY_REGULAR_PROVISIONAL,v0.22_population_ledger
2019,401117528,2019-10-19T02:00:00.000Z,Fresno State,UNLV,56,27,False,PRIMARY_REGULAR_PROVISIONAL,v0.22_population_ledger
2019,401110825,2019-10-19T16:00:00.000Z,Arkansas,Auburn,10,51,False,PRIMARY_REGULAR_PROVISIONAL,v0.22_population_ledger
2019,401110829,2019-10-19T16:00:00.000Z,South Carolina,Florida,27,38,False,PRIMARY_REGULAR_PROVISIONAL,v0.22_population_ledger
2019,401112090,2019-10-19T16:00:00.000Z,Texas Tech,Iowa State,24,34,False,PRIMARY_REGULAR_PROVISIONAL,v0.22_population_ledger
2019,401112119,2019-10-19T16:00:00.000Z,Oklahoma,West Virginia,52,14,False,PRIMARY_REGULAR_PROVISIONAL,v0.22_population_ledger
2019,401112151,2019-10-19T16:00:00.000Z,Illinois,Wisconsin,24,23,False,PRIMARY_REGULAR_PROVISIONAL,v0.22_population_ledger
2019,401112196,2019-10-19T16:00:00.000Z,Iowa,Purdue,26,20,False,PRIMARY_REGULAR_PROVISIONAL,v0.22_population_ledger
2019,401112484,2019-10-19T16:00:00.000Z,Boston College,NC State,45,24,False,PRIMARY_REGULAR_PROVISIONAL,v0.22_population_ledger
2019,401112485,2019-10-19T16:00:00.000Z,Louisville,Clemson,10,45,False,PRIMARY_REGULAR_PROVISIONAL,v0.22_population_ledger
2019,401112488,2019-10-19T16:00:00.000Z,Miami (FL),Georgia Tech,21,28,False,PRIMARY_REGULAR_PROVISIONAL,v0.22_population_ledger
2019,401117886,2019-10-19T16:00:00.000Z,UConn,Houston,17,24,False,PRIMARY_REGULAR_PROVISIONAL,v0.22_population_ledger
2019,401119283,2019-10-19T16:00:00.000Z,Ohio,Kent State,45,38,False,PRIMARY_REGULAR_PROVISIONAL,v0.22_population_ledger
2019,401119282,2019-10-19T18:00:00.000Z,Bowling Green,Central Michigan,20,38,False,PRIMARY_REGULAR_PROVISIONAL,v0.22_population_ledger
2019,401119285,2019-10-19T18:00:00.000Z,Ball State,Toledo,52,14,False,PRIMARY_REGULAR_PROVISIONAL,v0.22_population_ledger
2019,401112109,2019-10-19T18:30:00.000Z,Kansas State,TCU,24,17,False,PRIMARY_REGULAR_PROVISIONAL,v0.22_population_ledger
2019,401114178,2019-10-19T18:30:00.000Z,California,Oregon State,17,21,False,PRIMARY_REGULAR_PROVISIONAL,v0.22_population_ledger
2019,401119284,2019-10-19T18:30:00.000Z,Miami (OH),Northern Illinois,27,24,False,PRIMARY_REGULAR_PROVISIONAL,v0.22_population_ledger
2019,401117526,2019-10-19T19:00:00.000Z,Wyoming,New Mexico,23,10,False,PRIMARY_REGULAR_PROVISIONAL,v0.22_population_ledger
2019,401121956,2019-10-19T19:00:00.000Z,Georgia Southern,Coastal Carolina,30,27,False,PRIMARY_REGULAR_PROVISIONAL,v0.22_population_ledger
2019,401110828,2019-10-19T19:30:00.000Z,Mississippi State,LSU,13,36,False,PRIMARY_REGULAR_PROVISIONAL,v0.22_population_ledger
2019,401112163,2019-10-19T19:30:00.000Z,Maryland,Indiana,28,34,False,PRIMARY_REGULAR_PROVISIONAL,v0.22_population_ledger
2019,401112234,2019-10-19T19:30:00.000Z,Rutgers,Minnesota,7,42,False,PRIMARY_REGULAR_PROVISIONAL,v0.22_population_ledger
2019,401112486,2019-10-19T19:30:00.000Z,Virginia,Duke,48,14,False,PRIMARY_REGULAR_PROVISIONAL,v0.22_population_ledger
2019,401112489,2019-10-19T19:30:00.000Z,Virginia Tech,North Carolina,43,41,False,PRIMARY_REGULAR_PROVISIONAL,v0.22_population_ledger
2019,401114196,2019-10-19T19:30:00.000Z,Washington,Oregon,31,35,False,PRIMARY_REGULAR_PROVISIONAL,v0.22_population_ledger
2019,401114289,2019-10-19T19:30:00.000Z,Louisiana Tech,Southern Miss,45,30,False,PRIMARY_REGULAR_PROVISIONAL,v0.22_population_ledger
2019,401117883,2019-10-19T19:30:00.000Z,Navy,South Florida,35,3,False,PRIMARY_REGULAR_PROVISIONAL,v0.22_population_ledger
2019,401117885,2019-10-19T19:30:00.000Z,Cincinnati,Tulsa,24,13,False,PRIMARY_REGULAR_PROVISIONAL,v0.22_population_ledger
2019,401117887,2019-10-19T19:30:00.000Z,SMU,Temple,45,21,False,PRIMARY_REGULAR_PROVISIONAL,v0.22_population_ledger
2019,401119281,2019-10-19T19:30:00.000Z,Akron,Buffalo,0,21,False,PRIMARY_REGULAR_PROVISIONAL,v0.22_population_ledger
2019,401121955,2019-10-19T19:30:00.000Z,Appalachian State,UL Monroe,52,7,False,PRIMARY_REGULAR_PROVISIONAL,v0.22_population_ledger
2019,401110830,2019-10-19T20:00:00.000Z,Vanderbilt,Missouri,21,14,False,PRIMARY_REGULAR_PROVISIONAL,v0.22_population_ledger
2019,401112079,2019-10-19T20:00:00.000Z,Oklahoma State,Baylor,27,45,False,PRIMARY_REGULAR_PROVISIONAL,v0.22_population_ledger
2019,401114286,2019-10-19T20:00:00.000Z,Western Kentucky,Charlotte,30,14,False,PRIMARY_REGULAR_PROVISIONAL,v0.22_population_ledger
2019,401114290,2019-10-19T20:00:00.000Z,North Texas,Middle Tennessee,33,30,False,PRIMARY_REGULAR_PROVISIONAL,v0.22_population_ledger
2019,401114291,2019-10-19T20:00:00.000Z,UAB,Old Dominion,38,14,False,PRIMARY_REGULAR_PROVISIONAL,v0.22_population_ledger
2019,401110826,2019-10-19T22:00:00.000Z,Georgia,Kentucky,21,0,False,PRIMARY_REGULAR_PROVISIONAL,v0.22_population_ledger
2019,401114158,2019-10-19T22:00:00.000Z,Utah,Arizona State,21,3,False,PRIMARY_REGULAR_PROVISIONAL,v0.22_population_ledger
2019,401114292,2019-10-19T22:00:00.000Z,UTSA,Rice,31,27,False,PRIMARY_REGULAR_PROVISIONAL,v0.22_population_ledger
2019,401112102,2019-10-19T23:00:00.000Z,Texas,Kansas,50,48,False,PRIMARY_REGULAR_PROVISIONAL,v0.22_population_ledger
2019,401114187,2019-10-19T23:00:00.000Z,Washington State,Colorado,41,10,False,PRIMARY_REGULAR_PROVISIONAL,v0.22_population_ledger
2019,401114287,2019-10-19T23:00:00.000Z,FIU,UTEP,32,17,False,PRIMARY_REGULAR_PROVISIONAL,v0.22_population_ledger
2019,401114329,2019-10-19T23:00:00.000Z,Georgia State,Army,28,21,False,PRIMARY_REGULAR_PROVISIONAL,v0.22_population_ledger
2019,401117529,2019-10-19T23:00:00.000Z,San Jose State,San Diego State,17,27,False,PRIMARY_REGULAR_PROVISIONAL,v0.22_population_ledger
2019,401117884,2019-10-19T23:00:00.000Z,UCF,East Carolina,41,28,False,PRIMARY_REGULAR_PROVISIONAL,v0.22_population_ledger
2019,401117888,2019-10-19T23:00:00.000Z,Memphis,Tulane,47,17,False,PRIMARY_REGULAR_PROVISIONAL,v0.22_population_ledger
2019,401119286,2019-10-19T23:00:00.000Z,Eastern Michigan,Western Michigan,34,27,False,PRIMARY_REGULAR_PROVISIONAL,v0.22_population_ledger
2019,401110827,2019-10-19T23:30:00.000Z,Ole Miss,Texas A&M,17,24,False,PRIMARY_REGULAR_PROVISIONAL,v0.22_population_ledger
2019,401112226,2019-10-19T23:30:00.000Z,Penn State,Michigan,28,21,False,PRIMARY_REGULAR_PROVISIONAL,v0.22_population_ledger
2019,401112487,2019-10-19T23:30:00.000Z,Wake Forest,Florida State,22,20,False,PRIMARY_REGULAR_PROVISIONAL,v0.22_population_ledger
2019,401110824,2019-10-20T01:00:00.000Z,Alabama,Tennessee,35,13,False,PRIMARY_REGULAR_PROVISIONAL,v0.22_population_ledger
2019,401114169,2019-10-20T01:30:00.000Z,USC,Arizona,41,14,False,PRIMARY_REGULAR_PROVISIONAL,v0.22_population_ledger
2019,401117215,2019-10-20T02:15:00.000Z,BYU,Boise State,28,25,False,PRIMARY_REGULAR_PROVISIONAL,v0.22_population_ledger
2019,401117527,2019-10-20T02:15:00.000Z,Utah State,Nevada,36,10,False,PRIMARY_REGULAR_PROVISIONAL,v0.22_population_ledger
2019,401117525,2019-10-20T03:00:00.000Z,Hawaii,Air Force,26,56,False,PRIMARY_REGULAR_PROVISIONAL,v0.22_population_ledger
2019,401117889,2019-10-24T23:30:00.000Z,Houston,SMU,31,34,False,PRIMARY_REGULAR_PROVISIONAL,v0.22_population_ledger
2019,401114188,2019-10-26T01:00:00.000Z,Colorado,USC,31,35,False,PRIMARY_REGULAR_PROVISIONAL,v0.22_population_ledger
2019,401110835,2019-10-26T16:00:00.000Z,Texas A&M,Mississippi State,49,30,False,PRIMARY_REGULAR_PROVISIONAL,v0.22_population_ledger
2019,401112110,2019-10-26T16:00:00.000Z,Kansas State,Oklahoma,48,41,False,PRIMARY_REGULAR_PROVISIONAL,v0.22_population_ledger
2019,401112152,2019-10-26T16:00:00.000Z,Purdue,Illinois,6,24,False,PRIMARY_REGULAR_PROVISIONAL,v0.22_population_ledger
2019,401112197,2019-10-26T16:00:00.000Z,Northwestern,Iowa,0,20,False,PRIMARY_REGULAR_PROVISIONAL,v0.22_population_ledger
2019,401112254,2019-10-26T16:00:00.000Z,Ohio State,Wisconsin,38,7,False,PRIMARY_REGULAR_PROVISIONAL,v0.22_population_ledger
2019,401112266,2019-10-26T16:00:00.000Z,Rutgers,Liberty,44,34,False,PRIMARY_REGULAR_PROVISIONAL,v0.22_population_ledger
2019,401112494,2019-10-26T16:00:00.000Z,Pittsburgh,Miami (FL),12,16,False,PRIMARY_REGULAR_PROVISIONAL,v0.22_population_ledger
2019,401114330,2019-10-26T16:00:00.000Z,Army,San Jose State,29,34,False,PRIMARY_REGULAR_PROVISIONAL,v0.22_population_ledger
2019,401119288,2019-10-26T16:00:00.000Z,Western Michigan,Bowling Green,49,10,False,PRIMARY_REGULAR_PROVISIONAL,v0.22_population_ledger
2019,401121957,2019-10-26T16:00:00.000Z,South Alabama,Appalachian State,3,30,False,PRIMARY_REGULAR_PROVISIONAL,v0.22_population_ledger
2019,401114298,2019-10-26T17:00:00.000Z,Rice,Southern Miss,6,20,False,PRIMARY_REGULAR_PROVISIONAL,v0.22_population_ledger
2019,401117533,2019-10-26T18:00:00.000Z,Wyoming,Nevada,31,3,False,PRIMARY_REGULAR_PROVISIONAL,v0.22_population_ledger
2019,401119292,2019-10-26T18:00:00.000Z,Ball State,Ohio,21,34,False,PRIMARY_REGULAR_PROVISIONAL,v0.22_population_ledger
2019,401114297,2019-10-26T18:30:00.000Z,Marshall,Western Kentucky,26,23,False,PRIMARY_REGULAR_PROVISIONAL,v0.22_population_ledger
2019,401114344,2019-10-26T19:00:00.000Z,Georgia Southern,New Mexico State,41,7,False,PRIMARY_REGULAR_PROVISIONAL,v0.22_population_ledger
2019,401110833,2019-10-26T19:30:00.000Z,LSU,Auburn,23,20,False,PRIMARY_REGULAR_PROVISIONAL,v0.22_population_ledger
2019,401112091,2019-10-26T19:30:00.000Z,Iowa State,Oklahoma State,27,34,False,PRIMARY_REGULAR_PROVISIONAL,v0.22_population_ledger
2019,401112132,2019-10-26T19:30:00.000Z,TCU,Texas,37,27,False,PRIMARY_REGULAR_PROVISIONAL,v0.22_population_ledger
2019,401112164,2019-10-26T19:30:00.000Z,Nebraska,Indiana,31,38,False,PRIMARY_REGULAR_PROVISIONAL,v0.22_population_ledger
2019,401112207,2019-10-26T19:30:00.000Z,Minnesota,Maryland,52,10,False,PRIMARY_REGULAR_PROVISIONAL,v0.22_population_ledger
2019,401112218,2019-10-26T19:30:00.000Z,Michigan State,Penn State,7,28,False,PRIMARY_REGULAR_PROVISIONAL,v0.22_population_ledger
2019,401112492,2019-10-26T19:30:00.000Z,Florida State,Syracuse,35,17,False,PRIMARY_REGULAR_PROVISIONAL,v0.22_population_ledger
2019,401112493,2019-10-26T19:30:00.000Z,Louisville,Virginia,28,21,False,PRIMARY_REGULAR_PROVISIONAL,v0.22_population_ledger
2019,401114170,2019-10-26T19:30:00.000Z,Stanford,Arizona,41,31,False,PRIMARY_REGULAR_PROVISIONAL,v0.22_population_ledger
2019,401114293,2019-10-26T19:30:00.000Z,Charlotte,North Texas,39,38,False,PRIMARY_REGULAR_PROVISIONAL,v0.22_population_ledger
2019,401114294,2019-10-26T19:30:00.000Z,Middle Tennessee,FIU,50,17,False,PRIMARY_REGULAR_PROVISIONAL,v0.22_population_ledger
2019,401114295,2019-10-26T19:30:00.000Z,Old Dominion,Florida Atlantic,3,41,False,PRIMARY_REGULAR_PROVISIONAL,v0.22_population_ledger
2019,401114357,2019-10-26T19:30:00.000Z,UMass,UConn,35,56,False,PRIMARY_REGULAR_PROVISIONAL,v0.22_population_ledger
2019,401117890,2019-10-26T19:30:00.000Z,Navy,Tulane,41,38,False,PRIMARY_REGULAR_PROVISIONAL,v0.22_population_ledger
2019,401119287,2019-10-26T19:30:00.000Z,Northern Illinois,Akron,49,0,False,PRIMARY_REGULAR_PROVISIONAL,v0.22_population_ledger
2019,401119289,2019-10-26T19:30:00.000Z,Buffalo,Central Michigan,43,20,False,PRIMARY_REGULAR_PROVISIONAL,v0.22_population_ledger
2019,401119290,2019-10-26T19:30:00.000Z,Toledo,Eastern Michigan,37,34,False,PRIMARY_REGULAR_PROVISIONAL,v0.22_population_ledger
2019,401119291,2019-10-26T19:30:00.000Z,Kent State,Miami (OH),16,23,False,PRIMARY_REGULAR_PROVISIONAL,v0.22_population_ledger
2019,401117892,2019-10-26T19:45:00.000Z,East Carolina,South Florida,20,45,False,PRIMARY_REGULAR_PROVISIONAL,v0.22_population_ledger
2019,401110834,2019-10-26T20:00:00.000Z,Tennessee,South Carolina,41,21,False,PRIMARY_REGULAR_PROVISIONAL,v0.22_population_ledger
2019,401112491,2019-10-26T20:00:00.000Z,North Carolina,Duke,20,17,False,PRIMARY_REGULAR_PROVISIONAL,v0.22_population_ledger
2019,401117532,2019-10-26T20:00:00.000Z,New Mexico,Hawaii,31,45,False,PRIMARY_REGULAR_PROVISIONAL,v0.22_population_ledger
2019,401110831,2019-10-26T23:00:00.000Z,Alabama,Arkansas,48,7,False,PRIMARY_REGULAR_PROVISIONAL,v0.22_population_ledger
2019,401112103,2019-10-26T23:00:00.000Z,Kansas,Texas Tech,37,34,False,PRIMARY_REGULAR_PROVISIONAL,v0.22_population_ledger
2019,401117891,2019-10-26T23:00:00.000Z,Temple,UCF,21,63,False,PRIMARY_REGULAR_PROVISIONAL,v0.22_population_ledger
2019,401117893,2019-10-26T23:00:00.000Z,Tulsa,Memphis,41,42,False,PRIMARY_REGULAR_PROVISIONAL,v0.22_population_ledger
2019,401121958,2019-10-26T23:00:00.000Z,Arkansas State,Texas State,38,14,False,PRIMARY_REGULAR_PROVISIONAL,v0.22_population_ledger
2019,401121959,2019-10-26T23:00:00.000Z,Georgia State,Troy,52,33,False,PRIMARY_REGULAR_PROVISIONAL,v0.22_population_ledger
2019,401110832,2019-10-26T23:30:00.000Z,Kentucky,Missouri,29,7,False,PRIMARY_REGULAR_PROVISIONAL,v0.22_population_ledger
2019,401112227,2019-10-26T23:30:00.000Z,Michigan,Notre Dame,45,14,False,PRIMARY_REGULAR_PROVISIONAL,v0.22_population_ledger
2019,401112490,2019-10-26T23:30:00.000Z,Clemson,Boston College,59,7,False,PRIMARY_REGULAR_PROVISIONAL,v0.22_population_ledger
2019,401114159,2019-10-26T23:30:00.000Z,UCLA,Arizona State,42,32,False,PRIMARY_REGULAR_PROVISIONAL,v0.22_population_ledger
2019,401117531,2019-10-26T23:30:00.000Z,Fresno State,Colorado State,31,41,False,PRIMARY_REGULAR_PROVISIONAL,v0.22_population_ledger
2019,401114296,2019-10-27T00:00:00.000Z,UTEP,Louisiana Tech,21,42,False,PRIMARY_REGULAR_PROVISIONAL,v0.22_population_ledger
2019,401114179,2019-10-27T02:00:00.000Z,Utah,California,35,0,False,PRIMARY_REGULAR_PROVISIONAL,v0.22_population_ledger
2019,401117530,2019-10-27T02:15:00.000Z,Air Force,Utah State,31,7,False,PRIMARY_REGULAR_PROVISIONAL,v0.22_population_ledger
2019,401114197,2019-10-27T02:30:00.000Z,Oregon,Washington State,37,35,False,PRIMARY_REGULAR_PROVISIONAL,v0.22_population_ledger
2019,401117534,2019-10-27T02:30:00.000Z,UNLV,San Diego State,17,20,False,PRIMARY_REGULAR_PROVISIONAL,v0.22_population_ledger
2019,401112080,2019-11-01T00:00:00.000Z,Baylor,West Virginia,17,14,False,PRIMARY_REGULAR_PROVISIONAL,v0.22_population_ledger
2019,401121960,2019-11-01T00:00:00.000Z,Appalachian State,Georgia Southern,21,24,False,PRIMARY_REGULAR_PROVISIONAL,v0.22_population_ledger
2019,401117894,2019-11-02T00:00:00.000Z,UConn,Navy,10,56,False,PRIMARY_REGULAR_PROVISIONAL,v0.22_population_ledger
2019,401110841,2019-11-02T16:00:00.000Z,Texas A&M,UTSA,45,14,False,PRIMARY_REGULAR_PROVISIONAL,v0.22_population_ledger
2019,401112208,2019-11-02T16:00:00.000Z,Maryland,Michigan,7,38,False,PRIMARY_REGULAR_PROVISIONAL,v0.22_population_ledger
2019,401112243,2019-11-02T16:00:00.000Z,Purdue,Nebraska,31,27,False,PRIMARY_REGULAR_PROVISIONAL,v0.22_population_ledger
2019,401112495,2019-11-02T16:00:00.000Z,Syracuse,Boston College,27,58,False,PRIMARY_REGULAR_PROVISIONAL,v0.22_population_ledger
2019,401112500,2019-11-02T16:00:00.000Z,Wake Forest,NC State,44,10,False,PRIMARY_REGULAR_PROVISIONAL,v0.22_population_ledger
2019,401114300,2019-11-02T16:00:00.000Z,FIU,Old Dominion,24,17,False,PRIMARY_REGULAR_PROVISIONAL,v0.22_population_ledger
2019,401114352,2019-11-02T16:00:00.000Z,UMass,Liberty,21,63,False,PRIMARY_REGULAR_PROVISIONAL,v0.22_population_ledger
2019,401117895,2019-11-02T16:00:00.000Z,UCF,Houston,44,29,False,PRIMARY_REGULAR_PROVISIONAL,v0.22_population_ledger
2019,401119294,2019-11-02T16:00:00.000Z,Eastern Michigan,Buffalo,14,43,False,PRIMARY_REGULAR_PROVISIONAL,v0.22_population_ledger
2019,401119295,2019-11-02T16:00:00.000Z,Central Michigan,Northern Illinois,48,10,False,PRIMARY_REGULAR_PROVISIONAL,v0.22_population_ledger
2019,401119293,2019-11-02T18:00:00.000Z,Bowling Green,Akron,35,6,False,PRIMARY_REGULAR_PROVISIONAL,v0.22_population_ledger
2019,401112501,2019-11-02T18:30:00.000Z,Notre Dame,Virginia Tech,21,20,False,PRIMARY_REGULAR_PROVISIONAL,v0.22_population_ledger
2019,401121962,2019-11-02T19:00:00.000Z,Coastal Carolina,Troy,36,35,False,PRIMARY_REGULAR_PROVISIONAL,v0.22_population_ledger
2019,401110838,2019-11-02T19:30:00.000Z,Florida,Georgia,17,24,True,PRIMARY_REGULAR_PROVISIONAL,v0.22_population_ledger
2019,401112104,2019-11-02T19:30:00.000Z,Kansas,Kansas State,10,38,False,PRIMARY_REGULAR_PROVISIONAL,v0.22_population_ledger
2019,401112127,2019-11-02T19:30:00.000Z,Oklahoma State,TCU,34,27,False,PRIMARY_REGULAR_PROVISIONAL,v0.22_population_ledger
2019,401112153,2019-11-02T19:30:00.000Z,Illinois,Rutgers,38,10,False,PRIMARY_REGULAR_PROVISIONAL,v0.22_population_ledger
2019,401112497,2019-11-02T19:30:00.000Z,Florida State,Miami (FL),10,27,False,PRIMARY_REGULAR_PROVISIONAL,v0.22_population_ledger
2019,401114299,2019-11-02T19:30:00.000Z,Charlotte,Middle Tennessee,34,20,False,PRIMARY_REGULAR_PROVISIONAL,v0.22_population_ledger
2019,401114302,2019-11-02T19:30:00.000Z,Rice,Marshall,7,20,False,PRIMARY_REGULAR_PROVISIONAL,v0.22_population_ledger
2019,401114303,2019-11-02T19:30:00.000Z,North Texas,UTEP,52,26,False,PRIMARY_REGULAR_PROVISIONAL,v0.22_population_ledger
2019,401114331,2019-11-02T19:30:00.000Z,Air Force,Army,17,13,False,PRIMARY_REGULAR_PROVISIONAL,v0.22_population_ledger
2019,401117538,2019-11-02T19:30:00.000Z,Colorado State,UNLV,37,17,False,PRIMARY_REGULAR_PROVISIONAL,v0.22_population_ledger
2019,401121961,2019-11-02T19:30:00.000Z,UL Monroe,Arkansas State,41,48,False,PRIMARY_REGULAR_PROVISIONAL,v0.22_population_ledger
2019,401110836,2019-11-02T20:00:00.000Z,Arkansas,Mississippi State,24,54,False,PRIMARY_REGULAR_PROVISIONAL,v0.22_population_ledger
2019,401112498,2019-11-02T20:00:00.000Z,Georgia Tech,Pittsburgh,10,20,False,PRIMARY_REGULAR_PROVISIONAL,v0.22_population_ledger
2019,401114227,2019-11-02T20:00:00.000Z,Washington,Utah,28,33,False,PRIMARY_REGULAR_PROVISIONAL,v0.22_population_ledger
2019,401114301,2019-11-02T20:00:00.000Z,Western Kentucky,Florida Atlantic,24,35,False,PRIMARY_REGULAR_PROVISIONAL,v0.22_population_ledger
2019,401117898,2019-11-02T20:00:00.000Z,Tulane,Tulsa,38,26,False,PRIMARY_REGULAR_PROVISIONAL,v0.22_population_ledger
2019,401114171,2019-11-02T20:30:00.000Z,Arizona,Oregon State,38,56,False,PRIMARY_REGULAR_PROVISIONAL,v0.22_population_ledger
2019,401121963,2019-11-02T21:00:00.000Z,Louisiana,Texas State,31,3,False,PRIMARY_REGULAR_PROVISIONAL,v0.22_population_ledger
2019,401110837,2019-11-02T23:00:00.000Z,Auburn,Ole Miss,20,14,False,PRIMARY_REGULAR_PROVISIONAL,v0.22_population_ledger
2019,401110840,2019-11-02T23:00:00.000Z,Tennessee,UAB,30,7,False,PRIMARY_REGULAR_PROVISIONAL,v0.22_population_ledger
2019,401112165,2019-11-02T23:00:00.000Z,Indiana,Northwestern,34,3,False,PRIMARY_REGULAR_PROVISIONAL,v0.22_population_ledger
2019,401117896,2019-11-02T23:00:00.000Z,East Carolina,Cincinnati,43,46,False,PRIMARY_REGULAR_PROVISIONAL,v0.22_population_ledger
2019,401110839,2019-11-02T23:30:00.000Z,South Carolina,Vanderbilt,24,7,False,PRIMARY_REGULAR_PROVISIONAL,v0.22_population_ledger
2019,401112499,2019-11-02T23:30:00.000Z,North Carolina,Virginia,31,38,False,PRIMARY_REGULAR_PROVISIONAL,v0.22_population_ledger
2019,401117897,2019-11-02T23:30:00.000Z,Memphis,SMU,54,48,False,PRIMARY_REGULAR_PROVISIONAL,v0.22_population_ledger
2019,401114198,2019-11-03T00:00:00.000Z,USC,Oregon,24,56,False,PRIMARY_REGULAR_PROVISIONAL,v0.22_population_ledger
2019,401114189,2019-11-03T01:00:00.000Z,UCLA,Colorado,31,14,False,PRIMARY_REGULAR_PROVISIONAL,v0.22_population_ledger
2019,401117216,2019-11-03T02:00:00.000Z,Utah State,BYU,14,42,False,PRIMARY_REGULAR_PROVISIONAL,v0.22_population_ledger
2019,401117535,2019-11-03T02:30:00.000Z,San Jose State,Boise State,42,52,False,PRIMARY_REGULAR_PROVISIONAL,v0.22_population_ledger
2019,401117536,2019-11-03T02:30:00.000Z,Nevada,New Mexico,21,10,False,PRIMARY_REGULAR_PROVISIONAL,v0.22_population_ledger
2019,401117537,2019-11-03T03:59:00.000Z,Hawaii,Fresno State,38,41,False,PRIMARY_REGULAR_PROVISIONAL,v0.22_population_ledger
2019,401119297,2019-11-06T00:00:00.000Z,Toledo,Kent State,35,33,False,PRIMARY_REGULAR_PROVISIONAL,v0.22_population_ledger
2019,401119296,2019-11-06T01:00:00.000Z,Western Michigan,Ball State,35,31,False,PRIMARY_REGULAR_PROVISIONAL,v0.22_population_ledger
2019,401119298,2019-11-07T01:00:00.000Z,Ohio,Miami (OH),21,24,False,PRIMARY_REGULAR_PROVISIONAL,v0.22_population_ledger
2019,401121964,2019-11-08T00:30:00.000Z,Coastal Carolina,Louisiana,7,48,False,PRIMARY_REGULAR_PROVISIONAL,v0.22_population_ledger
2019,401117899,2019-11-08T01:00:00.000Z,South Florida,Temple,7,17,False,PRIMARY_REGULAR_PROVISIONAL,v0.22_population_ledger
2019,401117900,2019-11-09T00:00:00.000Z,Tulsa,UCF,34,31,False,PRIMARY_REGULAR_PROVISIONAL,v0.22_population_ledger
2019,401114205,2019-11-09T03:30:00.000Z,Oregon State,Washington,7,19,False,PRIMARY_REGULAR_PROVISIONAL,v0.22_population_ledger
2019,401110843,2019-11-09T17:00:00.000Z,Arkansas,Western Kentucky,19,45,False,PRIMARY_REGULAR_PROVISIONAL,v0.22_population_ledger
2019,401110844,2019-11-09T17:00:00.000Z,Florida,Vanderbilt,56,0,False,PRIMARY_REGULAR_PROVISIONAL,v0.22_population_ledger
2019,401112081,2019-11-09T17:00:00.000Z,TCU,Baylor,23,29,False,PRIMARY_REGULAR_PROVISIONAL,v0.22_population_ledger
2019,401112142,2019-11-09T17:00:00.000Z,West Virginia,Texas Tech,17,38,False,PRIMARY_REGULAR_PROVISIONAL,v0.22_population_ledger
2019,401112209,2019-11-09T17:00:00.000Z,Ohio State,Maryland,73,14,False,PRIMARY_REGULAR_PROVISIONAL,v0.22_population_ledger
2019,401112235,2019-11-09T17:00:00.000Z,Minnesota,Penn State,31,26,False,PRIMARY_REGULAR_PROVISIONAL,v0.22_population_ledger
2019,401112249,2019-11-09T17:00:00.000Z,Northwestern,Purdue,22,24,False,PRIMARY_REGULAR_PROVISIONAL,v0.22_population_ledger
2019,401112502,2019-11-09T17:00:00.000Z,Boston College,Florida State,31,38,False,PRIMARY_REGULAR_PROVISIONAL,v0.22_population_ledger
2019,401114332,2019-11-09T17:00:00.000Z,Army,UMass,63,7,False,PRIMARY_REGULAR_PROVISIONAL,v0.22_population_ledger
2019,401117902,2019-11-09T17:00:00.000Z,SMU,East Carolina,59,51,False,PRIMARY_REGULAR_PROVISIONAL,v0.22_population_ledger
2019,401112504,2019-11-09T17:30:00.000Z,Virginia,Georgia Tech,33,28,False,PRIMARY_REGULAR_PROVISIONAL,v0.22_population_ledger
2019,401114307,2019-11-09T19:00:00.000Z,Old Dominion,UTSA,23,24,False,PRIMARY_REGULAR_PROVISIONAL,v0.22_population_ledger
2019,401114190,2019-11-09T20:00:00.000Z,Colorado,Stanford,16,13,False,PRIMARY_REGULAR_PROVISIONAL,v0.22_population_ledger
2019,401114304,2019-11-09T20:00:00.000Z,UTEP,Charlotte,21,28,False,PRIMARY_REGULAR_PROVISIONAL,v0.22_population_ledger
2019,401121967,2019-11-09T20:00:00.000Z,Texas State,South Alabama,30,28,False,PRIMARY_REGULAR_PROVISIONAL,v0.22_population_ledger
2019,401110842,2019-11-09T20:30:00.000Z,Alabama,LSU,41,46,False,PRIMARY_REGULAR_PROVISIONAL,v0.22_population_ledger
2019,401112111,2019-11-09T20:30:00.000Z,Texas,Kansas State,27,24,False,PRIMARY_REGULAR_PROVISIONAL,v0.22_population_ledger
2019,401112154,2019-11-09T20:30:00.000Z,Michigan State,Illinois,34,37,False,PRIMARY_REGULAR_PROVISIONAL,v0.22_population_ledger
2019,401112505,2019-11-09T20:30:00.000Z,Miami (FL),Louisville,52,27,False,PRIMARY_REGULAR_PROVISIONAL,v0.22_population_ledger
2019,401112506,2019-11-09T20:30:00.000Z,Virginia Tech,Wake Forest,36,17,False,PRIMARY_REGULAR_PROVISIONAL,v0.22_population_ledger
2019,401114160,2019-11-09T20:30:00.000Z,Arizona State,USC,26,31,False,PRIMARY_REGULAR_PROVISIONAL,v0.22_population_ledger
2019,401114308,2019-11-09T20:30:00.000Z,Southern Miss,UAB,37,2,False,PRIMARY_REGULAR_PROVISIONAL,v0.22_population_ledger
2019,401117901,2019-11-09T20:30:00.000Z,Cincinnati,UConn,48,3,False,PRIMARY_REGULAR_PROVISIONAL,v0.22_population_ledger
2019,401121965,2019-11-09T20:30:00.000Z,Troy,Georgia Southern,49,28,False,PRIMARY_REGULAR_PROVISIONAL,v0.22_population_ledger
2019,401110847,2019-11-09T21:00:00.000Z,Ole Miss,New Mexico State,41,3,False,PRIMARY_REGULAR_PROVISIONAL,v0.22_population_ledger
2019,401112198,2019-11-09T21:00:00.000Z,Wisconsin,Iowa,24,22,False,PRIMARY_REGULAR_PROVISIONAL,v0.22_population_ledger
2019,401114306,2019-11-09T21:00:00.000Z,Louisiana Tech,North Texas,52,17,False,PRIMARY_REGULAR_PROVISIONAL,v0.22_population_ledger
2019,401121966,2019-11-09T22:00:00.000Z,UL Monroe,Georgia State,45,31,False,PRIMARY_REGULAR_PROVISIONAL,v0.22_population_ledger
2019,401114305,2019-11-09T23:00:00.000Z,Florida Atlantic,FIU,37,7,False,PRIMARY_REGULAR_PROVISIONAL,v0.22_population_ledger
2019,401110845,2019-11-10T00:00:00.000Z,Georgia,Missouri,27,0,False,PRIMARY_REGULAR_PROVISIONAL,v0.22_population_ledger
2019,401110848,2019-11-10T00:00:00.000Z,South Carolina,Appalachian State,15,20,False,PRIMARY_REGULAR_PROVISIONAL,v0.22_population_ledger
2019,401114180,2019-11-10T00:00:00.000Z,California,Washington State,33,20,False,PRIMARY_REGULAR_PROVISIONAL,v0.22_population_ledger
2019,401117540,2019-11-10T00:00:00.000Z,Fresno State,Utah State,35,37,False,PRIMARY_REGULAR_PROVISIONAL,v0.22_population_ledger
2019,401110846,2019-11-10T00:30:00.000Z,Kentucky,Tennessee,13,17,False,PRIMARY_REGULAR_PROVISIONAL,v0.22_population_ledger
2019,401111654,2019-11-10T00:30:00.000Z,Duke,Notre Dame,7,38,False,PRIMARY_REGULAR_PROVISIONAL,v0.22_population_ledger
2019,401112503,2019-11-10T00:30:00.000Z,NC State,Clemson,10,55,False,PRIMARY_REGULAR_PROVISIONAL,v0.22_population_ledger
2019,401114353,2019-11-10T00:30:00.000Z,BYU,Liberty,31,24,False,PRIMARY_REGULAR_PROVISIONAL,v0.22_population_ledger
2019,401112092,2019-11-10T01:00:00.000Z,Oklahoma,Iowa State,42,41,False,PRIMARY_REGULAR_PROVISIONAL,v0.22_population_ledger
2019,401117541,2019-11-10T03:15:00.000Z,Boise State,Wyoming,20,17,False,PRIMARY_REGULAR_PROVISIONAL,v0.22_population_ledger
2019,401117542,2019-11-10T03:30:00.000Z,San Diego State,Nevada,13,17,False,PRIMARY_REGULAR_PROVISIONAL,v0.22_population_ledger
2019,401117543,2019-11-10T04:00:00.000Z,Hawaii,San Jose State,42,40,False,PRIMARY_REGULAR_PROVISIONAL,v0.22_population_ledger
2019,401119299,2019-11-12T23:00:00.000Z,Akron,Eastern Michigan,14,42,False,PRIMARY_REGULAR_PROVISIONAL,v0.22_population_ledger
2019,401119300,2019-11-12T23:30:00.000Z,Ohio,Western Michigan,34,37,False,PRIMARY_REGULAR_PROVISIONAL,v0.22_population_ledger
2019,401119301,2019-11-14T01:00:00.000Z,Miami (OH),Bowling Green,44,3,False,PRIMARY_REGULAR_PROVISIONAL,v0.22_population_ledger
2019,401119302,2019-11-14T01:00:00.000Z,Toledo,Northern Illinois,28,31,False,PRIMARY_REGULAR_PROVISIONAL,v0.22_population_ledger
2019,401119303,2019-11-15T00:00:00.000Z,Kent State,Buffalo,30,27,False,PRIMARY_REGULAR_PROVISIONAL,v0.22_population_ledger
2019,401112507,2019-11-15T01:00:00.000Z,Pittsburgh,North Carolina,34,27,False,PRIMARY_REGULAR_PROVISIONAL,v0.22_population_ledger
2019,401114309,2019-11-16T00:00:00.000Z,Marshall,Louisiana Tech,31,10,False,PRIMARY_REGULAR_PROVISIONAL,v0.22_population_ledger
2019,401117547,2019-11-16T02:30:00.000Z,San Diego State,Fresno State,17,7,False,PRIMARY_REGULAR_PROVISIONAL,v0.22_population_ledger
2019,401110851,2019-11-16T17:00:00.000Z,Mississippi State,Alabama,7,38,False,PRIMARY_REGULAR_PROVISIONAL,v0.22_population_ledger
2019,401110852,2019-11-16T17:00:00.000Z,Missouri,Florida,6,23,False,PRIMARY_REGULAR_PROVISIONAL,v0.22_population_ledger
2019,401112105,2019-11-16T17:00:00.000Z,Oklahoma State,Kansas,31,13,False,PRIMARY_REGULAR_PROVISIONAL,v0.22_population_ledger
2019,401112133,2019-11-16T17:00:00.000Z,Texas Tech,TCU,31,33,False,PRIMARY_REGULAR_PROVISIONAL,v0.22_population_ledger
2019,401112166,2019-11-16T17:00:00.000Z,Penn State,Indiana,34,27,False,PRIMARY_REGULAR_PROVISIONAL,v0.22_population_ledger
2019,401112219,2019-11-16T17:00:00.000Z,Michigan,Michigan State,44,10,False,PRIMARY_REGULAR_PROVISIONAL,v0.22_population_ledger
2019,401112244,2019-11-16T17:00:00.000Z,Nebraska,Wisconsin,21,37,False,PRIMARY_REGULAR_PROVISIONAL,v0.22_population_ledger
2019,401112250,2019-11-16T17:00:00.000Z,Northwestern,UMass,45,6,False,PRIMARY_REGULAR_PROVISIONAL,v0.22_population_ledger
2019,401117905,2019-11-16T17:00:00.000Z,Temple,Tulane,29,21,False,PRIMARY_REGULAR_PROVISIONAL,v0.22_population_ledger
2019,401114312,2019-11-16T18:00:00.000Z,UAB,UTEP,37,10,False,PRIMARY_REGULAR_PROVISIONAL,v0.22_population_ledger
2019,401114338,2019-11-16T19:30:00.000Z,Notre Dame,Navy,52,20,False,PRIMARY_REGULAR_PROVISIONAL,v0.22_population_ledger
2019,401121969,2019-11-16T20:00:00.000Z,Arkansas State,Coastal Carolina,28,27,False,PRIMARY_REGULAR_PROVISIONAL,v0.22_population_ledger
2019,401121970,2019-11-16T20:00:00.000Z,Georgia Southern,UL Monroe,51,29,False,PRIMARY_REGULAR_PROVISIONAL,v0.22_population_ledger
2019,401121972,2019-11-16T20:00:00.000Z,Texas State,Troy,27,63,False,PRIMARY_REGULAR_PROVISIONAL,v0.22_population_ledger
2019,401110849,2019-11-16T20:30:00.000Z,Auburn,Georgia,14,21,False,PRIMARY_REGULAR_PROVISIONAL,v0.22_population_ledger
2019,401110854,2019-11-16T20:30:00.000Z,Vanderbilt,Kentucky,14,38,False,PRIMARY_REGULAR_PROVISIONAL,v0.22_population_ledger
2019,401112093,2019-11-16T20:30:00.000Z,Iowa State,Texas,23,21,False,PRIMARY_REGULAR_PROVISIONAL,v0.22_population_ledger
2019,401112112,2019-11-16T20:30:00.000Z,Kansas State,West Virginia,20,24,False,PRIMARY_REGULAR_PROVISIONAL,v0.22_population_ledger
2019,401112255,2019-11-16T20:30:00.000Z,Rutgers,Ohio State,21,56,False,PRIMARY_REGULAR_PROVISIONAL,v0.22_population_ledger
2019,401112508,2019-11-16T20:30:00.000Z,Clemson,Wake Forest,52,3,False,PRIMARY_REGULAR_PROVISIONAL,v0.22_population_ledger
2019,401112511,2019-11-16T20:30:00.000Z,Georgia Tech,Virginia Tech,0,45,False,PRIMARY_REGULAR_PROVISIONAL,v0.22_population_ledger
2019,401117904,2019-11-16T20:30:00.000Z,Houston,Memphis,27,45,False,PRIMARY_REGULAR_PROVISIONAL,v0.22_population_ledger
2019,401119304,2019-11-16T20:30:00.000Z,Ball State,Central Michigan,44,45,False,PRIMARY_REGULAR_PROVISIONAL,v0.22_population_ledger
2019,401112199,2019-11-16T21:00:00.000Z,Iowa,Minnesota,23,19,False,PRIMARY_REGULAR_PROVISIONAL,v0.22_population_ledger
2019,401112509,2019-11-16T21:00:00.000Z,Duke,Syracuse,6,49,False,PRIMARY_REGULAR_PROVISIONAL,v0.22_population_ledger
2019,401117546,2019-11-16T21:00:00.000Z,Utah State,Wyoming,26,21,False,PRIMARY_REGULAR_PROVISIONAL,v0.22_population_ledger
2019,401117548,2019-11-16T21:00:00.000Z,UNLV,Hawaii,7,21,False,PRIMARY_REGULAR_PROVISIONAL,v0.22_population_ledger
2019,401114231,2019-11-16T21:30:00.000Z,Washington State,Stanford,49,22,False,PRIMARY_REGULAR_PROVISIONAL,v0.22_population_ledger
2019,401114310,2019-11-16T21:30:00.000Z,Middle Tennessee,Rice,28,31,False,PRIMARY_REGULAR_PROVISIONAL,v0.22_population_ledger
2019,401121971,2019-11-16T22:00:00.000Z,South Alabama,Louisiana,27,37,False,PRIMARY_REGULAR_PROVISIONAL,v0.22_population_ledger
2019,401114311,2019-11-16T23:00:00.000Z,UTSA,Southern Miss,17,36,False,PRIMARY_REGULAR_PROVISIONAL,v0.22_population_ledger
2019,401110850,2019-11-17T00:00:00.000Z,Ole Miss,LSU,37,58,False,PRIMARY_REGULAR_PROVISIONAL,v0.22_population_ledger
2019,401117544,2019-11-17T00:00:00.000Z,Colorado State,Air Force,21,38,False,PRIMARY_REGULAR_PROVISIONAL,v0.22_population_ledger
2019,401117903,2019-11-17T00:00:00.000Z,South Florida,Cincinnati,17,20,False,PRIMARY_REGULAR_PROVISIONAL,v0.22_population_ledger
2019,401110853,2019-11-17T00:30:00.000Z,Texas A&M,South Carolina,30,6,False,PRIMARY_REGULAR_PROVISIONAL,v0.22_population_ledger
2019,401112082,2019-11-17T00:30:00.000Z,Baylor,Oklahoma,31,34,False,PRIMARY_REGULAR_PROVISIONAL,v0.22_population_ledger
2019,401112512,2019-11-17T00:30:00.000Z,NC State,Louisville,20,34,False,PRIMARY_REGULAR_PROVISIONAL,v0.22_population_ledger
2019,401114161,2019-11-17T00:30:00.000Z,Oregon State,Arizona State,35,34,False,PRIMARY_REGULAR_PROVISIONAL,v0.22_population_ledger
2019,401121968,2019-11-17T00:30:00.000Z,Georgia State,Appalachian State,27,56,False,PRIMARY_REGULAR_PROVISIONAL,v0.22_population_ledger
2019,401114216,2019-11-17T01:00:00.000Z,Utah,UCLA,49,3,False,PRIMARY_REGULAR_PROVISIONAL,v0.22_population_ledger
2019,401117545,2019-11-17T03:15:00.000Z,Boise State,New Mexico,42,9,False,PRIMARY_REGULAR_PROVISIONAL,v0.22_population_ledger
2019,401114172,2019-11-17T03:30:00.000Z,Oregon,Arizona,34,6,False,PRIMARY_REGULAR_PROVISIONAL,v0.22_population_ledger
2019,401114181,2019-11-17T04:00:00.000Z,California,USC,17,41,False,PRIMARY_REGULAR_PROVISIONAL,v0.22_population_ledger
2019,401119305,2019-11-20T00:30:00.000Z,Northern Illinois,Eastern Michigan,17,45,False,PRIMARY_REGULAR_PROVISIONAL,v0.22_population_ledger
2019,401119306,2019-11-20T00:30:00.000Z,Bowling Green,Ohio,24,66,False,PRIMARY_REGULAR_PROVISIONAL,v0.22_population_ledger
2019,401119307,2019-11-21T00:30:00.000Z,Miami (OH),Akron,20,17,False,PRIMARY_REGULAR_PROVISIONAL,v0.22_population_ledger
2019,401119308,2019-11-21T00:30:00.000Z,Buffalo,Toledo,49,30,False,PRIMARY_REGULAR_PROVISIONAL,v0.22_population_ledger
2019,401112513,2019-11-22T01:00:00.000Z,Georgia Tech,NC State,28,26,False,PRIMARY_REGULAR_PROVISIONAL,v0.22_population_ledger
2019,401117550,2019-11-23T02:30:00.000Z,Wyoming,Colorado State,17,7,False,PRIMARY_REGULAR_PROVISIONAL,v0.22_population_ledger
2019,401112094,2019-11-23T17:00:00.000Z,Iowa State,Kansas,41,31,False,PRIMARY_REGULAR_PROVISIONAL,v0.22_population_ledger
2019,401112128,2019-11-23T17:00:00.000Z,West Virginia,Oklahoma State,13,20,False,PRIMARY_REGULAR_PROVISIONAL,v0.22_population_ledger
2019,401112155,2019-11-23T17:00:00.000Z,Iowa,Illinois,19,10,False,PRIMARY_REGULAR_PROVISIONAL,v0.22_population_ledger
2019,401112220,2019-11-23T17:00:00.000Z,Rutgers,Michigan State,0,27,False,PRIMARY_REGULAR_PROVISIONAL,v0.22_population_ledger
2019,401112236,2019-11-23T17:00:00.000Z,Northwestern,Minnesota,22,38,False,PRIMARY_REGULAR_PROVISIONAL,v0.22_population_ledger
2019,401112256,2019-11-23T17:00:00.000Z,Ohio State,Penn State,28,17,False,PRIMARY_REGULAR_PROVISIONAL,v0.22_population_ledger
2019,401112520,2019-11-23T17:00:00.000Z,Virginia,Liberty,55,27,False,PRIMARY_REGULAR_PROVISIONAL,v0.22_population_ledger
2019,401114358,2019-11-23T17:00:00.000Z,UMass,BYU,24,56,False,PRIMARY_REGULAR_PROVISIONAL,v0.22_population_ledger
2019,401117906,2019-11-23T17:00:00.000Z,Tulane,UCF,31,34,False,PRIMARY_REGULAR_PROVISIONAL,v0.22_population_ledger
2019,401117908,2019-11-23T17:00:00.000Z,UConn,East Carolina,24,31,False,PRIMARY_REGULAR_PROVISIONAL,v0.22_population_ledger
2019,401119309,2019-11-23T17:00:00.000Z,Kent State,Ball State,41,38,False,PRIMARY_REGULAR_PROVISIONAL,v0.22_population_ledger
2019,401121976,2019-11-23T19:00:00.000Z,Georgia State,South Alabama,28,15,False,PRIMARY_REGULAR_PROVISIONAL,v0.22_population_ledger
2019,401183793,2019-11-23T19:00:00.000Z,New Mexico,Air Force,22,44,False,PRIMARY_REGULAR_PROVISIONAL,v0.22_population_ledger
2019,401112514,2019-11-23T19:30:00.000Z,Notre Dame,Boston College,40,7,False,PRIMARY_REGULAR_PROVISIONAL,v0.22_population_ledger
2019,401121973,2019-11-23T19:30:00.000Z,Appalachian State,Texas State,35,13,False,PRIMARY_REGULAR_PROVISIONAL,v0.22_population_ledger
2019,401121974,2019-11-23T20:00:00.000Z,Arkansas State,Georgia Southern,38,33,False,PRIMARY_REGULAR_PROVISIONAL,v0.22_population_ledger
2019,401110857,2019-11-23T20:30:00.000Z,Georgia,Texas A&M,19,13,False,PRIMARY_REGULAR_PROVISIONAL,v0.22_population_ledger
2019,401112083,2019-11-23T20:30:00.000Z,Baylor,Texas,24,10,False,PRIMARY_REGULAR_PROVISIONAL,v0.22_population_ledger
2019,401112167,2019-11-23T20:30:00.000Z,Indiana,Michigan,14,39,False,PRIMARY_REGULAR_PROVISIONAL,v0.22_population_ledger
2019,401112210,2019-11-23T20:30:00.000Z,Maryland,Nebraska,7,54,False,PRIMARY_REGULAR_PROVISIONAL,v0.22_population_ledger
2019,401112519,2019-11-23T20:30:00.000Z,Virginia Tech,Pittsburgh,28,0,False,PRIMARY_REGULAR_PROVISIONAL,v0.22_population_ledger
2019,401114217,2019-11-23T20:30:00.000Z,USC,UCLA,52,35,False,PRIMARY_REGULAR_PROVISIONAL,v0.22_population_ledger
2019,401114313,2019-11-23T20:30:00.000Z,Charlotte,Marshall,24,13,False,PRIMARY_REGULAR_PROVISIONAL,v0.22_population_ledger
2019,401114315,2019-11-23T20:30:00.000Z,UAB,Louisiana Tech,20,14,False,PRIMARY_REGULAR_PROVISIONAL,v0.22_population_ledger
2019,401114317,2019-11-23T20:30:00.000Z,Rice,North Texas,20,14,False,PRIMARY_REGULAR_PROVISIONAL,v0.22_population_ledger
2019,401114318,2019-11-23T20:30:00.000Z,Southern Miss,Western Kentucky,10,28,False,PRIMARY_REGULAR_PROVISIONAL,v0.22_population_ledger
2019,401117911,2019-11-23T20:30:00.000Z,Navy,SMU,35,28,False,PRIMARY_REGULAR_PROVISIONAL,v0.22_population_ledger
2019,401112263,2019-11-23T21:00:00.000Z,Wisconsin,Purdue,45,24,False,PRIMARY_REGULAR_PROVISIONAL,v0.22_population_ledger
2019,401112516,2019-11-23T21:00:00.000Z,Louisville,Syracuse,56,34,False,PRIMARY_REGULAR_PROVISIONAL,v0.22_population_ledger
2019,401114182,2019-11-23T21:00:00.000Z,Stanford,California,20,24,False,PRIMARY_REGULAR_PROVISIONAL,v0.22_population_ledger
2019,401114319,2019-11-23T21:00:00.000Z,New Mexico State,UTEP,44,35,False,PRIMARY_REGULAR_PROVISIONAL,v0.22_population_ledger
2019,401117553,2019-11-23T21:00:00.000Z,UNLV,San Jose State,38,35,False,PRIMARY_REGULAR_PROVISIONAL,v0.22_population_ledger
2019,401117909,2019-11-23T21:00:00.000Z,South Florida,Memphis,10,49,False,PRIMARY_REGULAR_PROVISIONAL,v0.22_population_ledger
2019,401114316,2019-11-23T21:30:00.000Z,Middle Tennessee,Old Dominion,38,17,False,PRIMARY_REGULAR_PROVISIONAL,v0.22_population_ledger
2019,401121975,2019-11-23T22:00:00.000Z,UL Monroe,Coastal Carolina,45,42,False,PRIMARY_REGULAR_PROVISIONAL,v0.22_population_ledger
2019,401121977,2019-11-23T22:00:00.000Z,Louisiana,Troy,53,3,False,PRIMARY_REGULAR_PROVISIONAL,v0.22_population_ledger
2019,401114314,2019-11-23T23:00:00.000Z,UTSA,Florida Atlantic,26,40,False,PRIMARY_REGULAR_PROVISIONAL,v0.22_population_ledger
2019,401110859,2019-11-24T00:00:00.000Z,LSU,Arkansas,56,20,False,PRIMARY_REGULAR_PROVISIONAL,v0.22_population_ledger
2019,401112113,2019-11-24T00:00:00.000Z,Texas Tech,Kansas State,27,30,False,PRIMARY_REGULAR_PROVISIONAL,v0.22_population_ledger
2019,401112517,2019-11-24T00:00:00.000Z,FIU,Miami (FL),30,24,False,PRIMARY_REGULAR_PROVISIONAL,v0.22_population_ledger
2019,401117907,2019-11-24T00:00:00.000Z,Cincinnati,Temple,15,13,False,PRIMARY_REGULAR_PROVISIONAL,v0.22_population_ledger
2019,401110861,2019-11-24T00:30:00.000Z,Missouri,Tennessee,20,24,False,PRIMARY_REGULAR_PROVISIONAL,v0.22_population_ledger
2019,401112515,2019-11-24T00:30:00.000Z,Wake Forest,Duke,39,27,False,PRIMARY_REGULAR_PROVISIONAL,v0.22_population_ledger
2019,401114162,2019-11-24T00:30:00.000Z,Arizona State,Oregon,31,28,False,PRIMARY_REGULAR_PROVISIONAL,v0.22_population_ledger
2019,401117910,2019-11-24T00:30:00.000Z,Tulsa,Houston,14,24,False,PRIMARY_REGULAR_PROVISIONAL,v0.22_population_ledger
2019,401112120,2019-11-24T01:00:00.000Z,Oklahoma,TCU,28,24,False,PRIMARY_REGULAR_PROVISIONAL,v0.22_population_ledger
2019,401114206,2019-11-24T02:00:00.000Z,Washington State,Oregon State,54,53,False,PRIMARY_REGULAR_PROVISIONAL,v0.22_population_ledger
2019,401114173,2019-11-24T03:00:00.000Z,Arizona,Utah,7,35,False,PRIMARY_REGULAR_PROVISIONAL,v0.22_population_ledger
2019,401114191,2019-11-24T03:00:00.000Z,Colorado,Washington,20,14,False,PRIMARY_REGULAR_PROVISIONAL,v0.22_population_ledger
2019,401117549,2019-11-24T03:30:00.000Z,Utah State,Boise State,21,56,False,PRIMARY_REGULAR_PROVISIONAL,v0.22_population_ledger
2019,401117551,2019-11-24T03:30:00.000Z,Fresno State,Nevada,28,35,False,PRIMARY_REGULAR_PROVISIONAL,v0.22_population_ledger
2019,401117552,2019-11-24T04:00:00.000Z,Hawaii,San Diego State,14,11,False,PRIMARY_REGULAR_PROVISIONAL,v0.22_population_ledger
2019,401119310,2019-11-26T23:00:00.000Z,Akron,Ohio,3,52,False,PRIMARY_REGULAR_PROVISIONAL,v0.22_population_ledger
2019,401119311,2019-11-27T00:00:00.000Z,Northern Illinois,Western Michigan,17,14,False,PRIMARY_REGULAR_PROVISIONAL,v0.22_population_ledger
2019,401110863,2019-11-29T00:30:00.000Z,Mississippi State,Ole Miss,21,20,False,PRIMARY_REGULAR_PROVISIONAL,v0.22_population_ledger
2019,401112138,2019-11-29T17:00:00.000Z,Texas,Texas Tech,49,24,False,PRIMARY_REGULAR_PROVISIONAL,v0.22_population_ledger
2019,401112521,2019-11-29T17:00:00.000Z,Virginia,Virginia Tech,39,30,False,PRIMARY_REGULAR_PROVISIONAL,v0.22_population_ledger
2019,401119312,2019-11-29T17:00:00.000Z,Buffalo,Bowling Green,49,7,False,PRIMARY_REGULAR_PROVISIONAL,v0.22_population_ledger
2019,401119313,2019-11-29T17:00:00.000Z,Eastern Michigan,Kent State,26,34,False,PRIMARY_REGULAR_PROVISIONAL,v0.22_population_ledger
2019,401119314,2019-11-29T17:00:00.000Z,Ball State,Miami (OH),41,27,False,PRIMARY_REGULAR_PROVISIONAL,v0.22_population_ledger
2019,401119315,2019-11-29T17:00:00.000Z,Central Michigan,Toledo,49,7,False,PRIMARY_REGULAR_PROVISIONAL,v0.22_population_ledger
2019,401110864,2019-11-29T19:30:00.000Z,Arkansas,Missouri,14,24,False,PRIMARY_REGULAR_PROVISIONAL,v0.22_population_ledger
2019,401112200,2019-11-29T19:30:00.000Z,Nebraska,Iowa,24,27,False,PRIMARY_REGULAR_PROVISIONAL,v0.22_population_ledger
2019,401117554,2019-11-29T20:30:00.000Z,Colorado State,Boise State,24,31,False,PRIMARY_REGULAR_PROVISIONAL,v0.22_population_ledger
2019,401117913,2019-11-29T20:30:00.000Z,Memphis,Cincinnati,34,24,False,PRIMARY_REGULAR_PROVISIONAL,v0.22_population_ledger
2019,401114232,2019-11-29T21:00:00.000Z,Washington,Washington State,31,13,False,PRIMARY_REGULAR_PROVISIONAL,v0.22_population_ledger
2019,401112134,2019-11-29T21:15:00.000Z,TCU,West Virginia,17,20,False,PRIMARY_REGULAR_PROVISIONAL,v0.22_population_ledger
2019,401121979,2019-11-29T22:00:00.000Z,South Alabama,Arkansas State,34,30,False,PRIMARY_REGULAR_PROVISIONAL,v0.22_population_ledger
2019,401121978,2019-11-29T23:00:00.000Z,Troy,Appalachian State,13,48,False,PRIMARY_REGULAR_PROVISIONAL,v0.22_population_ledger
2019,401117912,2019-11-30T01:00:00.000Z,UCF,South Florida,34,7,False,PRIMARY_REGULAR_PROVISIONAL,v0.22_population_ledger
2019,401110867,2019-11-30T17:00:00.000Z,Georgia Tech,Georgia,7,52,False,PRIMARY_REGULAR_PROVISIONAL,v0.22_population_ledger
2019,401110868,2019-11-30T17:00:00.000Z,Kentucky,Louisville,45,13,False,PRIMARY_REGULAR_PROVISIONAL,v0.22_population_ledger
2019,401110870,2019-11-30T17:00:00.000Z,South Carolina,Clemson,3,38,False,PRIMARY_REGULAR_PROVISIONAL,v0.22_population_ledger
2019,401112156,2019-11-30T17:00:00.000Z,Illinois,Northwestern,10,29,False,PRIMARY_REGULAR_PROVISIONAL,v0.22_population_ledger
2019,401112168,2019-11-30T17:00:00.000Z,Purdue,Indiana,41,44,False,PRIMARY_REGULAR_PROVISIONAL,v0.22_population_ledger
2019,401112228,2019-11-30T17:00:00.000Z,Michigan,Ohio State,27,56,False,PRIMARY_REGULAR_PROVISIONAL,v0.22_population_ledger
2019,401114321,2019-11-30T17:00:00.000Z,Marshall,FIU,30,27,False,PRIMARY_REGULAR_PROVISIONAL,v0.22_population_ledger
2019,401117915,2019-11-30T17:00:00.000Z,East Carolina,Tulsa,24,49,False,PRIMARY_REGULAR_PROVISIONAL,v0.22_population_ledger
2019,401121980,2019-11-30T17:00:00.000Z,Coastal Carolina,Texas State,24,21,False,PRIMARY_REGULAR_PROVISIONAL,v0.22_population_ledger
2019,401112525,2019-11-30T17:30:00.000Z,Syracuse,Wake Forest,39,30,False,PRIMARY_REGULAR_PROVISIONAL,v0.22_population_ledger
2019,401114320,2019-11-30T19:00:00.000Z,Old Dominion,Charlotte,22,38,False,PRIMARY_REGULAR_PROVISIONAL,v0.22_population_ledger
2019,401114324,2019-11-30T19:00:00.000Z,Western Kentucky,Middle Tennessee,31,26,False,PRIMARY_REGULAR_PROVISIONAL,v0.22_population_ledger
2019,401114346,2019-11-30T19:00:00.000Z,Liberty,New Mexico State,49,28,False,PRIMARY_REGULAR_PROVISIONAL,v0.22_population_ledger
2019,401117556,2019-11-30T19:00:00.000Z,Air Force,Wyoming,20,6,False,PRIMARY_REGULAR_PROVISIONAL,v0.22_population_ledger
2019,401114326,2019-11-30T20:00:00.000Z,UTEP,Rice,16,30,False,PRIMARY_REGULAR_PROVISIONAL,v0.22_population_ledger
2019,401117558,2019-11-30T20:00:00.000Z,Nevada,UNLV,30,33,False,PRIMARY_REGULAR_PROVISIONAL,v0.22_population_ledger
2019,401110865,2019-11-30T20:30:00.000Z,Auburn,Alabama,48,45,False,PRIMARY_REGULAR_PROVISIONAL,v0.22_population_ledger
2019,401112084,2019-11-30T20:30:00.000Z,Kansas,Baylor,6,61,False,PRIMARY_REGULAR_PROVISIONAL,v0.22_population_ledger
2019,401112221,2019-11-30T20:30:00.000Z,Michigan State,Maryland,19,16,False,PRIMARY_REGULAR_PROVISIONAL,v0.22_population_ledger
2019,401112237,2019-11-30T20:30:00.000Z,Minnesota,Wisconsin,17,38,False,PRIMARY_REGULAR_PROVISIONAL,v0.22_population_ledger
2019,401112261,2019-11-30T20:30:00.000Z,Penn State,Rutgers,27,6,False,PRIMARY_REGULAR_PROVISIONAL,v0.22_population_ledger
2019,401112522,2019-11-30T20:30:00.000Z,Pittsburgh,Boston College,19,26,False,PRIMARY_REGULAR_PROVISIONAL,v0.22_population_ledger
2019,401112523,2019-11-30T20:30:00.000Z,Duke,Miami (FL),27,17,False,PRIMARY_REGULAR_PROVISIONAL,v0.22_population_ledger
2019,401114322,2019-11-30T20:30:00.000Z,Florida Atlantic,Southern Miss,34,17,False,PRIMARY_REGULAR_PROVISIONAL,v0.22_population_ledger
2019,401114323,2019-11-30T20:30:00.000Z,Louisiana Tech,UTSA,41,27,False,PRIMARY_REGULAR_PROVISIONAL,v0.22_population_ledger
2019,401117914,2019-11-30T20:30:00.000Z,Temple,UConn,49,17,False,PRIMARY_REGULAR_PROVISIONAL,v0.22_population_ledger
2019,401110871,2019-11-30T21:00:00.000Z,Tennessee,Vanderbilt,28,10,False,PRIMARY_REGULAR_PROVISIONAL,v0.22_population_ledger
2019,401114199,2019-11-30T21:00:00.000Z,Oregon,Oregon State,24,10,False,PRIMARY_REGULAR_PROVISIONAL,v0.22_population_ledger
2019,401114212,2019-11-30T21:00:00.000Z,Stanford,Notre Dame,24,45,False,PRIMARY_REGULAR_PROVISIONAL,v0.22_population_ledger
2019,401114325,2019-11-30T21:00:00.000Z,North Texas,UAB,21,26,False,PRIMARY_REGULAR_PROVISIONAL,v0.22_population_ledger
2019,401117555,2019-11-30T21:00:00.000Z,New Mexico,Utah State,25,38,False,PRIMARY_REGULAR_PROVISIONAL,v0.22_population_ledger
2019,401117917,2019-11-30T21:00:00.000Z,SMU,Tulane,37,20,False,PRIMARY_REGULAR_PROVISIONAL,v0.22_population_ledger
2019,401121981,2019-11-30T23:00:00.000Z,Georgia Southern,Georgia State,38,10,False,PRIMARY_REGULAR_PROVISIONAL,v0.22_population_ledger
2019,401110869,2019-12-01T00:00:00.000Z,LSU,Texas A&M,50,7,False,PRIMARY_REGULAR_PROVISIONAL,v0.22_population_ledger
2019,401112095,2019-12-01T00:00:00.000Z,Kansas State,Iowa State,27,17,False,PRIMARY_REGULAR_PROVISIONAL,v0.22_population_ledger
2019,401112524,2019-12-01T00:00:00.000Z,NC State,North Carolina,10,41,False,PRIMARY_REGULAR_PROVISIONAL,v0.22_population_ledger
2019,401117916,2019-12-01T00:00:00.000Z,Houston,Navy,41,56,False,PRIMARY_REGULAR_PROVISIONAL,v0.22_population_ledger
2019,401110866,2019-12-01T00:30:00.000Z,Florida,Florida State,40,17,False,PRIMARY_REGULAR_PROVISIONAL,v0.22_population_ledger
2019,401114192,2019-12-01T00:30:00.000Z,Utah,Colorado,45,15,False,PRIMARY_REGULAR_PROVISIONAL,v0.22_population_ledger
2019,401121982,2019-12-01T00:30:00.000Z,Louisiana,UL Monroe,31,30,False,PRIMARY_REGULAR_PROVISIONAL,v0.22_population_ledger
2019,401112121,2019-12-01T01:00:00.000Z,Oklahoma State,Oklahoma,16,34,False,PRIMARY_REGULAR_PROVISIONAL,v0.22_population_ledger
2019,401117218,2019-12-01T02:00:00.000Z,San Diego State,BYU,13,3,False,PRIMARY_REGULAR_PROVISIONAL,v0.22_population_ledger
2019,401114163,2019-12-01T03:00:00.000Z,Arizona State,Arizona,24,14,False,PRIMARY_REGULAR_PROVISIONAL,v0.22_population_ledger
2019,401114183,2019-12-01T03:30:00.000Z,UCLA,California,18,28,False,PRIMARY_REGULAR_PROVISIONAL,v0.22_population_ledger
2019,401117557,2019-12-01T03:30:00.000Z,San Jose State,Fresno State,17,16,False,PRIMARY_REGULAR_PROVISIONAL,v0.22_population_ledger
2019,401114334,2019-12-01T04:59:00.000Z,Hawaii,Army,52,31,False,PRIMARY_REGULAR_PROVISIONAL,v0.22_population_ledger
2019,401132973,2019-12-07T01:00:00.000Z,Oregon,Utah,37,15,True,PRIMARY_REGULAR_PROVISIONAL,v0.22_population_ledger
2019,401132974,2019-12-07T17:00:00.000Z,Oklahoma,Baylor,30,23,True,PRIMARY_REGULAR_PROVISIONAL,v0.22_population_ledger
2019,401132982,2019-12-07T17:00:00.000Z,Central Michigan,Miami (OH),21,26,True,PRIMARY_REGULAR_PROVISIONAL,v0.22_population_ledger
2019,401132984,2019-12-07T17:00:00.000Z,Appalachian State,Louisiana,45,38,False,PRIMARY_REGULAR_PROVISIONAL,v0.22_population_ledger
2019,401132980,2019-12-07T18:30:00.000Z,Florida Atlantic,UAB,49,6,False,PRIMARY_REGULAR_PROVISIONAL,v0.22_population_ledger
2019,401132976,2019-12-07T20:30:00.000Z,Memphis,Cincinnati,29,24,False,PRIMARY_REGULAR_PROVISIONAL,v0.22_population_ledger
2019,401132979,2019-12-07T21:00:00.000Z,Boise State,Hawaii,31,10,False,PRIMARY_REGULAR_PROVISIONAL,v0.22_population_ledger
2019,401132981,2019-12-07T21:00:00.000Z,LSU,Georgia,37,10,True,PRIMARY_REGULAR_PROVISIONAL,v0.22_population_ledger
2019,401132975,2019-12-08T00:30:00.000Z,Clemson,Virginia,62,17,True,PRIMARY_REGULAR_PROVISIONAL,v0.22_population_ledger
2019,401132983,2019-12-08T01:00:00.000Z,Wisconsin,Ohio State,21,34,True,PRIMARY_REGULAR_PROVISIONAL,v0.22_population_ledger
2019,401114335,2019-12-14T20:00:00.000Z,Navy,Army,31,7,True,PRIMARY_REGULAR_PROVISIONAL,v0.22_population_ledger
2020,401207101,2020-09-04T01:00:00.000Z,Southern Miss,South Alabama,21,32,False,PRIMARY_REGULAR_PROVISIONAL,v0.22_population_ledger
2020,401235700,2020-09-05T17:30:00.000Z,Army,Middle Tennessee,42,0,False,PRIMARY_REGULAR_PROVISIONAL,v0.22_population_ledger
2020,401212484,2020-09-05T20:30:00.000Z,Texas State,SMU,24,31,False,PRIMARY_REGULAR_PROVISIONAL,v0.22_population_ledger
2020,401212553,2020-09-06T00:00:00.000Z,Memphis,Arkansas State,37,24,False,PRIMARY_REGULAR_PROVISIONAL,v0.22_population_ledger
2020,401234576,2020-09-08T00:00:00.000Z,Navy,BYU,3,55,False,PRIMARY_REGULAR_PROVISIONAL,v0.22_population_ledger
2020,401234559,2020-09-11T00:00:00.000Z,Miami (FL),UAB,31,14,False,PRIMARY_REGULAR_PROVISIONAL,v0.22_population_ledger
2020,401234565,2020-09-12T16:00:00.000Z,North Carolina,Syracuse,31,6,False,PRIMARY_REGULAR_PROVISIONAL,v0.22_population_ledger
2020,401236053,2020-09-12T16:00:00.000Z,Kansas State,Arkansas State,31,35,False,PRIMARY_REGULAR_PROVISIONAL,v0.22_population_ledger
2020,401236081,2020-09-12T16:00:00.000Z,Appalachian State,Charlotte,35,20,False,PRIMARY_REGULAR_PROVISIONAL,v0.22_population_ledger
2020,401236221,2020-09-12T16:00:00.000Z,Iowa State,Louisiana,14,31,False,PRIMARY_REGULAR_PROVISIONAL,v0.22_population_ledger
2020,401240113,2020-09-12T17:30:00.000Z,Army,UL Monroe,37,7,False,PRIMARY_REGULAR_PROVISIONAL,v0.22_population_ledger
2020,401234574,2020-09-12T18:30:00.000Z,Notre Dame,Duke,27,13,False,PRIMARY_REGULAR_PROVISIONAL,v0.22_population_ledger
2020,401207113,2020-09-12T19:30:00.000Z,Texas State,UTSA,48,51,False,PRIMARY_REGULAR_PROVISIONAL,v0.22_population_ledger
2020,401234563,2020-09-12T20:00:00.000Z,Florida State,Georgia Tech,13,16,False,PRIMARY_REGULAR_PROVISIONAL,v0.22_population_ledger
2020,401234562,2020-09-12T23:30:00.000Z,Wake Forest,Clemson,13,37,False,PRIMARY_REGULAR_PROVISIONAL,v0.22_population_ledger
2020,401239973,2020-09-12T23:30:00.000Z,South Alabama,Tulane,24,27,False,PRIMARY_REGULAR_PROVISIONAL,v0.22_population_ledger
2020,401234564,2020-09-13T00:00:00.000Z,Louisville,Western Kentucky,35,21,False,PRIMARY_REGULAR_PROVISIONAL,v0.22_population_ledger
2020,401236222,2020-09-13T00:00:00.000Z,Texas,UTEP,59,3,False,PRIMARY_REGULAR_PROVISIONAL,v0.22_population_ledger
2020,401236658,2020-09-13T02:00:00.000Z,Kansas,Coastal Carolina,23,38,False,PRIMARY_REGULAR_PROVISIONAL,v0.22_population_ledger
2020,401207124,2020-09-19T16:00:00.000Z,Western Kentucky,Liberty,24,30,False,PRIMARY_REGULAR_PROVISIONAL,v0.22_population_ledger
2020,401212522,2020-09-19T16:00:00.000Z,Tulane,Navy,24,27,False,PRIMARY_REGULAR_PROVISIONAL,v0.22_population_ledger
2020,401215301,2020-09-19T16:00:00.000Z,Georgia State,Louisiana,31,34,False,PRIMARY_REGULAR_PROVISIONAL,v0.22_population_ledger
2020,401234567,2020-09-19T16:00:00.000Z,Duke,Boston College,6,26,False,PRIMARY_REGULAR_PROVISIONAL,v0.22_population_ledger
2020,401234571,2020-09-19T16:00:00.000Z,Pittsburgh,Syracuse,21,10,False,PRIMARY_REGULAR_PROVISIONAL,v0.22_population_ledger
2020,401236041,2020-09-19T16:00:00.000Z,Oklahoma State,Tulsa,16,7,False,PRIMARY_REGULAR_PROVISIONAL,v0.22_population_ledger
2020,401241282,2020-09-19T18:30:00.000Z,Notre Dame,South Florida,52,0,False,PRIMARY_REGULAR_PROVISIONAL,v0.22_population_ledger
2020,401234568,2020-09-19T19:30:00.000Z,Georgia Tech,UCF,21,49,False,PRIMARY_REGULAR_PROVISIONAL,v0.22_population_ledger
2020,401236939,2020-09-19T19:30:00.000Z,Marshall,Appalachian State,17,7,False,PRIMARY_REGULAR_PROVISIONAL,v0.22_population_ledger
2020,401240640,2020-09-19T19:30:00.000Z,Middle Tennessee,Troy,14,47,False,PRIMARY_REGULAR_PROVISIONAL,v0.22_population_ledger
2020,401207120,2020-09-19T22:00:00.000Z,North Texas,SMU,35,65,False,PRIMARY_REGULAR_PROVISIONAL,v0.22_population_ledger
2020,401207106,2020-09-19T23:30:00.000Z,Southern Miss,Louisiana Tech,30,31,False,PRIMARY_REGULAR_PROVISIONAL,v0.22_population_ledger
2020,401215302,2020-09-19T23:30:00.000Z,UL Monroe,Texas State,17,38,False,PRIMARY_REGULAR_PROVISIONAL,v0.22_population_ledger
2020,401234569,2020-09-19T23:30:00.000Z,Louisville,Miami (FL),34,47,False,PRIMARY_REGULAR_PROVISIONAL,v0.22_population_ledger
2020,401234570,2020-09-20T00:00:00.000Z,NC State,Wake Forest,45,42,False,PRIMARY_REGULAR_PROVISIONAL,v0.22_population_ledger
2020,401207132,2020-09-24T23:30:00.000Z,South Alabama,UAB,10,42,False,PRIMARY_REGULAR_PROVISIONAL,v0.22_population_ledger
2020,401207134,2020-09-26T00:00:00.000Z,UTSA,Middle Tennessee,37,35,False,PRIMARY_REGULAR_PROVISIONAL,v0.22_population_ledger
2020,401212536,2020-09-26T16:00:00.000Z,East Carolina,UCF,28,51,False,PRIMARY_REGULAR_PROVISIONAL,v0.22_population_ledger
2020,401215303,2020-09-26T16:00:00.000Z,Louisiana,Georgia Southern,20,18,False,PRIMARY_REGULAR_PROVISIONAL,v0.22_population_ledger
2020,401234594,2020-09-26T16:00:00.000Z,Syracuse,Georgia Tech,37,20,False,PRIMARY_REGULAR_PROVISIONAL,v0.22_population_ledger
2020,401234595,2020-09-26T16:00:00.000Z,Pittsburgh,Louisville,23,20,False,PRIMARY_REGULAR_PROVISIONAL,v0.22_population_ledger
2020,401235996,2020-09-26T16:00:00.000Z,Oklahoma,Kansas State,35,38,False,PRIMARY_REGULAR_PROVISIONAL,v0.22_population_ledger
2020,401236952,2020-09-26T16:00:00.000Z,Ole Miss,Florida,35,51,False,PRIMARY_REGULAR_PROVISIONAL,v0.22_population_ledger
2020,401237034,2020-09-26T16:00:00.000Z,Auburn,Kentucky,29,13,False,PRIMARY_REGULAR_PROVISIONAL,v0.22_population_ledger
2020,401207126,2020-09-26T17:00:00.000Z,Liberty,FIU,36,34,False,PRIMARY_REGULAR_PROVISIONAL,v0.22_population_ledger
2020,401235994,2020-09-26T17:30:00.000Z,TCU,Iowa State,34,37,False,PRIMARY_REGULAR_PROVISIONAL,v0.22_population_ledger
2020,401235995,2020-09-26T19:30:00.000Z,Texas Tech,Texas,56,63,False,PRIMARY_REGULAR_PROVISIONAL,v0.22_population_ledger
2020,401235997,2020-09-26T19:30:00.000Z,Oklahoma State,West Virginia,27,13,False,PRIMARY_REGULAR_PROVISIONAL,v0.22_population_ledger
2020,401237035,2020-09-26T19:30:00.000Z,LSU,Mississippi State,34,44,False,PRIMARY_REGULAR_PROVISIONAL,v0.22_population_ledger
2020,401240194,2020-09-26T19:30:00.000Z,UL Monroe,UTEP,6,31,False,PRIMARY_REGULAR_PROVISIONAL,v0.22_population_ledger
2020,401240996,2020-09-26T19:30:00.000Z,Cincinnati,Army,24,10,False,PRIMARY_REGULAR_PROVISIONAL,v0.22_population_ledger
2020,401234638,2020-09-26T20:00:00.000Z,Virginia,Duke,38,20,False,PRIMARY_REGULAR_PROVISIONAL,v0.22_population_ledger
2020,401237033,2020-09-26T20:00:00.000Z,Arkansas,Georgia,10,37,False,PRIMARY_REGULAR_PROVISIONAL,v0.22_population_ledger
2020,401241303,2020-09-26T22:00:00.000Z,Boston College,Texas State,24,21,False,PRIMARY_REGULAR_PROVISIONAL,v0.22_population_ledger
2020,401234734,2020-09-26T23:00:00.000Z,Southern Miss,Tulane,24,66,False,PRIMARY_REGULAR_PROVISIONAL,v0.22_population_ledger
2020,401236951,2020-09-26T23:00:00.000Z,Missouri,Alabama,19,38,False,PRIMARY_REGULAR_PROVISIONAL,v0.22_population_ledger
2020,401234593,2020-09-26T23:30:00.000Z,Miami (FL),Florida State,52,10,False,PRIMARY_REGULAR_PROVISIONAL,v0.22_population_ledger
2020,401235993,2020-09-26T23:30:00.000Z,Baylor,Kansas,47,14,False,PRIMARY_REGULAR_PROVISIONAL,v0.22_population_ledger
2020,401237036,2020-09-26T23:30:00.000Z,South Carolina,Tennessee,27,31,False,PRIMARY_REGULAR_PROVISIONAL,v0.22_population_ledger
2020,401237037,2020-09-26T23:30:00.000Z,Texas A&M,Vanderbilt,17,12,False,PRIMARY_REGULAR_PROVISIONAL,v0.22_population_ledger
2020,401234566,2020-09-27T00:00:00.000Z,Virginia Tech,NC State,45,24,False,PRIMARY_REGULAR_PROVISIONAL,v0.22_population_ledger
2020,401236223,2020-09-27T02:15:00.000Z,BYU,Troy,48,7,False,PRIMARY_REGULAR_PROVISIONAL,v0.22_population_ledger
2020,401246275,2020-10-03T01:00:00.000Z,BYU,Louisiana Tech,45,14,False,PRIMARY_REGULAR_PROVISIONAL,v0.22_population_ledger
2020,401212547,2020-10-03T16:00:00.000Z,Georgia State,East Carolina,49,29,False,PRIMARY_REGULAR_PROVISIONAL,v0.22_population_ledger
2020,401215304,2020-10-03T16:00:00.000Z,Coastal Carolina,Arkansas State,52,23,False,PRIMARY_REGULAR_PROVISIONAL,v0.22_population_ledger
2020,401234600,2020-10-03T16:00:00.000Z,Pittsburgh,NC State,29,30,False,PRIMARY_REGULAR_PROVISIONAL,v0.22_population_ledger
2020,401235998,2020-10-03T16:00:00.000Z,West Virginia,Baylor,27,21,False,PRIMARY_REGULAR_PROVISIONAL,v0.22_population_ledger
2020,401236002,2020-10-03T16:00:00.000Z,Texas,TCU,31,33,False,PRIMARY_REGULAR_PROVISIONAL,v0.22_population_ledger
2020,401237096,2020-10-03T16:00:00.000Z,Florida,South Carolina,38,24,False,PRIMARY_REGULAR_PROVISIONAL,v0.22_population_ledger
2020,401237099,2020-10-03T16:00:00.000Z,Tennessee,Missouri,35,12,False,PRIMARY_REGULAR_PROVISIONAL,v0.22_population_ledger
2020,401207141,2020-10-03T16:30:00.000Z,UAB,UTSA,21,13,False,PRIMARY_REGULAR_PROVISIONAL,v0.22_population_ledger
2020,401212476,2020-10-03T19:30:00.000Z,Cincinnati,South Florida,28,7,False,PRIMARY_REGULAR_PROVISIONAL,v0.22_population_ledger
2020,401212486,2020-10-03T19:30:00.000Z,SMU,Memphis,30,27,False,PRIMARY_REGULAR_PROVISIONAL,v0.22_population_ledger
2020,401234597,2020-10-03T19:30:00.000Z,Boston College,North Carolina,22,26,False,PRIMARY_REGULAR_PROVISIONAL,v0.22_population_ledger
2020,401236000,2020-10-03T19:30:00.000Z,Kansas,Oklahoma State,7,47,False,PRIMARY_REGULAR_PROVISIONAL,v0.22_population_ledger
2020,401236001,2020-10-03T19:30:00.000Z,Kansas State,Texas Tech,31,21,False,PRIMARY_REGULAR_PROVISIONAL,v0.22_population_ledger
2020,401237093,2020-10-03T19:30:00.000Z,Alabama,Texas A&M,52,24,False,PRIMARY_REGULAR_PROVISIONAL,v0.22_population_ledger
2020,401207136,2020-10-03T20:00:00.000Z,Florida Atlantic,Charlotte,21,17,False,PRIMARY_REGULAR_PROVISIONAL,v0.22_population_ledger
2020,401234599,2020-10-03T20:00:00.000Z,Duke,Virginia Tech,31,38,False,PRIMARY_REGULAR_PROVISIONAL,v0.22_population_ledger
2020,401237097,2020-10-03T20:00:00.000Z,Kentucky,Ole Miss,41,42,False,PRIMARY_REGULAR_PROVISIONAL,v0.22_population_ledger
2020,401207138,2020-10-03T21:00:00.000Z,Middle Tennessee,Western Kentucky,17,20,False,PRIMARY_REGULAR_PROVISIONAL,v0.22_population_ledger
2020,401212557,2020-10-03T22:00:00.000Z,Air Force,Navy,40,7,False,PRIMARY_REGULAR_PROVISIONAL,v0.22_population_ledger
2020,401215305,2020-10-03T23:00:00.000Z,UL Monroe,Georgia Southern,30,35,False,PRIMARY_REGULAR_PROVISIONAL,v0.22_population_ledger
2020,401207139,2020-10-03T23:30:00.000Z,North Texas,Southern Miss,31,41,False,PRIMARY_REGULAR_PROVISIONAL,v0.22_population_ledger
2020,401212531,2020-10-03T23:30:00.000Z,UCF,Tulsa,26,34,False,PRIMARY_REGULAR_PROVISIONAL,v0.22_population_ledger
2020,401235999,2020-10-03T23:30:00.000Z,Iowa State,Oklahoma,37,30,False,PRIMARY_REGULAR_PROVISIONAL,v0.22_population_ledger
2020,401237094,2020-10-03T23:30:00.000Z,Mississippi State,Arkansas,14,21,False,PRIMARY_REGULAR_PROVISIONAL,v0.22_population_ledger
2020,401237095,2020-10-03T23:30:00.000Z,Georgia,Auburn,27,6,False,PRIMARY_REGULAR_PROVISIONAL,v0.22_population_ledger
2020,401237098,2020-10-03T23:30:00.000Z,Vanderbilt,LSU,7,41,False,PRIMARY_REGULAR_PROVISIONAL,v0.22_population_ledger
2020,401234598,2020-10-04T00:00:00.000Z,Clemson,Virginia,41,23,False,PRIMARY_REGULAR_PROVISIONAL,v0.22_population_ledger
2020,401212523,2020-10-08T23:30:00.000Z,Houston,Tulane,49,31,False,PRIMARY_REGULAR_PROVISIONAL,v0.22_population_ledger
2020,401234601,2020-10-09T23:00:00.000Z,Georgia Tech,Louisville,46,27,False,PRIMARY_REGULAR_PROVISIONAL,v0.22_population_ledger
2020,401207215,2020-10-10T16:00:00.000Z,Liberty,UL Monroe,40,7,False,PRIMARY_REGULAR_PROVISIONAL,v0.22_population_ledger
2020,401234607,2020-10-10T16:00:00.000Z,North Carolina,Virginia Tech,56,45,False,PRIMARY_REGULAR_PROVISIONAL,v0.22_population_ledger
2020,401234608,2020-10-10T16:00:00.000Z,Virginia,NC State,21,38,False,PRIMARY_REGULAR_PROVISIONAL,v0.22_population_ledger
2020,401236005,2020-10-10T16:00:00.000Z,Oklahoma,Texas,53,45,True,PRIMARY_REGULAR_PROVISIONAL,v0.22_population_ledger
2020,401237102,2020-10-10T16:00:00.000Z,Texas A&M,Florida,41,38,False,PRIMARY_REGULAR_PROVISIONAL,v0.22_population_ledger
2020,401237105,2020-10-10T16:00:00.000Z,LSU,Missouri,41,45,False,PRIMARY_REGULAR_PROVISIONAL,v0.22_population_ledger
2020,401237106,2020-10-10T16:00:00.000Z,Vanderbilt,South Carolina,7,41,False,PRIMARY_REGULAR_PROVISIONAL,v0.22_population_ledger
2020,401234605,2020-10-10T16:30:00.000Z,Syracuse,Duke,24,38,False,PRIMARY_REGULAR_PROVISIONAL,v0.22_population_ledger
2020,401215308,2020-10-10T19:30:00.000Z,Troy,Texas State,37,17,False,PRIMARY_REGULAR_PROVISIONAL,v0.22_population_ledger
2020,401236003,2020-10-10T19:30:00.000Z,Iowa State,Texas Tech,31,15,False,PRIMARY_REGULAR_PROVISIONAL,v0.22_population_ledger
2020,401237103,2020-10-10T19:30:00.000Z,Georgia,Tennessee,44,21,False,PRIMARY_REGULAR_PROVISIONAL,v0.22_population_ledger
2020,401240997,2020-10-10T19:30:00.000Z,BYU,UTSA,27,20,False,PRIMARY_REGULAR_PROVISIONAL,v0.22_population_ledger
2020,401207143,2020-10-10T20:00:00.000Z,FIU,Middle Tennessee,28,31,False,PRIMARY_REGULAR_PROVISIONAL,v0.22_population_ledger
2020,401234603,2020-10-10T20:00:00.000Z,Boston College,Pittsburgh,31,30,False,PRIMARY_REGULAR_PROVISIONAL,v0.22_population_ledger
2020,401236004,2020-10-10T20:00:00.000Z,TCU,Kansas State,14,21,False,PRIMARY_REGULAR_PROVISIONAL,v0.22_population_ledger
2020,401237101,2020-10-10T20:00:00.000Z,Auburn,Arkansas,30,28,False,PRIMARY_REGULAR_PROVISIONAL,v0.22_population_ledger
2020,401212515,2020-10-10T22:00:00.000Z,Navy,Temple,31,29,False,PRIMARY_REGULAR_PROVISIONAL,v0.22_population_ledger
2020,401212477,2020-10-10T23:00:00.000Z,South Florida,East Carolina,24,44,False,PRIMARY_REGULAR_PROVISIONAL,v0.22_population_ledger
2020,401207145,2020-10-10T23:30:00.000Z,Louisiana Tech,UTEP,21,17,False,PRIMARY_REGULAR_PROVISIONAL,v0.22_population_ledger
2020,401207146,2020-10-10T23:30:00.000Z,Western Kentucky,Marshall,14,38,False,PRIMARY_REGULAR_PROVISIONAL,v0.22_population_ledger
2020,401234604,2020-10-10T23:30:00.000Z,Clemson,Miami (FL),42,17,False,PRIMARY_REGULAR_PROVISIONAL,v0.22_population_ledger
2020,401234606,2020-10-10T23:30:00.000Z,Notre Dame,Florida State,42,26,False,PRIMARY_REGULAR_PROVISIONAL,v0.22_population_ledger
2020,401237100,2020-10-10T23:30:00.000Z,Ole Miss,Alabama,48,63,False,PRIMARY_REGULAR_PROVISIONAL,v0.22_population_ledger
2020,401237104,2020-10-10T23:30:00.000Z,Kentucky,Mississippi State,24,2,False,PRIMARY_REGULAR_PROVISIONAL,v0.22_population_ledger
2020,401207142,2020-10-11T00:00:00.000Z,North Texas,Charlotte,21,49,False,PRIMARY_REGULAR_PROVISIONAL,v0.22_population_ledger
2020,401215311,2020-10-14T23:30:00.000Z,Louisiana,Coastal Carolina,27,30,False,PRIMARY_REGULAR_PROVISIONAL,v0.22_population_ledger
2020,401215310,2020-10-15T23:30:00.000Z,Arkansas State,Georgia State,59,52,False,PRIMARY_REGULAR_PROVISIONAL,v0.22_population_ledger
2020,401212487,2020-10-16T22:00:00.000Z,Tulane,SMU,34,37,False,PRIMARY_REGULAR_PROVISIONAL,v0.22_population_ledger
2020,401212551,2020-10-17T01:30:00.000Z,Houston,BYU,26,43,False,PRIMARY_REGULAR_PROVISIONAL,v0.22_population_ledger
2020,401212478,2020-10-17T16:00:00.000Z,Temple,South Florida,39,37,False,PRIMARY_REGULAR_PROVISIONAL,v0.22_population_ledger
2020,401212548,2020-10-17T16:00:00.000Z,East Carolina,Navy,23,27,False,PRIMARY_REGULAR_PROVISIONAL,v0.22_population_ledger
2020,401215313,2020-10-17T16:00:00.000Z,South Alabama,Texas State,30,20,False,PRIMARY_REGULAR_PROVISIONAL,v0.22_population_ledger
2020,401234610,2020-10-17T16:00:00.000Z,Georgia Tech,Clemson,7,73,False,PRIMARY_REGULAR_PROVISIONAL,v0.22_population_ledger
2020,401234614,2020-10-17T16:00:00.000Z,Miami (FL),Pittsburgh,31,19,False,PRIMARY_REGULAR_PROVISIONAL,v0.22_population_ledger
2020,401234615,2020-10-17T16:00:00.000Z,Syracuse,Liberty,21,38,False,PRIMARY_REGULAR_PROVISIONAL,v0.22_population_ledger
2020,401236007,2020-10-17T16:00:00.000Z,West Virginia,Kansas,38,17,False,PRIMARY_REGULAR_PROVISIONAL,v0.22_population_ledger
2020,401237109,2020-10-17T16:00:00.000Z,South Carolina,Auburn,30,22,False,PRIMARY_REGULAR_PROVISIONAL,v0.22_population_ledger
2020,401237111,2020-10-17T16:00:00.000Z,Tennessee,Kentucky,7,34,False,PRIMARY_REGULAR_PROVISIONAL,v0.22_population_ledger
2020,401207153,2020-10-17T17:30:00.000Z,UAB,Western Kentucky,37,14,False,PRIMARY_REGULAR_PROVISIONAL,v0.22_population_ledger
2020,401240115,2020-10-17T17:30:00.000Z,UTSA,Army,16,28,False,PRIMARY_REGULAR_PROVISIONAL,v0.22_population_ledger
2020,401234613,2020-10-17T18:30:00.000Z,Notre Dame,Louisville,12,7,False,PRIMARY_REGULAR_PROVISIONAL,v0.22_population_ledger
2020,401212537,2020-10-17T19:30:00.000Z,Memphis,UCF,50,49,False,PRIMARY_REGULAR_PROVISIONAL,v0.22_population_ledger
2020,401234611,2020-10-17T19:30:00.000Z,NC State,Duke,31,20,False,PRIMARY_REGULAR_PROVISIONAL,v0.22_population_ledger
2020,401237108,2020-10-17T19:30:00.000Z,Arkansas,Ole Miss,33,21,False,PRIMARY_REGULAR_PROVISIONAL,v0.22_population_ledger
2020,401234616,2020-10-17T20:00:00.000Z,Wake Forest,Virginia,40,23,False,PRIMARY_REGULAR_PROVISIONAL,v0.22_population_ledger
2020,401237112,2020-10-17T20:00:00.000Z,Mississippi State,Texas A&M,14,28,False,PRIMARY_REGULAR_PROVISIONAL,v0.22_population_ledger
2020,401250215,2020-10-17T20:00:00.000Z,Georgia Southern,UMass,41,0,False,PRIMARY_REGULAR_PROVISIONAL,v0.22_population_ledger
2020,401207150,2020-10-17T21:00:00.000Z,Middle Tennessee,North Texas,35,52,False,PRIMARY_REGULAR_PROVISIONAL,v0.22_population_ledger
2020,401207149,2020-10-17T22:00:00.000Z,Louisiana Tech,Marshall,17,35,False,PRIMARY_REGULAR_PROVISIONAL,v0.22_population_ledger
2020,401234612,2020-10-17T23:30:00.000Z,Florida State,North Carolina,31,28,False,PRIMARY_REGULAR_PROVISIONAL,v0.22_population_ledger
2020,401234609,2020-10-18T00:00:00.000Z,Virginia Tech,Boston College,40,14,False,PRIMARY_REGULAR_PROVISIONAL,v0.22_population_ledger
2020,401237107,2020-10-18T00:00:00.000Z,Alabama,Georgia,41,24,False,PRIMARY_REGULAR_PROVISIONAL,v0.22_population_ledger
2020,401240642,2020-10-22T23:30:00.000Z,Appalachian State,Arkansas State,45,17,False,PRIMARY_REGULAR_PROVISIONAL,v0.22_population_ledger
2020,401212479,2020-10-23T23:30:00.000Z,South Florida,Tulsa,13,42,False,PRIMARY_REGULAR_PROVISIONAL,v0.22_population_ledger
2020,401238036,2020-10-24T00:00:00.000Z,UAB,Louisiana,20,24,False,PRIMARY_REGULAR_PROVISIONAL,v0.22_population_ledger
2020,401247297,2020-10-24T00:00:00.000Z,Wisconsin,Illinois,45,7,False,PRIMARY_REGULAR_PROVISIONAL,v0.22_population_ledger
2020,401207154,2020-10-24T16:00:00.000Z,Charlotte,UTEP,38,28,False,PRIMARY_REGULAR_PROVISIONAL,v0.22_population_ledger
2020,401212516,2020-10-24T16:00:00.000Z,Memphis,Temple,41,29,False,PRIMARY_REGULAR_PROVISIONAL,v0.22_population_ledger
2020,401215316,2020-10-24T16:00:00.000Z,Coastal Carolina,Georgia Southern,28,14,False,PRIMARY_REGULAR_PROVISIONAL,v0.22_population_ledger
2020,401234618,2020-10-24T16:00:00.000Z,Clemson,Syracuse,47,21,False,PRIMARY_REGULAR_PROVISIONAL,v0.22_population_ledger
2020,401234619,2020-10-24T16:00:00.000Z,Louisville,Florida State,48,16,False,PRIMARY_REGULAR_PROVISIONAL,v0.22_population_ledger
2020,401234621,2020-10-24T16:00:00.000Z,North Carolina,NC State,48,21,False,PRIMARY_REGULAR_PROVISIONAL,v0.22_population_ledger
2020,401236010,2020-10-24T16:00:00.000Z,Kansas State,Kansas,55,14,False,PRIMARY_REGULAR_PROVISIONAL,v0.22_population_ledger
2020,401236011,2020-10-24T16:00:00.000Z,TCU,Oklahoma,14,33,False,PRIMARY_REGULAR_PROVISIONAL,v0.22_population_ledger
2020,401237115,2020-10-24T16:00:00.000Z,Ole Miss,Auburn,28,35,False,PRIMARY_REGULAR_PROVISIONAL,v0.22_population_ledger
2020,401247293,2020-10-24T16:00:00.000Z,Ohio State,Nebraska,52,17,False,PRIMARY_REGULAR_PROVISIONAL,v0.22_population_ledger
2020,401247299,2020-10-24T16:00:00.000Z,Michigan State,Rutgers,27,38,False,PRIMARY_REGULAR_PROVISIONAL,v0.22_population_ledger
2020,401207160,2020-10-24T17:00:00.000Z,Liberty,Southern Miss,56,35,False,PRIMARY_REGULAR_PROVISIONAL,v0.22_population_ledger
2020,401212524,2020-10-24T18:00:00.000Z,UCF,Tulane,51,34,False,PRIMARY_REGULAR_PROVISIONAL,v0.22_population_ledger
2020,401207156,2020-10-24T18:30:00.000Z,Marshall,Florida Atlantic,20,9,False,PRIMARY_REGULAR_PROVISIONAL,v0.22_population_ledger
2020,401207158,2020-10-24T19:30:00.000Z,Rice,Middle Tennessee,34,40,False,PRIMARY_REGULAR_PROVISIONAL,v0.22_population_ledger
2020,401212552,2020-10-24T19:30:00.000Z,Navy,Houston,21,37,False,PRIMARY_REGULAR_PROVISIONAL,v0.22_population_ledger
2020,401234623,2020-10-24T19:30:00.000Z,Wake Forest,Virginia Tech,23,16,False,PRIMARY_REGULAR_PROVISIONAL,v0.22_population_ledger
2020,401236008,2020-10-24T19:30:00.000Z,Texas,Baylor,27,16,False,PRIMARY_REGULAR_PROVISIONAL,v0.22_population_ledger
2020,401236009,2020-10-24T19:30:00.000Z,Oklahoma State,Iowa State,24,21,False,PRIMARY_REGULAR_PROVISIONAL,v0.22_population_ledger
2020,401237114,2020-10-24T19:30:00.000Z,Tennessee,Alabama,17,48,False,PRIMARY_REGULAR_PROVISIONAL,v0.22_population_ledger
2020,401247295,2020-10-24T19:30:00.000Z,Indiana,Penn State,36,35,False,PRIMARY_REGULAR_PROVISIONAL,v0.22_population_ledger
2020,401247296,2020-10-24T19:30:00.000Z,Purdue,Iowa,24,20,False,PRIMARY_REGULAR_PROVISIONAL,v0.22_population_ledger
2020,401234622,2020-10-24T19:41:00.000Z,Pittsburgh,Notre Dame,3,45,False,PRIMARY_REGULAR_PROVISIONAL,v0.22_population_ledger
2020,401215317,2020-10-24T20:00:00.000Z,Troy,Georgia State,34,36,False,PRIMARY_REGULAR_PROVISIONAL,v0.22_population_ledger
2020,401234617,2020-10-24T20:00:00.000Z,Boston College,Georgia Tech,48,27,False,PRIMARY_REGULAR_PROVISIONAL,v0.22_population_ledger
2020,401237122,2020-10-24T20:00:00.000Z,Missouri,Kentucky,20,10,False,PRIMARY_REGULAR_PROVISIONAL,v0.22_population_ledger
2020,401236012,2020-10-24T21:30:00.000Z,Texas Tech,West Virginia,34,27,False,PRIMARY_REGULAR_PROVISIONAL,v0.22_population_ledger
2020,401237118,2020-10-24T23:00:00.000Z,LSU,South Carolina,52,24,False,PRIMARY_REGULAR_PROVISIONAL,v0.22_population_ledger
2020,401248997,2020-10-24T23:00:00.000Z,Boise State,Utah State,42,13,False,PRIMARY_REGULAR_PROVISIONAL,v0.22_population_ledger
2020,401248998,2020-10-24T23:00:00.000Z,Nevada,Wyoming,37,34,False,PRIMARY_REGULAR_PROVISIONAL,v0.22_population_ledger
2020,401250784,2020-10-24T23:00:00.000Z,South Alabama,UL Monroe,38,14,False,PRIMARY_REGULAR_PROVISIONAL,v0.22_population_ledger
2020,401247294,2020-10-24T23:30:00.000Z,Minnesota,Michigan,24,49,False,PRIMARY_REGULAR_PROVISIONAL,v0.22_population_ledger
2020,401247298,2020-10-24T23:30:00.000Z,Northwestern,Maryland,43,3,False,PRIMARY_REGULAR_PROVISIONAL,v0.22_population_ledger
2020,401248994,2020-10-24T23:30:00.000Z,Fresno State,Hawaii,19,34,False,PRIMARY_REGULAR_PROVISIONAL,v0.22_population_ledger
2020,401207157,2020-10-25T00:00:00.000Z,UTSA,Louisiana Tech,27,26,False,PRIMARY_REGULAR_PROVISIONAL,v0.22_population_ledger
2020,401234620,2020-10-25T00:00:00.000Z,Miami (FL),Virginia,19,14,False,PRIMARY_REGULAR_PROVISIONAL,v0.22_population_ledger
2020,401212488,2020-10-25T01:00:00.000Z,SMU,Cincinnati,13,42,False,PRIMARY_REGULAR_PROVISIONAL,v0.22_population_ledger
2020,401240998,2020-10-25T02:15:00.000Z,BYU,Texas State,52,14,False,PRIMARY_REGULAR_PROVISIONAL,v0.22_population_ledger
2020,401248993,2020-10-25T02:30:00.000Z,San Jose State,Air Force,17,6,False,PRIMARY_REGULAR_PROVISIONAL,v0.22_population_ledger
2020,401248996,2020-10-25T02:30:00.000Z,San Diego State,UNLV,34,6,False,PRIMARY_REGULAR_PROVISIONAL,v0.22_population_ledger
2020,401215321,2020-10-29T23:30:00.000Z,Georgia Southern,South Alabama,24,17,False,PRIMARY_REGULAR_PROVISIONAL,v0.22_population_ledger
2020,401249000,2020-10-30T02:00:00.000Z,Fresno State,Colorado State,38,17,False,PRIMARY_REGULAR_PROVISIONAL,v0.22_population_ledger
2020,401247302,2020-10-30T23:30:00.000Z,Maryland,Minnesota,45,44,False,PRIMARY_REGULAR_PROVISIONAL,v0.22_population_ledger
2020,401212533,2020-10-31T01:00:00.000Z,Tulsa,East Carolina,34,30,False,PRIMARY_REGULAR_PROVISIONAL,v0.22_population_ledger
2020,401249001,2020-10-31T01:45:00.000Z,Wyoming,Hawaii,31,7,False,PRIMARY_REGULAR_PROVISIONAL,v0.22_population_ledger
2020,401207162,2020-10-31T16:00:00.000Z,Florida Atlantic,UTSA,24,3,False,PRIMARY_REGULAR_PROVISIONAL,v0.22_population_ledger
2020,401212517,2020-10-31T16:00:00.000Z,Tulane,Temple,38,3,False,PRIMARY_REGULAR_PROVISIONAL,v0.22_population_ledger
2020,401212543,2020-10-31T16:00:00.000Z,Cincinnati,Memphis,49,10,False,PRIMARY_REGULAR_PROVISIONAL,v0.22_population_ledger
2020,401215318,2020-10-31T16:00:00.000Z,Georgia State,Coastal Carolina,0,51,False,PRIMARY_REGULAR_PROVISIONAL,v0.22_population_ledger
2020,401234624,2020-10-31T16:00:00.000Z,Clemson,Boston College,34,28,False,PRIMARY_REGULAR_PROVISIONAL,v0.22_population_ledger
2020,401234629,2020-10-31T16:00:00.000Z,Syracuse,Wake Forest,14,38,False,PRIMARY_REGULAR_PROVISIONAL,v0.22_population_ledger
2020,401236014,2020-10-31T16:00:00.000Z,Kansas,Iowa State,22,52,False,PRIMARY_REGULAR_PROVISIONAL,v0.22_population_ledger
2020,401236015,2020-10-31T16:00:00.000Z,West Virginia,Kansas State,37,10,False,PRIMARY_REGULAR_PROVISIONAL,v0.22_population_ledger
2020,401237117,2020-10-31T16:00:00.000Z,Kentucky,Georgia,3,14,False,PRIMARY_REGULAR_PROVISIONAL,v0.22_population_ledger
2020,401247301,2020-10-31T16:00:00.000Z,Illinois,Purdue,24,31,False,PRIMARY_REGULAR_PROVISIONAL,v0.22_population_ledger
2020,401247305,2020-10-31T16:00:00.000Z,Michigan,Michigan State,24,27,False,PRIMARY_REGULAR_PROVISIONAL,v0.22_population_ledger
2020,401212538,2020-10-31T18:00:00.000Z,Houston,UCF,21,44,False,PRIMARY_REGULAR_PROVISIONAL,v0.22_population_ledger
2020,401207166,2020-10-31T19:00:00.000Z,Southern Miss,Rice,6,30,False,PRIMARY_REGULAR_PROVISIONAL,v0.22_population_ledger
2020,401215320,2020-10-31T19:00:00.000Z,Arkansas State,Troy,10,38,False,PRIMARY_REGULAR_PROVISIONAL,v0.22_population_ledger
2020,401207163,2020-10-31T19:30:00.000Z,Louisiana Tech,UAB,37,34,False,PRIMARY_REGULAR_PROVISIONAL,v0.22_population_ledger
2020,401234626,2020-10-31T19:30:00.000Z,Georgia Tech,Notre Dame,13,31,False,PRIMARY_REGULAR_PROVISIONAL,v0.22_population_ledger
2020,401236013,2020-10-31T19:30:00.000Z,Baylor,TCU,23,33,False,PRIMARY_REGULAR_PROVISIONAL,v0.22_population_ledger
2020,401237121,2020-10-31T19:30:00.000Z,Auburn,LSU,48,11,False,PRIMARY_REGULAR_PROVISIONAL,v0.22_population_ledger
2020,401247300,2020-10-31T19:30:00.000Z,Rutgers,Indiana,21,37,False,PRIMARY_REGULAR_PROVISIONAL,v0.22_population_ledger
2020,401247303,2020-10-31T19:30:00.000Z,Iowa,Northwestern,20,21,False,PRIMARY_REGULAR_PROVISIONAL,v0.22_population_ledger
2020,401215319,2020-10-31T20:00:00.000Z,UL Monroe,Appalachian State,13,31,False,PRIMARY_REGULAR_PROVISIONAL,v0.22_population_ledger
2020,401234627,2020-10-31T20:00:00.000Z,Louisville,Virginia Tech,35,42,False,PRIMARY_REGULAR_PROVISIONAL,v0.22_population_ledger
2020,401236017,2020-10-31T20:00:00.000Z,Oklahoma State,Texas,34,41,False,PRIMARY_REGULAR_PROVISIONAL,v0.22_population_ledger
2020,401237123,2020-10-31T20:00:00.000Z,Vanderbilt,Ole Miss,21,54,False,PRIMARY_REGULAR_PROVISIONAL,v0.22_population_ledger
2020,401248999,2020-10-31T22:00:00.000Z,Air Force,Boise State,30,49,False,PRIMARY_REGULAR_PROVISIONAL,v0.22_population_ledger
2020,401234625,2020-10-31T23:00:00.000Z,Duke,Charlotte,53,19,False,PRIMARY_REGULAR_PROVISIONAL,v0.22_population_ledger
2020,401237119,2020-10-31T23:00:00.000Z,Alabama,Mississippi State,41,0,False,PRIMARY_REGULAR_PROVISIONAL,v0.22_population_ledger
2020,401249003,2020-10-31T23:00:00.000Z,New Mexico,San Jose State,21,38,False,PRIMARY_REGULAR_PROVISIONAL,v0.22_population_ledger
2020,401212489,2020-10-31T23:30:00.000Z,SMU,Navy,51,37,False,PRIMARY_REGULAR_PROVISIONAL,v0.22_population_ledger
2020,401237116,2020-10-31T23:30:00.000Z,Florida,Missouri,41,17,False,PRIMARY_REGULAR_PROVISIONAL,v0.22_population_ledger
2020,401237120,2020-10-31T23:30:00.000Z,Texas A&M,Arkansas,42,31,False,PRIMARY_REGULAR_PROVISIONAL,v0.22_population_ledger
2020,401247306,2020-10-31T23:30:00.000Z,Penn State,Ohio State,25,38,False,PRIMARY_REGULAR_PROVISIONAL,v0.22_population_ledger
2020,401215322,2020-11-01T00:00:00.000Z,Texas State,Louisiana,34,44,False,PRIMARY_REGULAR_PROVISIONAL,v0.22_population_ledger
2020,401234628,2020-11-01T00:00:00.000Z,Virginia,North Carolina,44,41,False,PRIMARY_REGULAR_PROVISIONAL,v0.22_population_ledger
2020,401236016,2020-11-01T00:00:00.000Z,Texas Tech,Oklahoma,28,62,False,PRIMARY_REGULAR_PROVISIONAL,v0.22_population_ledger
2020,401249004,2020-11-01T01:30:00.000Z,Utah State,San Diego State,7,38,False,PRIMARY_REGULAR_PROVISIONAL,v0.22_population_ledger
2020,401239887,2020-11-01T02:15:00.000Z,BYU,Western Kentucky,41,10,False,PRIMARY_REGULAR_PROVISIONAL,v0.22_population_ledger
2020,401249002,2020-11-01T02:30:00.000Z,UNLV,Nevada,19,37,False,PRIMARY_REGULAR_PROVISIONAL,v0.22_population_ledger
2020,401249856,2020-11-04T23:00:00.000Z,Kent State,Eastern Michigan,27,23,False,PRIMARY_REGULAR_PROVISIONAL,v0.22_population_ledger
2020,401249857,2020-11-04T23:00:00.000Z,Akron,Western Michigan,13,58,False,PRIMARY_REGULAR_PROVISIONAL,v0.22_population_ledger
2020,401249859,2020-11-05T00:00:00.000Z,Northern Illinois,Buffalo,30,49,False,PRIMARY_REGULAR_PROVISIONAL,v0.22_population_ledger
2020,401249860,2020-11-05T00:00:00.000Z,Central Michigan,Ohio,30,27,False,PRIMARY_REGULAR_PROVISIONAL,v0.22_population_ledger
2020,401249889,2020-11-05T00:00:00.000Z,Miami (OH),Ball State,38,31,False,PRIMARY_REGULAR_PROVISIONAL,v0.22_population_ledger
2020,401249858,2020-11-05T01:00:00.000Z,Toledo,Bowling Green,38,3,False,PRIMARY_REGULAR_PROVISIONAL,v0.22_population_ledger
2020,401249009,2020-11-06T00:00:00.000Z,Nevada,Utah State,34,9,False,PRIMARY_REGULAR_PROVISIONAL,v0.22_population_ledger
2020,401249010,2020-11-06T02:00:00.000Z,Colorado State,Wyoming,34,24,False,PRIMARY_REGULAR_PROVISIONAL,v0.22_population_ledger
2020,401234630,2020-11-07T00:30:00.000Z,NC State,Miami (FL),41,44,False,PRIMARY_REGULAR_PROVISIONAL,v0.22_population_ledger
2020,401249008,2020-11-07T02:00:00.000Z,San Diego State,San Jose State,17,28,False,PRIMARY_REGULAR_PROVISIONAL,v0.22_population_ledger
2020,401249005,2020-11-07T02:45:00.000Z,Boise State,BYU,17,51,False,PRIMARY_REGULAR_PROVISIONAL,v0.22_population_ledger
2020,401212480,2020-11-07T17:00:00.000Z,Memphis,South Florida,34,33,False,PRIMARY_REGULAR_PROVISIONAL,v0.22_population_ledger
2020,401212490,2020-11-07T17:00:00.000Z,Temple,SMU,23,47,False,PRIMARY_REGULAR_PROVISIONAL,v0.22_population_ledger
2020,401212525,2020-11-07T17:00:00.000Z,East Carolina,Tulane,21,38,False,PRIMARY_REGULAR_PROVISIONAL,v0.22_population_ledger
2020,401215327,2020-11-07T17:00:00.000Z,Georgia State,UL Monroe,52,34,False,PRIMARY_REGULAR_PROVISIONAL,v0.22_population_ledger
2020,401234633,2020-11-07T17:00:00.000Z,Duke,North Carolina,24,56,False,PRIMARY_REGULAR_PROVISIONAL,v0.22_population_ledger
2020,401234636,2020-11-07T17:00:00.000Z,Virginia Tech,Liberty,35,38,False,PRIMARY_REGULAR_PROVISIONAL,v0.22_population_ledger
2020,401236022,2020-11-07T17:00:00.000Z,Texas,West Virginia,17,13,False,PRIMARY_REGULAR_PROVISIONAL,v0.22_population_ledger
2020,401247307,2020-11-07T17:00:00.000Z,Northwestern,Nebraska,21,13,False,PRIMARY_REGULAR_PROVISIONAL,v0.22_population_ledger
2020,401247309,2020-11-07T17:00:00.000Z,Indiana,Michigan,38,21,False,PRIMARY_REGULAR_PROVISIONAL,v0.22_population_ledger
2020,401247313,2020-11-07T17:00:00.000Z,Iowa,Michigan State,49,7,False,PRIMARY_REGULAR_PROVISIONAL,v0.22_population_ledger
2020,401249400,2020-11-07T17:00:00.000Z,USC,Arizona State,28,27,False,PRIMARY_REGULAR_PROVISIONAL,v0.22_population_ledger
2020,401253924,2020-11-07T17:00:00.000Z,Louisiana,Arkansas State,27,20,False,PRIMARY_REGULAR_PROVISIONAL,v0.22_population_ledger
2020,401215326,2020-11-07T18:00:00.000Z,Georgia Southern,Troy,20,13,False,PRIMARY_REGULAR_PROVISIONAL,v0.22_population_ledger
2020,401234631,2020-11-07T19:00:00.000Z,Syracuse,Boston College,13,16,False,PRIMARY_REGULAR_PROVISIONAL,v0.22_population_ledger
2020,401251931,2020-11-07T19:30:00.000Z,Marshall,UMass,51,10,False,PRIMARY_REGULAR_PROVISIONAL,v0.22_population_ledger
2020,401215324,2020-11-07T20:00:00.000Z,Texas State,Appalachian State,17,38,False,PRIMARY_REGULAR_PROVISIONAL,v0.22_population_ledger
2020,401212544,2020-11-07T20:30:00.000Z,Cincinnati,Houston,38,10,False,PRIMARY_REGULAR_PROVISIONAL,v0.22_population_ledger
2020,401236019,2020-11-07T20:30:00.000Z,Oklahoma,Kansas,62,9,False,PRIMARY_REGULAR_PROVISIONAL,v0.22_population_ledger
2020,401236021,2020-11-07T20:30:00.000Z,TCU,Texas Tech,34,18,False,PRIMARY_REGULAR_PROVISIONAL,v0.22_population_ledger
2020,401237125,2020-11-07T20:30:00.000Z,Georgia,Florida,28,44,True,PRIMARY_REGULAR_PROVISIONAL,v0.22_population_ledger
2020,401237126,2020-11-07T20:30:00.000Z,Mississippi State,Vanderbilt,24,17,False,PRIMARY_REGULAR_PROVISIONAL,v0.22_population_ledger
2020,401247308,2020-11-07T20:30:00.000Z,Illinois,Minnesota,14,41,False,PRIMARY_REGULAR_PROVISIONAL,v0.22_population_ledger
2020,401247312,2020-11-07T20:30:00.000Z,Penn State,Maryland,19,35,False,PRIMARY_REGULAR_PROVISIONAL,v0.22_population_ledger
2020,401249006,2020-11-07T20:30:00.000Z,UNLV,Fresno State,27,40,False,PRIMARY_REGULAR_PROVISIONAL,v0.22_population_ledger
2020,401234634,2020-11-07T21:00:00.000Z,Florida State,Pittsburgh,17,41,False,PRIMARY_REGULAR_PROVISIONAL,v0.22_population_ledger
2020,401236020,2020-11-07T21:00:00.000Z,Kansas State,Oklahoma State,18,20,False,PRIMARY_REGULAR_PROVISIONAL,v0.22_population_ledger
2020,401207169,2020-11-07T23:00:00.000Z,Florida Atlantic,Western Kentucky,10,6,False,PRIMARY_REGULAR_PROVISIONAL,v0.22_population_ledger
2020,401236018,2020-11-08T00:00:00.000Z,Iowa State,Baylor,38,31,False,PRIMARY_REGULAR_PROVISIONAL,v0.22_population_ledger
2020,401237127,2020-11-08T00:00:00.000Z,South Carolina,Texas A&M,3,48,False,PRIMARY_REGULAR_PROVISIONAL,v0.22_population_ledger
2020,401249402,2020-11-08T00:00:00.000Z,Colorado,UCLA,48,42,False,PRIMARY_REGULAR_PROVISIONAL,v0.22_population_ledger
2020,401234632,2020-11-08T00:30:00.000Z,Notre Dame,Clemson,47,40,False,PRIMARY_REGULAR_PROVISIONAL,v0.22_population_ledger
2020,401237124,2020-11-08T00:30:00.000Z,Arkansas,Tennessee,24,13,False,PRIMARY_REGULAR_PROVISIONAL,v0.22_population_ledger
2020,401247310,2020-11-08T00:30:00.000Z,Ohio State,Rutgers,49,27,False,PRIMARY_REGULAR_PROVISIONAL,v0.22_population_ledger
2020,401249399,2020-11-08T00:30:00.000Z,Oregon,Stanford,35,14,False,PRIMARY_REGULAR_PROVISIONAL,v0.22_population_ledger
2020,401215325,2020-11-08T01:00:00.000Z,Coastal Carolina,South Alabama,23,6,False,PRIMARY_REGULAR_PROVISIONAL,v0.22_population_ledger
2020,401249397,2020-11-08T03:30:00.000Z,Oregon State,Washington State,28,38,False,PRIMARY_REGULAR_PROVISIONAL,v0.22_population_ledger
2020,401249007,2020-11-08T04:00:00.000Z,Hawaii,New Mexico,39,33,False,PRIMARY_REGULAR_PROVISIONAL,v0.22_population_ledger
2020,401249861,2020-11-11T00:00:00.000Z,Ohio,Akron,24,10,False,PRIMARY_REGULAR_PROVISIONAL,v0.22_population_ledger
2020,401249862,2020-11-11T00:30:00.000Z,Bowling Green,Kent State,24,62,False,PRIMARY_REGULAR_PROVISIONAL,v0.22_population_ledger
2020,401249890,2020-11-11T01:00:00.000Z,Buffalo,Miami (OH),42,10,False,PRIMARY_REGULAR_PROVISIONAL,v0.22_population_ledger
2020,401249865,2020-11-12T00:00:00.000Z,Ball State,Eastern Michigan,38,31,False,PRIMARY_REGULAR_PROVISIONAL,v0.22_population_ledger
2020,401249864,2020-11-12T01:00:00.000Z,Northern Illinois,Central Michigan,10,40,False,PRIMARY_REGULAR_PROVISIONAL,v0.22_population_ledger
2020,401249866,2020-11-12T01:00:00.000Z,Western Michigan,Toledo,41,38,False,PRIMARY_REGULAR_PROVISIONAL,v0.22_population_ledger
2020,401249012,2020-11-13T01:00:00.000Z,Boise State,Colorado State,52,21,False,PRIMARY_REGULAR_PROVISIONAL,v0.22_population_ledger
2020,401207174,2020-11-14T00:00:00.000Z,FIU,Florida Atlantic,19,38,False,PRIMARY_REGULAR_PROVISIONAL,v0.22_population_ledger
2020,401247317,2020-11-14T00:00:00.000Z,Minnesota,Iowa,7,35,False,PRIMARY_REGULAR_PROVISIONAL,v0.22_population_ledger
2020,401212545,2020-11-14T00:30:00.000Z,Cincinnati,East Carolina,55,17,False,PRIMARY_REGULAR_PROVISIONAL,v0.22_population_ledger
2020,401207176,2020-11-14T17:00:00.000Z,Marshall,Middle Tennessee,42,14,False,PRIMARY_REGULAR_PROVISIONAL,v0.22_population_ledger
2020,401207200,2020-11-14T17:00:00.000Z,Tulane,Army,38,12,False,PRIMARY_REGULAR_PROVISIONAL,v0.22_population_ledger
2020,401234641,2020-11-14T17:00:00.000Z,Virginia Tech,Miami (FL),24,25,False,PRIMARY_REGULAR_PROVISIONAL,v0.22_population_ledger
2020,401234642,2020-11-14T17:00:00.000Z,North Carolina,Wake Forest,59,53,False,PRIMARY_REGULAR_PROVISIONAL,v0.22_population_ledger
2020,401236024,2020-11-14T17:00:00.000Z,West Virginia,TCU,24,6,False,PRIMARY_REGULAR_PROVISIONAL,v0.22_population_ledger
2020,401237132,2020-11-14T17:00:00.000Z,Kentucky,Vanderbilt,38,35,False,PRIMARY_REGULAR_PROVISIONAL,v0.22_population_ledger
2020,401247316,2020-11-14T17:00:00.000Z,Michigan State,Indiana,0,24,False,PRIMARY_REGULAR_PROVISIONAL,v0.22_population_ledger
2020,401247320,2020-11-14T17:00:00.000Z,Nebraska,Penn State,30,23,False,PRIMARY_REGULAR_PROVISIONAL,v0.22_population_ledger
2020,401247314,2020-11-14T18:00:00.000Z,Rutgers,Illinois,20,23,False,PRIMARY_REGULAR_PROVISIONAL,v0.22_population_ledger
2020,401215332,2020-11-14T19:00:00.000Z,Louisiana,South Alabama,38,10,False,PRIMARY_REGULAR_PROVISIONAL,v0.22_population_ledger
2020,401215328,2020-11-14T19:30:00.000Z,Appalachian State,Georgia State,17,13,False,PRIMARY_REGULAR_PROVISIONAL,v0.22_population_ledger
2020,401249013,2020-11-14T19:30:00.000Z,Utah State,Fresno State,16,35,False,PRIMARY_REGULAR_PROVISIONAL,v0.22_population_ledger
2020,401207179,2020-11-14T20:00:00.000Z,UTSA,UTEP,52,21,False,PRIMARY_REGULAR_PROVISIONAL,v0.22_population_ledger
2020,401207178,2020-11-14T20:30:00.000Z,Western Kentucky,Southern Miss,10,7,False,PRIMARY_REGULAR_PROVISIONAL,v0.22_population_ledger
2020,401212481,2020-11-14T20:30:00.000Z,Houston,South Florida,56,21,False,PRIMARY_REGULAR_PROVISIONAL,v0.22_population_ledger
2020,401215331,2020-11-14T20:30:00.000Z,Georgia Southern,Texas State,40,38,False,PRIMARY_REGULAR_PROVISIONAL,v0.22_population_ledger
2020,401234637,2020-11-14T20:30:00.000Z,Boston College,Notre Dame,31,45,False,PRIMARY_REGULAR_PROVISIONAL,v0.22_population_ledger
2020,401249403,2020-11-14T20:30:00.000Z,Arizona,USC,30,34,False,PRIMARY_REGULAR_PROVISIONAL,v0.22_population_ledger
2020,401249406,2020-11-14T20:30:00.000Z,Stanford,Colorado,32,35,False,PRIMARY_REGULAR_PROVISIONAL,v0.22_population_ledger
2020,401257934,2020-11-14T20:30:00.000Z,Virginia,Louisville,31,17,False,PRIMARY_REGULAR_PROVISIONAL,v0.22_population_ledger
2020,401236023,2020-11-14T21:00:00.000Z,Texas Tech,Baylor,24,23,False,PRIMARY_REGULAR_PROVISIONAL,v0.22_population_ledger
2020,401249014,2020-11-14T21:00:00.000Z,San Diego State,Hawaii,34,10,False,PRIMARY_REGULAR_PROVISIONAL,v0.22_population_ledger
2020,401247315,2020-11-14T22:00:00.000Z,Purdue,Northwestern,20,27,False,PRIMARY_REGULAR_PROVISIONAL,v0.22_population_ledger
2020,401249015,2020-11-14T23:30:00.000Z,New Mexico,Nevada,20,27,False,PRIMARY_REGULAR_PROVISIONAL,v0.22_population_ledger
2020,401212491,2020-11-15T00:00:00.000Z,Tulsa,SMU,28,24,False,PRIMARY_REGULAR_PROVISIONAL,v0.22_population_ledger
2020,401237129,2020-11-15T00:00:00.000Z,Florida,Arkansas,63,35,False,PRIMARY_REGULAR_PROVISIONAL,v0.22_population_ledger
2020,401249405,2020-11-15T00:00:00.000Z,Washington State,Oregon,29,43,False,PRIMARY_REGULAR_PROVISIONAL,v0.22_population_ledger
2020,401212518,2020-11-15T00:30:00.000Z,UCF,Temple,38,13,False,PRIMARY_REGULAR_PROVISIONAL,v0.22_population_ledger
2020,401234639,2020-11-15T00:30:00.000Z,NC State,Florida State,38,22,False,PRIMARY_REGULAR_PROVISIONAL,v0.22_population_ledger
2020,401237133,2020-11-15T00:30:00.000Z,Ole Miss,South Carolina,59,42,False,PRIMARY_REGULAR_PROVISIONAL,v0.22_population_ledger
2020,401247319,2020-11-15T00:30:00.000Z,Michigan,Wisconsin,11,49,False,PRIMARY_REGULAR_PROVISIONAL,v0.22_population_ledger
2020,401249016,2020-11-15T03:30:00.000Z,San Jose State,UNLV,34,17,False,PRIMARY_REGULAR_PROVISIONAL,v0.22_population_ledger
2020,401249404,2020-11-15T04:00:00.000Z,Washington,Oregon State,27,21,False,PRIMARY_REGULAR_PROVISIONAL,v0.22_population_ledger
2020,401261454,2020-11-15T17:00:00.000Z,UCLA,California,34,10,False,PRIMARY_REGULAR_PROVISIONAL,v0.22_population_ledger
2020,401249868,2020-11-18T00:00:00.000Z,Bowling Green,Buffalo,17,42,False,PRIMARY_REGULAR_PROVISIONAL,v0.22_population_ledger
2020,401249867,2020-11-18T01:00:00.000Z,Kent State,Akron,69,35,False,PRIMARY_REGULAR_PROVISIONAL,v0.22_population_ledger
2020,401249870,2020-11-19T00:00:00.000Z,Ball State,Northern Illinois,31,25,False,PRIMARY_REGULAR_PROVISIONAL,v0.22_population_ledger
2020,401249871,2020-11-19T00:00:00.000Z,Eastern Michigan,Toledo,28,45,False,PRIMARY_REGULAR_PROVISIONAL,v0.22_population_ledger
2020,401249872,2020-11-19T00:00:00.000Z,Central Michigan,Western Michigan,44,52,False,PRIMARY_REGULAR_PROVISIONAL,v0.22_population_ledger
2020,401212526,2020-11-20T00:30:00.000Z,Tulsa,Tulane,30,24,False,PRIMARY_REGULAR_PROVISIONAL,v0.22_population_ledger
2020,401234643,2020-11-21T00:00:00.000Z,Louisville,Syracuse,30,0,False,PRIMARY_REGULAR_PROVISIONAL,v0.22_population_ledger
2020,401247325,2020-11-21T00:30:00.000Z,Minnesota,Purdue,34,31,False,PRIMARY_REGULAR_PROVISIONAL,v0.22_population_ledger
2020,401261674,2020-11-21T01:00:00.000Z,Florida Atlantic,UMass,24,2,False,PRIMARY_REGULAR_PROVISIONAL,v0.22_population_ledger
2020,401249018,2020-11-21T02:30:00.000Z,Air Force,New Mexico,28,0,False,PRIMARY_REGULAR_PROVISIONAL,v0.22_population_ledger
2020,401212519,2020-11-21T17:00:00.000Z,Temple,East Carolina,3,28,False,PRIMARY_REGULAR_PROVISIONAL,v0.22_population_ledger
2020,401215333,2020-11-21T17:00:00.000Z,Coastal Carolina,Appalachian State,34,23,False,PRIMARY_REGULAR_PROVISIONAL,v0.22_population_ledger
2020,401215334,2020-11-21T17:00:00.000Z,Texas State,Arkansas State,47,45,False,PRIMARY_REGULAR_PROVISIONAL,v0.22_population_ledger
2020,401235975,2020-11-21T17:00:00.000Z,Army,Georgia Southern,28,27,False,PRIMARY_REGULAR_PROVISIONAL,v0.22_population_ledger
2020,401237136,2020-11-21T17:00:00.000Z,Arkansas,LSU,24,27,False,PRIMARY_REGULAR_PROVISIONAL,v0.22_population_ledger
2020,401237138,2020-11-21T17:00:00.000Z,Vanderbilt,Florida,17,38,False,PRIMARY_REGULAR_PROVISIONAL,v0.22_population_ledger
2020,401247321,2020-11-21T17:00:00.000Z,Nebraska,Illinois,23,41,False,PRIMARY_REGULAR_PROVISIONAL,v0.22_population_ledger
2020,401247326,2020-11-21T17:00:00.000Z,Ohio State,Indiana,42,35,False,PRIMARY_REGULAR_PROVISIONAL,v0.22_population_ledger
2020,401207181,2020-11-21T19:00:00.000Z,Western Kentucky,FIU,38,21,False,PRIMARY_REGULAR_PROVISIONAL,v0.22_population_ledger
2020,401207184,2020-11-21T19:00:00.000Z,North Texas,Rice,27,17,False,PRIMARY_REGULAR_PROVISIONAL,v0.22_population_ledger
2020,401207185,2020-11-21T20:00:00.000Z,Southern Miss,UTSA,20,23,False,PRIMARY_REGULAR_PROVISIONAL,v0.22_population_ledger
2020,401212540,2020-11-21T20:30:00.000Z,UCF,Cincinnati,33,36,False,PRIMARY_REGULAR_PROVISIONAL,v0.22_population_ledger
2020,401215335,2020-11-21T20:30:00.000Z,South Alabama,Georgia State,14,31,False,PRIMARY_REGULAR_PROVISIONAL,v0.22_population_ledger
2020,401240641,2020-11-21T20:30:00.000Z,Troy,Middle Tennessee,17,20,False,PRIMARY_REGULAR_PROVISIONAL,v0.22_population_ledger
2020,401247323,2020-11-21T20:30:00.000Z,Northwestern,Wisconsin,17,7,False,PRIMARY_REGULAR_PROVISIONAL,v0.22_population_ledger
2020,401247327,2020-11-21T20:30:00.000Z,Penn State,Iowa,21,41,False,PRIMARY_REGULAR_PROVISIONAL,v0.22_population_ledger
2020,401249019,2020-11-21T20:30:00.000Z,Nevada,San Diego State,26,21,False,PRIMARY_REGULAR_PROVISIONAL,v0.22_population_ledger
2020,401249411,2020-11-21T20:30:00.000Z,Oregon State,California,31,27,False,PRIMARY_REGULAR_PROVISIONAL,v0.22_population_ledger
2020,401249415,2020-11-21T20:30:00.000Z,Oregon,UCLA,38,35,False,PRIMARY_REGULAR_PROVISIONAL,v0.22_population_ledger
2020,401234648,2020-11-21T21:00:00.000Z,Pittsburgh,Virginia Tech,47,14,False,PRIMARY_REGULAR_PROVISIONAL,v0.22_population_ledger
2020,401236025,2020-11-21T21:00:00.000Z,Iowa State,Kansas State,45,0,False,PRIMARY_REGULAR_PROVISIONAL,v0.22_population_ledger
2020,401237135,2020-11-21T21:00:00.000Z,Alabama,Kentucky,63,3,False,PRIMARY_REGULAR_PROVISIONAL,v0.22_population_ledger
2020,401237137,2020-11-22T00:00:00.000Z,Auburn,Tennessee,30,17,False,PRIMARY_REGULAR_PROVISIONAL,v0.22_population_ledger
2020,401234647,2020-11-22T00:30:00.000Z,NC State,Liberty,15,14,False,PRIMARY_REGULAR_PROVISIONAL,v0.22_population_ledger
2020,401236027,2020-11-22T00:30:00.000Z,Oklahoma,Oklahoma State,41,13,False,PRIMARY_REGULAR_PROVISIONAL,v0.22_population_ledger
2020,401237139,2020-11-22T00:30:00.000Z,Georgia,Mississippi State,31,24,False,PRIMARY_REGULAR_PROVISIONAL,v0.22_population_ledger
2020,401237141,2020-11-22T00:30:00.000Z,South Carolina,Missouri,10,17,False,PRIMARY_REGULAR_PROVISIONAL,v0.22_population_ledger
2020,401247324,2020-11-22T00:30:00.000Z,Rutgers,Michigan,42,48,False,PRIMARY_REGULAR_PROVISIONAL,v0.22_population_ledger
2020,401249413,2020-11-22T01:00:00.000Z,Washington,Arizona,44,27,False,PRIMARY_REGULAR_PROVISIONAL,v0.22_population_ledger
2020,401249410,2020-11-22T03:30:00.000Z,Utah,USC,17,33,False,PRIMARY_REGULAR_PROVISIONAL,v0.22_population_ledger
2020,401249017,2020-11-22T04:00:00.000Z,Hawaii,Boise State,32,40,False,PRIMARY_REGULAR_PROVISIONAL,v0.22_population_ledger
2020,401249025,2020-11-27T00:00:00.000Z,Utah State,New Mexico,41,27,False,PRIMARY_REGULAR_PROVISIONAL,v0.22_population_ledger
2020,401236029,2020-11-27T17:00:00.000Z,Texas,Iowa State,20,23,False,PRIMARY_REGULAR_PROVISIONAL,v0.22_population_ledger
2020,401251926,2020-11-27T17:00:00.000Z,Liberty,UMass,45,0,False,PRIMARY_REGULAR_PROVISIONAL,v0.22_population_ledger
2020,401247332,2020-11-27T18:00:00.000Z,Iowa,Nebraska,26,20,False,PRIMARY_REGULAR_PROVISIONAL,v0.22_population_ledger
2020,401212483,2020-11-27T20:30:00.000Z,South Florida,UCF,46,58,False,PRIMARY_REGULAR_PROVISIONAL,v0.22_population_ledger
2020,401234650,2020-11-27T20:30:00.000Z,North Carolina,Notre Dame,17,31,False,PRIMARY_REGULAR_PROVISIONAL,v0.22_population_ledger
2020,401249028,2020-11-27T21:00:00.000Z,UNLV,Wyoming,14,45,False,PRIMARY_REGULAR_PROVISIONAL,v0.22_population_ledger
2020,401249874,2020-11-27T21:00:00.000Z,Eastern Michigan,Central Michigan,23,31,False,PRIMARY_REGULAR_PROVISIONAL,v0.22_population_ledger
2020,401249417,2020-11-27T21:30:00.000Z,California,Stanford,23,24,False,PRIMARY_REGULAR_PROVISIONAL,v0.22_population_ledger
2020,401249418,2020-11-28T00:30:00.000Z,Oregon State,Oregon,41,38,False,PRIMARY_REGULAR_PROVISIONAL,v0.22_population_ledger
2020,401212513,2020-11-28T17:00:00.000Z,East Carolina,SMU,52,38,False,PRIMARY_REGULAR_PROVISIONAL,v0.22_population_ledger
2020,401215339,2020-11-28T17:00:00.000Z,Georgia State,Georgia Southern,30,24,False,PRIMARY_REGULAR_PROVISIONAL,v0.22_population_ledger
2020,401234655,2020-11-28T17:00:00.000Z,Syracuse,NC State,29,36,False,PRIMARY_REGULAR_PROVISIONAL,v0.22_population_ledger
2020,401236032,2020-11-28T17:00:00.000Z,Oklahoma State,Texas Tech,50,44,False,PRIMARY_REGULAR_PROVISIONAL,v0.22_population_ledger
2020,401237143,2020-11-28T17:00:00.000Z,Missouri,Vanderbilt,41,0,False,PRIMARY_REGULAR_PROVISIONAL,v0.22_population_ledger
2020,401237144,2020-11-28T17:00:00.000Z,Florida,Kentucky,34,10,False,PRIMARY_REGULAR_PROVISIONAL,v0.22_population_ledger
2020,401247329,2020-11-28T17:00:00.000Z,Indiana,Maryland,27,11,False,PRIMARY_REGULAR_PROVISIONAL,v0.22_population_ledger
2020,401247333,2020-11-28T17:00:00.000Z,Michigan,Penn State,17,27,False,PRIMARY_REGULAR_PROVISIONAL,v0.22_population_ledger
2020,401249873,2020-11-28T17:00:00.000Z,Toledo,Ball State,24,27,False,PRIMARY_REGULAR_PROVISIONAL,v0.22_population_ledger
2020,401249875,2020-11-28T17:00:00.000Z,Western Michigan,Northern Illinois,30,27,False,PRIMARY_REGULAR_PROVISIONAL,v0.22_population_ledger
2020,401249876,2020-11-28T17:00:00.000Z,Ohio,Bowling Green,52,10,False,PRIMARY_REGULAR_PROVISIONAL,v0.22_population_ledger
2020,401249877,2020-11-28T17:00:00.000Z,Buffalo,Kent State,70,41,False,PRIMARY_REGULAR_PROVISIONAL,v0.22_population_ledger
2020,401249892,2020-11-28T18:00:00.000Z,Akron,Miami (OH),7,38,False,PRIMARY_REGULAR_PROVISIONAL,v0.22_population_ledger
2020,401207191,2020-11-28T20:00:00.000Z,UTSA,North Texas,49,17,False,PRIMARY_REGULAR_PROVISIONAL,v0.22_population_ledger
2020,401215337,2020-11-28T20:00:00.000Z,Arkansas State,South Alabama,31,38,False,PRIMARY_REGULAR_PROVISIONAL,v0.22_population_ledger
2020,401215338,2020-11-28T20:00:00.000Z,Texas State,Coastal Carolina,14,49,False,PRIMARY_REGULAR_PROVISIONAL,v0.22_population_ledger
2020,401215340,2020-11-28T20:00:00.000Z,UL Monroe,Louisiana,20,70,False,PRIMARY_REGULAR_PROVISIONAL,v0.22_population_ledger
2020,401215336,2020-11-28T20:30:00.000Z,Appalachian State,Troy,47,10,False,PRIMARY_REGULAR_PROVISIONAL,v0.22_population_ledger
2020,401234651,2020-11-28T20:30:00.000Z,Clemson,Pittsburgh,52,17,False,PRIMARY_REGULAR_PROVISIONAL,v0.22_population_ledger
2020,401237142,2020-11-28T20:30:00.000Z,Alabama,Auburn,42,13,False,PRIMARY_REGULAR_PROVISIONAL,v0.22_population_ledger
2020,401247330,2020-11-28T20:30:00.000Z,Michigan State,Northwestern,29,20,False,PRIMARY_REGULAR_PROVISIONAL,v0.22_population_ledger
2020,401234649,2020-11-28T21:00:00.000Z,Boston College,Louisville,34,27,False,PRIMARY_REGULAR_PROVISIONAL,v0.22_population_ledger
2020,401237147,2020-11-28T21:00:00.000Z,Ole Miss,Mississippi State,31,24,False,PRIMARY_REGULAR_PROVISIONAL,v0.22_population_ledger
2020,401247328,2020-11-28T21:00:00.000Z,Purdue,Rutgers,30,37,False,PRIMARY_REGULAR_PROVISIONAL,v0.22_population_ledger
2020,401265734,2020-11-28T22:37:00.000Z,Colorado,San Diego State,20,10,False,PRIMARY_REGULAR_PROVISIONAL,v0.22_population_ledger
2020,401234652,2020-11-29T00:00:00.000Z,Georgia Tech,Duke,56,33,False,PRIMARY_REGULAR_PROVISIONAL,v0.22_population_ledger
2020,401236028,2020-11-29T00:00:00.000Z,Baylor,Kansas State,32,31,False,PRIMARY_REGULAR_PROVISIONAL,v0.22_population_ledger
2020,401237146,2020-11-29T00:00:00.000Z,Texas A&M,LSU,20,7,False,PRIMARY_REGULAR_PROVISIONAL,v0.22_population_ledger
2020,401264080,2020-11-29T00:00:00.000Z,Navy,Memphis,7,10,False,PRIMARY_REGULAR_PROVISIONAL,v0.22_population_ledger
2020,401237145,2020-11-29T00:30:00.000Z,South Carolina,Georgia,16,45,False,PRIMARY_REGULAR_PROVISIONAL,v0.22_population_ledger
2020,401265458,2020-11-29T00:30:00.000Z,Washington,Utah,24,21,False,PRIMARY_REGULAR_PROVISIONAL,v0.22_population_ledger
2020,401236030,2020-11-29T01:00:00.000Z,Kansas,TCU,23,59,False,PRIMARY_REGULAR_PROVISIONAL,v0.22_population_ledger
2020,401249421,2020-11-29T01:00:00.000Z,UCLA,Arizona,27,10,False,PRIMARY_REGULAR_PROVISIONAL,v0.22_population_ledger
2020,401249024,2020-11-29T04:00:00.000Z,Hawaii,Nevada,24,21,False,PRIMARY_REGULAR_PROVISIONAL,v0.22_population_ledger
2020,401265703,2020-12-03T23:00:00.000Z,North Texas,Louisiana Tech,31,42,False,PRIMARY_REGULAR_PROVISIONAL,v0.22_population_ledger
2020,401249029,2020-12-04T02:30:00.000Z,Utah State,Air Force,7,35,False,PRIMARY_REGULAR_PROVISIONAL,v0.22_population_ledger
2020,401252117,2020-12-05T01:30:00.000Z,Appalachian State,Louisiana,21,24,False,PRIMARY_REGULAR_PROVISIONAL,v0.22_population_ledger
2020,401236035,2020-12-05T17:00:00.000Z,Texas Tech,Kansas,16,13,False,PRIMARY_REGULAR_PROVISIONAL,v0.22_population_ledger
2020,401236036,2020-12-05T17:00:00.000Z,Kansas State,Texas,31,69,False,PRIMARY_REGULAR_PROVISIONAL,v0.22_population_ledger
2020,401236037,2020-12-05T17:00:00.000Z,TCU,Oklahoma State,29,22,False,PRIMARY_REGULAR_PROVISIONAL,v0.22_population_ledger
2020,401237150,2020-12-05T17:00:00.000Z,Auburn,Texas A&M,20,31,False,PRIMARY_REGULAR_PROVISIONAL,v0.22_population_ledger
2020,401247335,2020-12-05T17:00:00.000Z,Purdue,Nebraska,27,37,False,PRIMARY_REGULAR_PROVISIONAL,v0.22_population_ledger
2020,401247336,2020-12-05T17:00:00.000Z,Rutgers,Penn State,7,23,False,PRIMARY_REGULAR_PROVISIONAL,v0.22_population_ledger
2020,401247340,2020-12-05T17:00:00.000Z,Michigan State,Ohio State,12,52,False,PRIMARY_REGULAR_PROVISIONAL,v0.22_population_ledger
2020,401249880,2020-12-05T17:00:00.000Z,Northern Illinois,Toledo,24,41,False,PRIMARY_REGULAR_PROVISIONAL,v0.22_population_ledger
2020,401257812,2020-12-05T17:00:00.000Z,Marshall,Rice,0,20,False,PRIMARY_REGULAR_PROVISIONAL,v0.22_population_ledger
2020,401264082,2020-12-05T17:00:00.000Z,Tulane,Memphis,35,21,False,PRIMARY_REGULAR_PROVISIONAL,v0.22_population_ledger
2020,401265818,2020-12-05T17:00:00.000Z,Missouri,Arkansas,50,48,False,PRIMARY_REGULAR_PROVISIONAL,v0.22_population_ledger
2020,401249878,2020-12-05T19:00:00.000Z,Central Michigan,Ball State,20,45,False,PRIMARY_REGULAR_PROVISIONAL,v0.22_population_ledger
2020,401249879,2020-12-05T19:00:00.000Z,Western Michigan,Eastern Michigan,42,53,False,PRIMARY_REGULAR_PROVISIONAL,v0.22_population_ledger
2020,401249881,2020-12-05T19:00:00.000Z,Akron,Bowling Green,31,3,False,PRIMARY_REGULAR_PROVISIONAL,v0.22_population_ledger
2020,401262494,2020-12-05T19:00:00.000Z,South Alabama,Troy,0,29,False,PRIMARY_REGULAR_PROVISIONAL,v0.22_population_ledger
2020,401234662,2020-12-05T19:30:00.000Z,Notre Dame,Syracuse,45,21,False,PRIMARY_REGULAR_PROVISIONAL,v0.22_population_ledger
2020,401262493,2020-12-05T20:00:00.000Z,Arkansas State,UL Monroe,48,15,False,PRIMARY_REGULAR_PROVISIONAL,v0.22_population_ledger
2020,401234656,2020-12-05T20:30:00.000Z,Virginia,Boston College,43,32,False,PRIMARY_REGULAR_PROVISIONAL,v0.22_population_ledger
2020,401236034,2020-12-05T20:30:00.000Z,Iowa State,West Virginia,42,6,False,PRIMARY_REGULAR_PROVISIONAL,v0.22_population_ledger
2020,401237151,2020-12-05T20:30:00.000Z,Tennessee,Florida,19,31,False,PRIMARY_REGULAR_PROVISIONAL,v0.22_population_ledger
2020,401247337,2020-12-05T20:30:00.000Z,Illinois,Iowa,21,35,False,PRIMARY_REGULAR_PROVISIONAL,v0.22_population_ledger
2020,401247338,2020-12-05T20:30:00.000Z,Wisconsin,Indiana,6,14,False,PRIMARY_REGULAR_PROVISIONAL,v0.22_population_ledger
2020,401264083,2020-12-05T20:30:00.000Z,Navy,Tulsa,6,19,False,PRIMARY_REGULAR_PROVISIONAL,v0.22_population_ledger
2020,401234659,2020-12-05T21:00:00.000Z,NC State,Georgia Tech,23,13,False,PRIMARY_REGULAR_PROVISIONAL,v0.22_population_ledger
2020,401249424,2020-12-05T21:00:00.000Z,Washington,Stanford,26,31,False,PRIMARY_REGULAR_PROVISIONAL,v0.22_population_ledger
2020,401237514,2020-12-05T22:30:00.000Z,Coastal Carolina,BYU,22,17,False,PRIMARY_REGULAR_PROVISIONAL,v0.22_population_ledger
2020,401249033,2020-12-05T23:00:00.000Z,San Jose State,Hawaii,35,24,False,PRIMARY_REGULAR_PROVISIONAL,v0.22_population_ledger
2020,401261675,2020-12-05T23:00:00.000Z,Georgia Southern,Florida Atlantic,20,3,False,PRIMARY_REGULAR_PROVISIONAL,v0.22_population_ledger
2020,401249031,2020-12-06T00:00:00.000Z,San Diego State,Colorado State,29,17,False,PRIMARY_REGULAR_PROVISIONAL,v0.22_population_ledger
2020,401249423,2020-12-06T00:00:00.000Z,California,Oregon,21,17,False,PRIMARY_REGULAR_PROVISIONAL,v0.22_population_ledger
2020,401249426,2020-12-06T00:00:00.000Z,Arizona,Colorado,13,24,False,PRIMARY_REGULAR_PROVISIONAL,v0.22_population_ledger
2020,401234657,2020-12-06T00:30:00.000Z,Virginia Tech,Clemson,10,45,False,PRIMARY_REGULAR_PROVISIONAL,v0.22_population_ledger
2020,401237153,2020-12-06T00:30:00.000Z,Kentucky,South Carolina,41,18,False,PRIMARY_REGULAR_PROVISIONAL,v0.22_population_ledger
2020,401236033,2020-12-06T01:00:00.000Z,Oklahoma,Baylor,27,14,False,PRIMARY_REGULAR_PROVISIONAL,v0.22_population_ledger
2020,401265817,2020-12-06T01:00:00.000Z,LSU,Alabama,17,55,False,PRIMARY_REGULAR_PROVISIONAL,v0.22_population_ledger
2020,401266134,2020-12-06T01:00:00.000Z,Duke,Miami (FL),0,48,False,PRIMARY_REGULAR_PROVISIONAL,v0.22_population_ledger
2020,401249032,2020-12-06T02:00:00.000Z,Nevada,Fresno State,37,26,False,PRIMARY_REGULAR_PROVISIONAL,v0.22_population_ledger
2020,401249034,2020-12-06T03:30:00.000Z,New Mexico,Wyoming,17,16,False,PRIMARY_REGULAR_PROVISIONAL,v0.22_population_ledger
2020,401249422,2020-12-06T03:30:00.000Z,Utah,Oregon State,30,24,False,PRIMARY_REGULAR_PROVISIONAL,v0.22_population_ledger
2020,401249425,2020-12-06T03:30:00.000Z,Arizona State,UCLA,18,25,False,PRIMARY_REGULAR_PROVISIONAL,v0.22_population_ledger
2020,401266789,2020-12-06T17:00:00.000Z,Charlotte,Western Kentucky,19,37,False,PRIMARY_REGULAR_PROVISIONAL,v0.22_population_ledger
2020,401249427,2020-12-07T00:30:00.000Z,USC,Washington State,38,13,False,PRIMARY_REGULAR_PROVISIONAL,v0.22_population_ledger
2020,401257813,2020-12-10T23:30:00.000Z,Southern Miss,Florida Atlantic,45,31,False,PRIMARY_REGULAR_PROVISIONAL,v0.22_population_ledger
2020,401261245,2020-12-11T00:00:00.000Z,Georgia Tech,Pittsburgh,20,34,False,PRIMARY_REGULAR_PROVISIONAL,v0.22_population_ledger
2020,401257816,2020-12-11T23:00:00.000Z,UTEP,North Texas,43,45,False,PRIMARY_REGULAR_PROVISIONAL,v0.22_population_ledger
2020,401249429,2020-12-12T00:00:00.000Z,Arizona,Arizona State,7,70,False,PRIMARY_REGULAR_PROVISIONAL,v0.22_population_ledger
2020,401249037,2020-12-12T03:00:00.000Z,San Jose State,Nevada,30,20,False,PRIMARY_REGULAR_PROVISIONAL,v0.22_population_ledger
2020,401247342,2020-12-12T17:00:00.000Z,Maryland,Rutgers,24,27,False,PRIMARY_REGULAR_PROVISIONAL,v0.22_population_ledger
2020,401247344,2020-12-12T17:00:00.000Z,Northwestern,Illinois,28,10,False,PRIMARY_REGULAR_PROVISIONAL,v0.22_population_ledger
2020,401247345,2020-12-12T17:00:00.000Z,Nebraska,Minnesota,17,24,False,PRIMARY_REGULAR_PROVISIONAL,v0.22_population_ledger
2020,401247346,2020-12-12T17:00:00.000Z,Penn State,Michigan State,39,24,False,PRIMARY_REGULAR_PROVISIONAL,v0.22_population_ledger
2020,401249428,2020-12-12T17:00:00.000Z,Colorado,Utah,21,38,False,PRIMARY_REGULAR_PROVISIONAL,v0.22_population_ledger
2020,401249884,2020-12-12T17:00:00.000Z,Eastern Michigan,Northern Illinois,41,33,False,PRIMARY_REGULAR_PROVISIONAL,v0.22_population_ledger
2020,401249885,2020-12-12T17:00:00.000Z,Ball State,Western Michigan,30,27,False,PRIMARY_REGULAR_PROVISIONAL,v0.22_population_ledger
2020,401266696,2020-12-12T17:00:00.000Z,Louisville,Wake Forest,45,21,False,PRIMARY_REGULAR_PROVISIONAL,v0.22_population_ledger
2020,401267161,2020-12-12T17:00:00.000Z,Missouri,Georgia,14,49,False,PRIMARY_REGULAR_PROVISIONAL,v0.22_population_ledger
2020,401267164,2020-12-12T17:00:00.000Z,Arkansas,Alabama,3,52,False,PRIMARY_REGULAR_PROVISIONAL,v0.22_population_ledger
2020,401257815,2020-12-12T18:00:00.000Z,Rice,UAB,16,21,False,PRIMARY_REGULAR_PROVISIONAL,v0.22_population_ledger
2020,401249886,2020-12-12T19:30:00.000Z,Buffalo,Akron,56,7,False,PRIMARY_REGULAR_PROVISIONAL,v0.22_population_ledger
2020,401207203,2020-12-12T20:00:00.000Z,Army,Navy,15,0,True,PRIMARY_REGULAR_PROVISIONAL,v0.22_population_ledger
2020,401249883,2020-12-12T20:00:00.000Z,Toledo,Central Michigan,24,23,False,PRIMARY_REGULAR_PROVISIONAL,v0.22_population_ledger
2020,401259671,2020-12-12T20:00:00.000Z,Troy,Coastal Carolina,38,42,False,PRIMARY_REGULAR_PROVISIONAL,v0.22_population_ledger
2020,401234661,2020-12-12T20:30:00.000Z,Miami (FL),North Carolina,26,62,False,PRIMARY_REGULAR_PROVISIONAL,v0.22_population_ledger
2020,401247347,2020-12-12T20:30:00.000Z,Iowa,Wisconsin,28,7,False,PRIMARY_REGULAR_PROVISIONAL,v0.22_population_ledger
2020,401250713,2020-12-12T20:30:00.000Z,Baylor,Oklahoma State,3,42,False,PRIMARY_REGULAR_PROVISIONAL,v0.22_population_ledger
2020,401264084,2020-12-12T20:30:00.000Z,Memphis,Houston,30,27,False,PRIMARY_REGULAR_PROVISIONAL,v0.22_population_ledger
2020,401266694,2020-12-12T21:00:00.000Z,Florida State,Duke,56,35,False,PRIMARY_REGULAR_PROVISIONAL,v0.22_population_ledger
2020,401267163,2020-12-12T21:00:00.000Z,Vanderbilt,Tennessee,17,42,False,PRIMARY_REGULAR_PROVISIONAL,v0.22_population_ledger
2020,401215309,2020-12-12T23:00:00.000Z,Georgia Southern,Appalachian State,26,34,False,PRIMARY_REGULAR_PROVISIONAL,v0.22_population_ledger
2020,401249035,2020-12-12T23:00:00.000Z,Wyoming,Boise State,9,17,False,PRIMARY_REGULAR_PROVISIONAL,v0.22_population_ledger
2020,401251100,2020-12-13T00:00:00.000Z,Florida,LSU,34,37,False,PRIMARY_REGULAR_PROVISIONAL,v0.22_population_ledger
2020,401266711,2020-12-13T00:00:00.000Z,TCU,Louisiana Tech,52,10,False,PRIMARY_REGULAR_PROVISIONAL,v0.22_population_ledger
2020,401249431,2020-12-13T00:30:00.000Z,UCLA,USC,38,43,False,PRIMARY_REGULAR_PROVISIONAL,v0.22_population_ledger
2020,401260157,2020-12-13T00:30:00.000Z,Mississippi State,Auburn,10,24,False,PRIMARY_REGULAR_PROVISIONAL,v0.22_population_ledger
2020,401234572,2020-12-13T01:00:00.000Z,Virginia Tech,Virginia,33,15,False,PRIMARY_REGULAR_PROVISIONAL,v0.22_population_ledger
2020,401249432,2020-12-13T03:00:00.000Z,Oregon State,Stanford,24,27,False,PRIMARY_REGULAR_PROVISIONAL,v0.22_population_ledger
2020,401249435,2020-12-13T03:00:00.000Z,BYU,San Diego State,28,14,False,PRIMARY_REGULAR_PROVISIONAL,v0.22_population_ledger
2020,401249036,2020-12-13T03:30:00.000Z,New Mexico,Fresno State,49,39,False,PRIMARY_REGULAR_PROVISIONAL,v0.22_population_ledger
2020,401249038,2020-12-13T04:00:00.000Z,Hawaii,UNLV,38,21,False,PRIMARY_REGULAR_PROVISIONAL,v0.22_population_ledger
2020,401240101,2020-12-19T00:00:00.000Z,Marshall,UAB,13,22,False,PRIMARY_REGULAR_PROVISIONAL,v0.22_population_ledger
2020,401249854,2020-12-19T00:30:00.000Z,Buffalo,Ball State,28,38,True,PRIMARY_REGULAR_PROVISIONAL,v0.22_population_ledger
2020,401269382,2020-12-19T00:30:00.000Z,Rutgers,Nebraska,21,28,False,PRIMARY_REGULAR_PROVISIONAL,v0.22_population_ledger
2020,401249434,2020-12-19T01:00:00.000Z,USC,Oregon,24,31,False,PRIMARY_REGULAR_PROVISIONAL,v0.22_population_ledger
2020,401247349,2020-12-19T17:00:00.000Z,Ohio State,Northwestern,22,10,True,PRIMARY_REGULAR_PROVISIONAL,v0.22_population_ledger
2020,401260158,2020-12-19T17:00:00.000Z,Tennessee,Texas A&M,13,34,False,PRIMARY_REGULAR_PROVISIONAL,v0.22_population_ledger
2020,401262060,2020-12-19T17:00:00.000Z,Iowa State,Oklahoma,21,27,True,PRIMARY_REGULAR_PROVISIONAL,v0.22_population_ledger
2020,401269375,2020-12-19T18:30:00.000Z,Utah,Washington State,45,28,False,PRIMARY_REGULAR_PROVISIONAL,v0.22_population_ledger
2020,401265699,2020-12-19T20:00:00.000Z,Army,Air Force,10,7,False,PRIMARY_REGULAR_PROVISIONAL,v0.22_population_ledger
2020,401267165,2020-12-19T20:30:00.000Z,LSU,Ole Miss,53,48,False,PRIMARY_REGULAR_PROVISIONAL,v0.22_population_ledger
2020,401267166,2020-12-19T20:30:00.000Z,Mississippi State,Missouri,51,32,False,PRIMARY_REGULAR_PROVISIONAL,v0.22_population_ledger
2020,401256001,2020-12-19T21:00:00.000Z,Notre Dame,Clemson,10,34,True,PRIMARY_REGULAR_PROVISIONAL,v0.22_population_ledger
2020,401269384,2020-12-19T21:00:00.000Z,Wisconsin,Minnesota,20,17,False,PRIMARY_REGULAR_PROVISIONAL,v0.22_population_ledger
2020,401249043,2020-12-19T21:40:00.000Z,San Jose State,Boise State,34,20,True,PRIMARY_REGULAR_PROVISIONAL,v0.22_population_ledger
2020,401269381,2020-12-19T22:30:00.000Z,Penn State,Illinois,56,21,False,PRIMARY_REGULAR_PROVISIONAL,v0.22_population_ledger
2020,401269376,2020-12-20T00:00:00.000Z,UCLA,Stanford,47,48,False,PRIMARY_REGULAR_PROVISIONAL,v0.22_population_ledger
2020,401237074,2020-12-20T01:00:00.000Z,Florida,Alabama,46,52,True,PRIMARY_REGULAR_PROVISIONAL,v0.22_population_ledger
2020,401264085,2020-12-20T01:00:00.000Z,Cincinnati,Tulsa,27,24,False,PRIMARY_REGULAR_PROVISIONAL,v0.22_population_ledger
2020,401269378,2020-12-20T03:30:00.000Z,Oregon State,Arizona State,33,46,False,PRIMARY_REGULAR_PROVISIONAL,v0.22_population_ledger
2021,401282714,2021-08-28T17:20:00.000Z,Illinois,Nebraska,30,22,False,PRIMARY_REGULAR_PROVISIONAL,v0.22_population_ledger
2021,401286187,2021-08-28T18:00:00.000Z,Fresno State,UConn,45,0,False,PRIMARY_REGULAR_PROVISIONAL,v0.22_population_ledger
2021,401309833,2021-08-28T19:30:00.000Z,UCLA,Hawaii,44,10,False,PRIMARY_REGULAR_PROVISIONAL,v0.22_population_ledger
2021,401282049,2021-08-29T01:30:00.000Z,New Mexico State,UTEP,3,30,False,PRIMARY_REGULAR_PROVISIONAL,v0.22_population_ledger
2021,401300995,2021-09-02T23:00:00.000Z,UCF,Boise State,36,31,False,PRIMARY_REGULAR_PROVISIONAL,v0.22_population_ledger
2021,401282607,2021-09-02T23:30:00.000Z,NC State,South Florida,45,0,False,PRIMARY_REGULAR_PROVISIONAL,v0.22_population_ledger
2021,401300993,2021-09-02T23:30:00.000Z,Appalachian State,East Carolina,33,19,False,PRIMARY_REGULAR_PROVISIONAL,v0.22_population_ledger
2021,401281952,2021-09-03T00:00:00.000Z,Tennessee,Bowling Green,38,6,False,PRIMARY_REGULAR_PROVISIONAL,v0.22_population_ledger
2021,401282789,2021-09-03T00:00:00.000Z,Minnesota,Ohio State,31,45,False,PRIMARY_REGULAR_PROVISIONAL,v0.22_population_ledger
2021,401309937,2021-09-03T22:00:00.000Z,Virginia Tech,North Carolina,17,10,False,PRIMARY_REGULAR_PROVISIONAL,v0.22_population_ledger
2021,401282052,2021-09-03T23:00:00.000Z,Charlotte,Duke,31,28,False,PRIMARY_REGULAR_PROVISIONAL,v0.22_population_ledger
2021,401282608,2021-09-03T23:00:00.000Z,Wake Forest,Old Dominion,42,10,False,PRIMARY_REGULAR_PROVISIONAL,v0.22_population_ledger
2021,401282782,2021-09-04T01:00:00.000Z,Northwestern,Michigan State,21,38,False,PRIMARY_REGULAR_PROVISIONAL,v0.22_population_ledger
2021,401281947,2021-09-04T16:00:00.000Z,Kentucky,UL Monroe,45,10,False,PRIMARY_REGULAR_PROVISIONAL,v0.22_population_ledger
2021,401282772,2021-09-04T16:00:00.000Z,Michigan,Western Michigan,47,14,False,PRIMARY_REGULAR_PROVISIONAL,v0.22_population_ledger
2021,401282815,2021-09-04T16:00:00.000Z,Wisconsin,Penn State,10,16,False,PRIMARY_REGULAR_PROVISIONAL,v0.22_population_ledger
2021,401282822,2021-09-04T16:00:00.000Z,Rutgers,Temple,61,14,False,PRIMARY_REGULAR_PROVISIONAL,v0.22_population_ledger
2021,401287889,2021-09-04T16:00:00.000Z,Kansas State,Stanford,24,7,True,PRIMARY_REGULAR_PROVISIONAL,v0.22_population_ledger
2021,401287894,2021-09-04T16:00:00.000Z,Oklahoma,Tulane,40,35,False,PRIMARY_REGULAR_PROVISIONAL,v0.22_population_ledger
2021,401309601,2021-09-04T16:00:00.000Z,Georgia State,Army,10,43,False,PRIMARY_REGULAR_PROVISIONAL,v0.22_population_ledger
2021,401281943,2021-09-04T18:00:00.000Z,Arkansas,Rice,38,17,False,PRIMARY_REGULAR_PROVISIONAL,v0.22_population_ledger
2021,401309838,2021-09-04T18:00:00.000Z,Oregon,Fresno State,31,24,False,PRIMARY_REGULAR_PROVISIONAL,v0.22_population_ledger
2021,401281942,2021-09-04T19:30:00.000Z,Miami (FL),Alabama,13,44,True,PRIMARY_REGULAR_PROVISIONAL,v0.22_population_ledger
2021,401282174,2021-09-04T19:30:00.000Z,Navy,Marshall,7,49,False,PRIMARY_REGULAR_PROVISIONAL,v0.22_population_ledger
2021,401282723,2021-09-04T19:30:00.000Z,Iowa,Indiana,34,6,False,PRIMARY_REGULAR_PROVISIONAL,v0.22_population_ledger
2021,401282764,2021-09-04T19:30:00.000Z,Maryland,West Virginia,30,24,False,PRIMARY_REGULAR_PROVISIONAL,v0.22_population_ledger
2021,401300996,2021-09-04T19:30:00.000Z,Cincinnati,Miami (OH),49,14,False,PRIMARY_REGULAR_PROVISIONAL,v0.22_population_ledger
2021,401281949,2021-09-04T20:00:00.000Z,Mississippi State,Louisiana Tech,35,34,False,PRIMARY_REGULAR_PROVISIONAL,v0.22_population_ledger
2021,401281950,2021-09-04T20:00:00.000Z,Missouri,Central Michigan,34,24,False,PRIMARY_REGULAR_PROVISIONAL,v0.22_population_ledger
2021,401282612,2021-09-04T20:00:00.000Z,Pittsburgh,UMass,51,7,False,PRIMARY_REGULAR_PROVISIONAL,v0.22_population_ledger
2021,401287892,2021-09-04T20:30:00.000Z,Texas,Louisiana,38,18,False,PRIMARY_REGULAR_PROVISIONAL,v0.22_population_ledger
2021,401309842,2021-09-04T21:00:00.000Z,USC,San Jose State,30,7,False,PRIMARY_REGULAR_PROVISIONAL,v0.22_population_ledger
2021,401281944,2021-09-04T23:00:00.000Z,Auburn,Akron,60,10,False,PRIMARY_REGULAR_PROVISIONAL,v0.22_population_ledger
2021,401282611,2021-09-04T23:00:00.000Z,Ohio,Syracuse,9,29,False,PRIMARY_REGULAR_PROVISIONAL,v0.22_population_ledger
2021,401282819,2021-09-04T23:00:00.000Z,Purdue,Oregon State,30,21,False,PRIMARY_REGULAR_PROVISIONAL,v0.22_population_ledger
2021,401287886,2021-09-04T23:00:00.000Z,Houston,Texas Tech,21,38,True,PRIMARY_REGULAR_PROVISIONAL,v0.22_population_ledger
2021,401287893,2021-09-04T23:00:00.000Z,Texas State,Baylor,20,29,False,PRIMARY_REGULAR_PROVISIONAL,v0.22_population_ledger
2021,401281945,2021-09-04T23:30:00.000Z,Florida,Florida Atlantic,35,14,False,PRIMARY_REGULAR_PROVISIONAL,v0.22_population_ledger
2021,401281946,2021-09-04T23:30:00.000Z,Clemson,Georgia,3,10,True,PRIMARY_REGULAR_PROVISIONAL,v0.22_population_ledger
2021,401282179,2021-09-04T23:30:00.000Z,Illinois,UTSA,30,37,False,PRIMARY_REGULAR_PROVISIONAL,v0.22_population_ledger
2021,401282610,2021-09-04T23:30:00.000Z,Georgia Tech,Northern Illinois,21,22,False,PRIMARY_REGULAR_PROVISIONAL,v0.22_population_ledger
2021,401282053,2021-09-05T00:00:00.000Z,Texas A&M,Kent State,41,10,False,PRIMARY_REGULAR_PROVISIONAL,v0.22_population_ledger
2021,401282177,2021-09-05T00:00:00.000Z,South Alabama,Southern Miss,31,7,False,PRIMARY_REGULAR_PROVISIONAL,v0.22_population_ledger
2021,401281948,2021-09-05T00:30:00.000Z,UCLA,LSU,38,27,False,PRIMARY_REGULAR_PROVISIONAL,v0.22_population_ledger
2021,401309837,2021-09-05T02:30:00.000Z,California,Nevada,17,22,False,PRIMARY_REGULAR_PROVISIONAL,v0.22_population_ledger
2021,401309841,2021-09-05T02:30:00.000Z,Arizona,BYU,16,24,True,PRIMARY_REGULAR_PROVISIONAL,v0.22_population_ledger
2021,401310699,2021-09-05T02:30:00.000Z,San Diego State,New Mexico State,28,10,False,PRIMARY_REGULAR_PROVISIONAL,v0.22_population_ledger
2021,401309840,2021-09-05T03:00:00.000Z,Washington State,Utah State,23,26,False,PRIMARY_REGULAR_PROVISIONAL,v0.22_population_ledger
2021,401282614,2021-09-05T23:30:00.000Z,Florida State,Notre Dame,38,41,False,PRIMARY_REGULAR_PROVISIONAL,v0.22_population_ledger
2021,401282055,2021-09-07T00:00:00.000Z,Ole Miss,Louisville,43,24,True,PRIMARY_REGULAR_PROVISIONAL,v0.22_population_ledger
2021,401287896,2021-09-10T23:30:00.000Z,Coastal Carolina,Kansas,49,22,False,PRIMARY_REGULAR_PROVISIONAL,v0.22_population_ledger
2021,401282191,2021-09-11T01:30:00.000Z,Boise State,UTEP,54,13,False,PRIMARY_REGULAR_PROVISIONAL,v0.22_population_ledger
2021,401282624,2021-09-11T15:00:00.000Z,Virginia,Illinois,42,14,False,PRIMARY_REGULAR_PROVISIONAL,v0.22_population_ledger
2021,401282193,2021-09-11T15:30:00.000Z,Army,Western Kentucky,38,35,False,PRIMARY_REGULAR_PROVISIONAL,v0.22_population_ledger
2021,401282065,2021-09-11T16:00:00.000Z,East Carolina,South Carolina,17,20,False,PRIMARY_REGULAR_PROVISIONAL,v0.22_population_ledger
2021,401282066,2021-09-11T16:00:00.000Z,Tennessee,Pittsburgh,34,41,False,PRIMARY_REGULAR_PROVISIONAL,v0.22_population_ledger
2021,401282790,2021-09-11T16:00:00.000Z,Minnesota,Miami (OH),31,26,False,PRIMARY_REGULAR_PROVISIONAL,v0.22_population_ledger
2021,401282809,2021-09-11T16:00:00.000Z,Ohio State,Oregon,28,35,False,PRIMARY_REGULAR_PROVISIONAL,v0.22_population_ledger
2021,401287899,2021-09-11T16:00:00.000Z,Oklahoma State,Tulsa,28,23,False,PRIMARY_REGULAR_PROVISIONAL,v0.22_population_ledger
2021,401282059,2021-09-11T17:00:00.000Z,South Florida,Florida,20,42,False,PRIMARY_REGULAR_PROVISIONAL,v0.22_population_ledger
2021,401309547,2021-09-11T17:30:00.000Z,Northern Illinois,Wyoming,43,50,False,PRIMARY_REGULAR_PROVISIONAL,v0.22_population_ledger
2021,401282186,2021-09-11T18:00:00.000Z,Virginia Tech,Middle Tennessee,35,14,False,PRIMARY_REGULAR_PROVISIONAL,v0.22_population_ledger
2021,401282622,2021-09-11T18:00:00.000Z,Syracuse,Rutgers,7,17,False,PRIMARY_REGULAR_PROVISIONAL,v0.22_population_ledger
2021,401282705,2021-09-11T18:30:00.000Z,Notre Dame,Toledo,32,29,False,PRIMARY_REGULAR_PROVISIONAL,v0.22_population_ledger
2021,401282820,2021-09-11T19:00:00.000Z,UConn,Purdue,0,49,False,PRIMARY_REGULAR_PROVISIONAL,v0.22_population_ledger
2021,401282060,2021-09-11T19:30:00.000Z,Georgia,UAB,56,7,False,PRIMARY_REGULAR_PROVISIONAL,v0.22_population_ledger
2021,401282067,2021-09-11T19:30:00.000Z,Colorado,Texas A&M,7,10,True,PRIMARY_REGULAR_PROVISIONAL,v0.22_population_ledger
2021,401282183,2021-09-11T19:30:00.000Z,Florida Atlantic,Georgia Southern,38,6,False,PRIMARY_REGULAR_PROVISIONAL,v0.22_population_ledger
2021,401282623,2021-09-11T19:30:00.000Z,UMass,Boston College,28,45,False,PRIMARY_REGULAR_PROVISIONAL,v0.22_population_ledger
2021,401282797,2021-09-11T19:30:00.000Z,Nebraska,Buffalo,28,3,False,PRIMARY_REGULAR_PROVISIONAL,v0.22_population_ledger
2021,401282816,2021-09-11T19:30:00.000Z,Penn State,Ball State,44,13,False,PRIMARY_REGULAR_PROVISIONAL,v0.22_population_ledger
2021,401287900,2021-09-11T19:30:00.000Z,TCU,California,34,32,False,PRIMARY_REGULAR_PROVISIONAL,v0.22_population_ledger
2021,401300999,2021-09-11T19:30:00.000Z,Akron,Temple,24,45,False,PRIMARY_REGULAR_PROVISIONAL,v0.22_population_ledger
2021,401301004,2021-09-11T19:30:00.000Z,Navy,Air Force,3,23,False,PRIMARY_REGULAR_PROVISIONAL,v0.22_population_ledger
2021,401309546,2021-09-11T20:00:00.000Z,Bowling Green,South Alabama,19,22,False,PRIMARY_REGULAR_PROVISIONAL,v0.22_population_ledger
2021,401282754,2021-09-11T20:30:00.000Z,Iowa State,Iowa,17,27,False,PRIMARY_REGULAR_PROVISIONAL,v0.22_population_ledger
2021,401282189,2021-09-11T22:30:00.000Z,Rice,Houston,7,44,False,PRIMARY_REGULAR_PROVISIONAL,v0.22_population_ledger
2021,401282057,2021-09-11T23:00:00.000Z,Arkansas,Texas,40,21,False,PRIMARY_REGULAR_PROVISIONAL,v0.22_population_ledger
2021,401282064,2021-09-11T23:00:00.000Z,Mississippi State,NC State,24,10,False,PRIMARY_REGULAR_PROVISIONAL,v0.22_population_ledger
2021,401282182,2021-09-11T23:00:00.000Z,FIU,Texas State,17,23,False,PRIMARY_REGULAR_PROVISIONAL,v0.22_population_ledger
2021,401282187,2021-09-11T23:00:00.000Z,SMU,North Texas,35,12,False,PRIMARY_REGULAR_PROVISIONAL,v0.22_population_ledger
2021,401282620,2021-09-11T23:00:00.000Z,Miami (FL),Appalachian State,25,23,False,PRIMARY_REGULAR_PROVISIONAL,v0.22_population_ledger
2021,401282825,2021-09-11T23:00:00.000Z,Wisconsin,Eastern Michigan,34,7,False,PRIMARY_REGULAR_PROVISIONAL,v0.22_population_ledger
2021,401286295,2021-09-11T23:00:00.000Z,Troy,Liberty,13,21,False,PRIMARY_REGULAR_PROVISIONAL,v0.22_population_ledger
2021,401301003,2021-09-11T23:00:00.000Z,Arkansas State,Memphis,50,55,False,PRIMARY_REGULAR_PROVISIONAL,v0.22_population_ledger
2021,401310700,2021-09-11T23:00:00.000Z,New Mexico,New Mexico State,34,25,False,PRIMARY_REGULAR_PROVISIONAL,v0.22_population_ledger
2021,401282061,2021-09-11T23:30:00.000Z,Kentucky,Missouri,35,28,False,PRIMARY_REGULAR_PROVISIONAL,v0.22_population_ledger
2021,401282621,2021-09-11T23:30:00.000Z,North Carolina,Georgia State,59,17,False,PRIMARY_REGULAR_PROVISIONAL,v0.22_population_ledger
2021,401282773,2021-09-12T00:00:00.000Z,Michigan,Washington,31,10,False,PRIMARY_REGULAR_PROVISIONAL,v0.22_population_ledger
2021,401282068,2021-09-12T02:00:00.000Z,Colorado State,Vanderbilt,21,24,False,PRIMARY_REGULAR_PROVISIONAL,v0.22_population_ledger
2021,401309846,2021-09-12T02:00:00.000Z,Arizona,San Diego State,14,38,False,PRIMARY_REGULAR_PROVISIONAL,v0.22_population_ledger
2021,401309848,2021-09-12T02:15:00.000Z,BYU,Utah,26,17,False,PRIMARY_REGULAR_PROVISIONAL,v0.22_population_ledger
2021,401309843,2021-09-12T02:30:00.000Z,USC,Stanford,28,42,False,PRIMARY_REGULAR_PROVISIONAL,v0.22_population_ledger
2021,401309847,2021-09-12T02:30:00.000Z,Arizona State,UNLV,37,10,False,PRIMARY_REGULAR_PROVISIONAL,v0.22_population_ledger
2021,401309844,2021-09-12T03:00:00.000Z,Oregon State,Hawaii,45,27,False,PRIMARY_REGULAR_PROVISIONAL,v0.22_population_ledger
2021,401309606,2021-09-17T00:00:00.000Z,Louisiana,Ohio,49,14,False,PRIMARY_REGULAR_PROVISIONAL,v0.22_population_ledger
2021,401282626,2021-09-17T23:30:00.000Z,Louisville,UCF,42,35,False,PRIMARY_REGULAR_PROVISIONAL,v0.22_population_ledger
2021,401282715,2021-09-18T01:00:00.000Z,Illinois,Maryland,17,20,False,PRIMARY_REGULAR_PROVISIONAL,v0.22_population_ledger
2021,401282079,2021-09-18T16:00:00.000Z,Texas A&M,New Mexico,34,0,False,PRIMARY_REGULAR_PROVISIONAL,v0.22_population_ledger
2021,401282629,2021-09-18T16:00:00.000Z,Miami (FL),Michigan State,17,38,False,PRIMARY_REGULAR_PROVISIONAL,v0.22_population_ledger
2021,401282632,2021-09-18T16:00:00.000Z,Pittsburgh,Western Michigan,41,44,False,PRIMARY_REGULAR_PROVISIONAL,v0.22_population_ledger
2021,401282634,2021-09-18T16:00:00.000Z,Temple,Boston College,3,28,False,PRIMARY_REGULAR_PROVISIONAL,v0.22_population_ledger
2021,401282636,2021-09-18T16:00:00.000Z,West Virginia,Virginia Tech,27,21,False,PRIMARY_REGULAR_PROVISIONAL,v0.22_population_ledger
2021,401282725,2021-09-18T16:00:00.000Z,Indiana,Cincinnati,24,38,False,PRIMARY_REGULAR_PROVISIONAL,v0.22_population_ledger
2021,401282774,2021-09-18T16:00:00.000Z,Michigan,Northern Illinois,63,10,False,PRIMARY_REGULAR_PROVISIONAL,v0.22_population_ledger
2021,401282798,2021-09-18T16:00:00.000Z,Oklahoma,Nebraska,23,16,False,PRIMARY_REGULAR_PROVISIONAL,v0.22_population_ledger
2021,401286189,2021-09-18T16:00:00.000Z,Army,UConn,52,21,False,PRIMARY_REGULAR_PROVISIONAL,v0.22_population_ledger
2021,401309552,2021-09-18T16:00:00.000Z,Buffalo,Coastal Carolina,25,28,False,PRIMARY_REGULAR_PROVISIONAL,v0.22_population_ledger
2021,401282791,2021-09-18T17:00:00.000Z,Colorado,Minnesota,0,30,False,PRIMARY_REGULAR_PROVISIONAL,v0.22_population_ledger
2021,401287905,2021-09-18T18:00:00.000Z,Kansas State,Nevada,38,17,False,PRIMARY_REGULAR_PROVISIONAL,v0.22_population_ledger
2021,401282706,2021-09-18T18:30:00.000Z,Notre Dame,Purdue,27,13,False,PRIMARY_REGULAR_PROVISIONAL,v0.22_population_ledger
2021,401282071,2021-09-18T19:30:00.000Z,Florida,Alabama,29,31,False,PRIMARY_REGULAR_PROVISIONAL,v0.22_population_ledger
2021,401282199,2021-09-18T19:30:00.000Z,Louisiana Tech,SMU,37,39,False,PRIMARY_REGULAR_PROVISIONAL,v0.22_population_ledger
2021,401282627,2021-09-18T19:30:00.000Z,Clemson,Georgia Tech,14,8,False,PRIMARY_REGULAR_PROVISIONAL,v0.22_population_ledger
2021,401282635,2021-09-18T19:30:00.000Z,Wake Forest,Florida State,35,14,False,PRIMARY_REGULAR_PROVISIONAL,v0.22_population_ledger
2021,401282755,2021-09-18T19:30:00.000Z,Iowa,Kent State,30,7,False,PRIMARY_REGULAR_PROVISIONAL,v0.22_population_ledger
2021,401282810,2021-09-18T19:30:00.000Z,Ohio State,Tulsa,41,20,False,PRIMARY_REGULAR_PROVISIONAL,v0.22_population_ledger
2021,401286300,2021-09-18T19:30:00.000Z,UMass,Eastern Michigan,28,42,False,PRIMARY_REGULAR_PROVISIONAL,v0.22_population_ledger
2021,401287904,2021-09-18T19:30:00.000Z,Kansas,Baylor,7,45,False,PRIMARY_REGULAR_PROVISIONAL,v0.22_population_ledger
2021,401309852,2021-09-18T19:30:00.000Z,Washington State,USC,14,45,False,PRIMARY_REGULAR_PROVISIONAL,v0.22_population_ledger
2021,401282069,2021-09-18T20:00:00.000Z,Arkansas,Georgia Southern,45,10,False,PRIMARY_REGULAR_PROVISIONAL,v0.22_population_ledger
2021,401282076,2021-09-18T20:00:00.000Z,Memphis,Mississippi State,31,29,False,PRIMARY_REGULAR_PROVISIONAL,v0.22_population_ledger
2021,401282628,2021-09-18T20:00:00.000Z,Duke,Northwestern,30,23,False,PRIMARY_REGULAR_PROVISIONAL,v0.22_population_ledger
2021,401309549,2021-09-18T20:00:00.000Z,Wyoming,Ball State,45,12,False,PRIMARY_REGULAR_PROVISIONAL,v0.22_population_ledger
2021,401309553,2021-09-18T20:00:00.000Z,Toledo,Colorado State,6,22,False,PRIMARY_REGULAR_PROVISIONAL,v0.22_population_ledger
2021,401309605,2021-09-18T20:15:00.000Z,Washington,Arkansas State,52,3,False,PRIMARY_REGULAR_PROVISIONAL,v0.22_population_ledger
2021,401282194,2021-09-18T22:00:00.000Z,UTSA,Middle Tennessee,27,13,False,PRIMARY_REGULAR_PROVISIONAL,v0.22_population_ledger
2021,401282200,2021-09-18T22:00:00.000Z,Marshall,East Carolina,38,42,False,PRIMARY_REGULAR_PROVISIONAL,v0.22_population_ledger
2021,401282201,2021-09-18T22:00:00.000Z,Liberty,Old Dominion,45,17,False,PRIMARY_REGULAR_PROVISIONAL,v0.22_population_ledger
2021,401282072,2021-09-18T23:00:00.000Z,Georgia,South Carolina,40,13,False,PRIMARY_REGULAR_PROVISIONAL,v0.22_population_ledger
2021,401282196,2021-09-18T23:00:00.000Z,Georgia State,Charlotte,20,9,False,PRIMARY_REGULAR_PROVISIONAL,v0.22_population_ledger
2021,401282197,2021-09-18T23:00:00.000Z,Texas Tech,FIU,54,21,False,PRIMARY_REGULAR_PROVISIONAL,v0.22_population_ledger
2021,401282203,2021-09-18T23:00:00.000Z,Southern Miss,Troy,9,21,False,PRIMARY_REGULAR_PROVISIONAL,v0.22_population_ledger
2021,401309856,2021-09-18T23:00:00.000Z,San Diego State,Utah,33,31,False,PRIMARY_REGULAR_PROVISIONAL,v0.22_population_ledger
2021,401282070,2021-09-18T23:30:00.000Z,Penn State,Auburn,28,20,False,PRIMARY_REGULAR_PROVISIONAL,v0.22_population_ledger
2021,401282074,2021-09-18T23:30:00.000Z,LSU,Central Michigan,49,21,False,PRIMARY_REGULAR_PROVISIONAL,v0.22_population_ledger
2021,401282195,2021-09-18T23:30:00.000Z,North Texas,UAB,6,40,False,PRIMARY_REGULAR_PROVISIONAL,v0.22_population_ledger
2021,401282631,2021-09-18T23:30:00.000Z,North Carolina,Virginia,59,39,False,PRIMARY_REGULAR_PROVISIONAL,v0.22_population_ledger
2021,401310704,2021-09-18T23:30:00.000Z,Air Force,Utah State,45,49,False,PRIMARY_REGULAR_PROVISIONAL,v0.22_population_ledger
2021,401282075,2021-09-19T00:00:00.000Z,Ole Miss,Tulane,61,21,False,PRIMARY_REGULAR_PROVISIONAL,v0.22_population_ledger
2021,401282080,2021-09-19T00:00:00.000Z,Vanderbilt,Stanford,23,41,False,PRIMARY_REGULAR_PROVISIONAL,v0.22_population_ledger
2021,401282202,2021-09-19T00:00:00.000Z,Texas,Rice,58,0,False,PRIMARY_REGULAR_PROVISIONAL,v0.22_population_ledger
2021,401287903,2021-09-19T01:00:00.000Z,Boise State,Oklahoma State,20,21,False,PRIMARY_REGULAR_PROVISIONAL,v0.22_population_ledger
2021,401309854,2021-09-19T02:15:00.000Z,BYU,Arizona State,27,17,False,PRIMARY_REGULAR_PROVISIONAL,v0.22_population_ledger
2021,401287906,2021-09-19T02:30:00.000Z,UNLV,Iowa State,3,48,False,PRIMARY_REGULAR_PROVISIONAL,v0.22_population_ledger
2021,401309855,2021-09-19T02:45:00.000Z,UCLA,Fresno State,37,40,False,PRIMARY_REGULAR_PROVISIONAL,v0.22_population_ledger
2021,401310705,2021-09-19T04:30:00.000Z,Hawaii,San Jose State,13,17,False,PRIMARY_REGULAR_PROVISIONAL,v0.22_population_ledger
2021,401282208,2021-09-23T23:30:00.000Z,Appalachian State,Marshall,31,30,False,PRIMARY_REGULAR_PROVISIONAL,v0.22_population_ledger
2021,401282204,2021-09-24T22:30:00.000Z,Charlotte,Middle Tennessee,42,39,False,PRIMARY_REGULAR_PROVISIONAL,v0.22_population_ledger
2021,401282638,2021-09-24T23:00:00.000Z,Virginia,Wake Forest,17,37,False,PRIMARY_REGULAR_PROVISIONAL,v0.22_population_ledger
2021,401282637,2021-09-25T00:00:00.000Z,Syracuse,Liberty,24,21,False,PRIMARY_REGULAR_PROVISIONAL,v0.22_population_ledger
2021,401310707,2021-09-25T02:00:00.000Z,Fresno State,UNLV,38,30,False,PRIMARY_REGULAR_PROVISIONAL,v0.22_population_ledger
2021,401282085,2021-09-25T16:00:00.000Z,Mississippi State,LSU,25,28,False,PRIMARY_REGULAR_PROVISIONAL,v0.22_population_ledger
2021,401282086,2021-09-25T16:00:00.000Z,Boston College,Missouri,41,34,False,PRIMARY_REGULAR_PROVISIONAL,v0.22_population_ledger
2021,401282088,2021-09-25T16:00:00.000Z,Vanderbilt,Georgia,0,62,False,PRIMARY_REGULAR_PROVISIONAL,v0.22_population_ledger
2021,401282206,2021-09-25T16:00:00.000Z,Central Michigan,FIU,31,27,False,PRIMARY_REGULAR_PROVISIONAL,v0.22_population_ledger
2021,401282707,2021-09-25T16:00:00.000Z,Wisconsin,Notre Dame,13,41,True,PRIMARY_REGULAR_PROVISIONAL,v0.22_population_ledger
2021,401282792,2021-09-25T16:00:00.000Z,Minnesota,Bowling Green,10,14,False,PRIMARY_REGULAR_PROVISIONAL,v0.22_population_ledger
2021,401282805,2021-09-25T16:00:00.000Z,Northwestern,Ohio,35,6,False,PRIMARY_REGULAR_PROVISIONAL,v0.22_population_ledger
2021,401287910,2021-09-25T16:00:00.000Z,TCU,SMU,34,42,False,PRIMARY_REGULAR_PROVISIONAL,v0.22_population_ledger
2021,401287911,2021-09-25T16:00:00.000Z,Texas,Texas Tech,70,35,False,PRIMARY_REGULAR_PROVISIONAL,v0.22_population_ledger
2021,401308834,2021-09-25T16:00:00.000Z,Army,Miami (OH),23,10,False,PRIMARY_REGULAR_PROVISIONAL,v0.22_population_ledger
2021,401310706,2021-09-25T16:00:00.000Z,Utah State,Boise State,3,27,False,PRIMARY_REGULAR_PROVISIONAL,v0.22_population_ledger
2021,401286301,2021-09-25T17:00:00.000Z,Coastal Carolina,UMass,53,3,False,PRIMARY_REGULAR_PROVISIONAL,v0.22_population_ledger
2021,401309554,2021-09-25T18:00:00.000Z,Western Michigan,San Jose State,23,3,False,PRIMARY_REGULAR_PROVISIONAL,v0.22_population_ledger
2021,401309555,2021-09-25T18:00:00.000Z,Ball State,Toledo,12,22,False,PRIMARY_REGULAR_PROVISIONAL,v0.22_population_ledger
2021,401309557,2021-09-25T18:00:00.000Z,Eastern Michigan,Texas State,59,21,False,PRIMARY_REGULAR_PROVISIONAL,v0.22_population_ledger
2021,401309861,2021-09-25T18:30:00.000Z,Utah,Washington State,24,13,False,PRIMARY_REGULAR_PROVISIONAL,v0.22_population_ledger
2021,401282082,2021-09-25T19:30:00.000Z,Arkansas,Texas A&M,20,10,True,PRIMARY_REGULAR_PROVISIONAL,v0.22_population_ledger
2021,401282213,2021-09-25T19:30:00.000Z,Memphis,UTSA,28,31,False,PRIMARY_REGULAR_PROVISIONAL,v0.22_population_ledger
2021,401282640,2021-09-25T19:30:00.000Z,Florida State,Louisville,23,31,False,PRIMARY_REGULAR_PROVISIONAL,v0.22_population_ledger
2021,401282643,2021-09-25T19:30:00.000Z,NC State,Clemson,27,21,False,PRIMARY_REGULAR_PROVISIONAL,v0.22_population_ledger
2021,401282716,2021-09-25T19:30:00.000Z,Purdue,Illinois,13,9,False,PRIMARY_REGULAR_PROVISIONAL,v0.22_population_ledger
2021,401282756,2021-09-25T19:30:00.000Z,Iowa,Colorado State,24,14,False,PRIMARY_REGULAR_PROVISIONAL,v0.22_population_ledger
2021,401282765,2021-09-25T19:30:00.000Z,Maryland,Kent State,37,16,False,PRIMARY_REGULAR_PROVISIONAL,v0.22_population_ledger
2021,401282775,2021-09-25T19:30:00.000Z,Michigan,Rutgers,20,13,False,PRIMARY_REGULAR_PROVISIONAL,v0.22_population_ledger
2021,401286190,2021-09-25T19:30:00.000Z,UConn,Wyoming,22,24,False,PRIMARY_REGULAR_PROVISIONAL,v0.22_population_ledger
2021,401287907,2021-09-25T19:30:00.000Z,Baylor,Iowa State,31,29,False,PRIMARY_REGULAR_PROVISIONAL,v0.22_population_ledger
2021,401282083,2021-09-25T20:00:00.000Z,Auburn,Georgia State,34,24,False,PRIMARY_REGULAR_PROVISIONAL,v0.22_population_ledger
2021,401282639,2021-09-25T20:00:00.000Z,Duke,Kansas,52,33,False,PRIMARY_REGULAR_PROVISIONAL,v0.22_population_ledger
2021,401301011,2021-09-25T21:00:00.000Z,Tulsa,Arkansas State,41,34,False,PRIMARY_REGULAR_PROVISIONAL,v0.22_population_ledger
2021,401282209,2021-09-25T22:00:00.000Z,Old Dominion,Buffalo,34,35,False,PRIMARY_REGULAR_PROVISIONAL,v0.22_population_ledger
2021,401309610,2021-09-25T22:00:00.000Z,Georgia Southern,Louisiana,20,28,False,PRIMARY_REGULAR_PROVISIONAL,v0.22_population_ledger
2021,401309858,2021-09-25T22:00:00.000Z,Stanford,UCLA,24,35,False,PRIMARY_REGULAR_PROVISIONAL,v0.22_population_ledger
2021,401282084,2021-09-25T23:00:00.000Z,Florida,Tennessee,38,14,False,PRIMARY_REGULAR_PROVISIONAL,v0.22_population_ledger
2021,401282087,2021-09-25T23:00:00.000Z,South Carolina,Kentucky,10,16,False,PRIMARY_REGULAR_PROVISIONAL,v0.22_population_ledger
2021,401282205,2021-09-25T23:00:00.000Z,Louisiana Tech,North Texas,24,17,False,PRIMARY_REGULAR_PROVISIONAL,v0.22_population_ledger
2021,401282784,2021-09-25T23:00:00.000Z,Michigan State,Nebraska,23,20,False,PRIMARY_REGULAR_PROVISIONAL,v0.22_population_ledger
2021,401287909,2021-09-25T23:00:00.000Z,Oklahoma State,Kansas State,31,20,False,PRIMARY_REGULAR_PROVISIONAL,v0.22_population_ledger
2021,401301008,2021-09-25T23:00:00.000Z,Houston,Navy,28,20,False,PRIMARY_REGULAR_PROVISIONAL,v0.22_population_ledger
2021,401282081,2021-09-25T23:30:00.000Z,Alabama,Southern Miss,63,14,False,PRIMARY_REGULAR_PROVISIONAL,v0.22_population_ledger
2021,401282641,2021-09-25T23:30:00.000Z,Georgia Tech,North Carolina,45,22,True,PRIMARY_REGULAR_PROVISIONAL,v0.22_population_ledger
2021,401282811,2021-09-25T23:30:00.000Z,Ohio State,Akron,59,7,False,PRIMARY_REGULAR_PROVISIONAL,v0.22_population_ledger
2021,401287908,2021-09-25T23:30:00.000Z,Oklahoma,West Virginia,16,13,False,PRIMARY_REGULAR_PROVISIONAL,v0.22_population_ledger
2021,401282207,2021-09-26T00:00:00.000Z,Air Force,Florida Atlantic,31,7,False,PRIMARY_REGULAR_PROVISIONAL,v0.22_population_ledger
2021,401282211,2021-09-26T00:00:00.000Z,Tulane,UAB,21,28,False,PRIMARY_REGULAR_PROVISIONAL,v0.22_population_ledger
2021,401282214,2021-09-26T00:00:00.000Z,Western Kentucky,Indiana,31,33,False,PRIMARY_REGULAR_PROVISIONAL,v0.22_population_ledger
2021,401309611,2021-09-26T00:00:00.000Z,UL Monroe,Troy,29,16,False,PRIMARY_REGULAR_PROVISIONAL,v0.22_population_ledger
2021,401310708,2021-09-26T00:00:00.000Z,New Mexico State,Hawaii,21,41,False,PRIMARY_REGULAR_PROVISIONAL,v0.22_population_ledger
2021,401282212,2021-09-26T01:00:00.000Z,UTEP,New Mexico,20,13,False,PRIMARY_REGULAR_PROVISIONAL,v0.22_population_ledger
2021,401309857,2021-09-26T01:30:00.000Z,Washington,California,31,24,False,PRIMARY_REGULAR_PROVISIONAL,v0.22_population_ledger
2021,401301009,2021-09-26T02:15:00.000Z,BYU,South Florida,35,27,False,PRIMARY_REGULAR_PROVISIONAL,v0.22_population_ledger
2021,401309859,2021-09-26T02:30:00.000Z,Oregon,Arizona,41,19,False,PRIMARY_REGULAR_PROVISIONAL,v0.22_population_ledger
2021,401309860,2021-09-26T02:30:00.000Z,USC,Oregon State,27,45,False,PRIMARY_REGULAR_PROVISIONAL,v0.22_population_ledger
2021,401309862,2021-09-26T02:30:00.000Z,Arizona State,Colorado,35,13,False,PRIMARY_REGULAR_PROVISIONAL,v0.22_population_ledger
2021,401282646,2021-09-30T23:30:00.000Z,Miami (FL),Virginia,28,30,False,PRIMARY_REGULAR_PROVISIONAL,v0.22_population_ledger
2021,401301012,2021-10-01T23:30:00.000Z,Tulsa,Houston,10,45,False,PRIMARY_REGULAR_PROVISIONAL,v0.22_population_ledger
2021,401282759,2021-10-02T00:00:00.000Z,Maryland,Iowa,14,51,False,PRIMARY_REGULAR_PROVISIONAL,v0.22_population_ledger
2021,401309912,2021-10-02T01:00:00.000Z,Utah State,BYU,20,34,False,PRIMARY_REGULAR_PROVISIONAL,v0.22_population_ledger
2021,401282090,2021-10-02T16:00:00.000Z,Georgia,Arkansas,37,0,False,PRIMARY_REGULAR_PROVISIONAL,v0.22_population_ledger
2021,401282093,2021-10-02T16:00:00.000Z,Missouri,Tennessee,24,62,False,PRIMARY_REGULAR_PROVISIONAL,v0.22_population_ledger
2021,401282219,2021-10-02T16:00:00.000Z,Illinois,Charlotte,24,14,False,PRIMARY_REGULAR_PROVISIONAL,v0.22_population_ledger
2021,401282649,2021-10-02T16:00:00.000Z,Georgia Tech,Pittsburgh,21,52,False,PRIMARY_REGULAR_PROVISIONAL,v0.22_population_ledger
2021,401282650,2021-10-02T16:00:00.000Z,North Carolina,Duke,38,7,False,PRIMARY_REGULAR_PROVISIONAL,v0.22_population_ledger
2021,401282776,2021-10-02T16:00:00.000Z,Wisconsin,Michigan,17,38,False,PRIMARY_REGULAR_PROVISIONAL,v0.22_population_ledger
2021,401282793,2021-10-02T16:00:00.000Z,Purdue,Minnesota,13,20,False,PRIMARY_REGULAR_PROVISIONAL,v0.22_population_ledger
2021,401286302,2021-10-02T16:00:00.000Z,UMass,Toledo,7,45,False,PRIMARY_REGULAR_PROVISIONAL,v0.22_population_ledger
2021,401287915,2021-10-02T16:00:00.000Z,TCU,Texas,27,32,False,PRIMARY_REGULAR_PROVISIONAL,v0.22_population_ledger
2021,401301015,2021-10-02T16:00:00.000Z,Temple,Memphis,34,31,False,PRIMARY_REGULAR_PROVISIONAL,v0.22_population_ledger
2021,401309561,2021-10-02T16:00:00.000Z,Buffalo,Western Michigan,17,24,False,PRIMARY_REGULAR_PROVISIONAL,v0.22_population_ledger
2021,401282651,2021-10-02T16:30:00.000Z,Wake Forest,Louisville,37,34,False,PRIMARY_REGULAR_PROVISIONAL,v0.22_population_ledger
2021,401309612,2021-10-02T18:00:00.000Z,Georgia State,Appalachian State,16,45,False,PRIMARY_REGULAR_PROVISIONAL,v0.22_population_ledger
2021,401309867,2021-10-02T18:00:00.000Z,Colorado,USC,14,37,False,PRIMARY_REGULAR_PROVISIONAL,v0.22_population_ledger
2021,401282708,2021-10-02T18:30:00.000Z,Notre Dame,Cincinnati,13,24,False,PRIMARY_REGULAR_PROVISIONAL,v0.22_population_ledger
2021,401309558,2021-10-02T18:30:00.000Z,Northern Illinois,Eastern Michigan,27,20,False,PRIMARY_REGULAR_PROVISIONAL,v0.22_population_ledger
2021,401309614,2021-10-02T18:30:00.000Z,Coastal Carolina,UL Monroe,59,6,False,PRIMARY_REGULAR_PROVISIONAL,v0.22_population_ledger
2021,401282089,2021-10-02T19:30:00.000Z,Alabama,Ole Miss,42,21,False,PRIMARY_REGULAR_PROVISIONAL,v0.22_population_ledger
2021,401282094,2021-10-02T19:30:00.000Z,South Carolina,Troy,23,14,False,PRIMARY_REGULAR_PROVISIONAL,v0.22_population_ledger
2021,401282215,2021-10-02T19:30:00.000Z,Florida Atlantic,FIU,58,21,False,PRIMARY_REGULAR_PROVISIONAL,v0.22_population_ledger
2021,401282648,2021-10-02T19:30:00.000Z,Florida State,Syracuse,33,30,False,PRIMARY_REGULAR_PROVISIONAL,v0.22_population_ledger
2021,401282813,2021-10-02T19:30:00.000Z,Rutgers,Ohio State,13,52,False,PRIMARY_REGULAR_PROVISIONAL,v0.22_population_ledger
2021,401287913,2021-10-02T19:30:00.000Z,Kansas State,Oklahoma,31,37,False,PRIMARY_REGULAR_PROVISIONAL,v0.22_population_ledger
2021,401287916,2021-10-02T19:30:00.000Z,West Virginia,Texas Tech,20,23,False,PRIMARY_REGULAR_PROVISIONAL,v0.22_population_ledger
2021,401301013,2021-10-02T19:30:00.000Z,Navy,UCF,34,30,False,PRIMARY_REGULAR_PROVISIONAL,v0.22_population_ledger
2021,401301014,2021-10-02T19:30:00.000Z,East Carolina,Tulane,52,29,False,PRIMARY_REGULAR_PROVISIONAL,v0.22_population_ledger
2021,401308835,2021-10-02T19:30:00.000Z,Miami (OH),Central Michigan,28,17,False,PRIMARY_REGULAR_PROVISIONAL,v0.22_population_ledger
2021,401309560,2021-10-02T19:30:00.000Z,Akron,Ohio,17,34,False,PRIMARY_REGULAR_PROVISIONAL,v0.22_population_ledger
2021,401309562,2021-10-02T19:30:00.000Z,Kent State,Bowling Green,27,20,False,PRIMARY_REGULAR_PROVISIONAL,v0.22_population_ledger
2021,401309864,2021-10-02T19:30:00.000Z,Stanford,Oregon,31,24,False,PRIMARY_REGULAR_PROVISIONAL,v0.22_population_ledger
2021,401310711,2021-10-02T19:30:00.000Z,Boise State,Nevada,31,41,False,PRIMARY_REGULAR_PROVISIONAL,v0.22_population_ledger
2021,401301016,2021-10-02T20:00:00.000Z,SMU,South Florida,41,17,False,PRIMARY_REGULAR_PROVISIONAL,v0.22_population_ledger
2021,401309613,2021-10-02T20:00:00.000Z,Georgia Southern,Arkansas State,59,33,False,PRIMARY_REGULAR_PROVISIONAL,v0.22_population_ledger
2021,401309559,2021-10-02T21:00:00.000Z,Ball State,Army,28,16,False,PRIMARY_REGULAR_PROVISIONAL,v0.22_population_ledger
2021,401309863,2021-10-02T21:30:00.000Z,California,Washington State,6,21,False,PRIMARY_REGULAR_PROVISIONAL,v0.22_population_ledger
2021,401282091,2021-10-02T22:00:00.000Z,Kentucky,Florida,20,13,False,PRIMARY_REGULAR_PROVISIONAL,v0.22_population_ledger
2021,401282220,2021-10-02T22:00:00.000Z,NC State,Louisiana Tech,34,27,False,PRIMARY_REGULAR_PROVISIONAL,v0.22_population_ledger
2021,401282222,2021-10-02T22:00:00.000Z,UTSA,UNLV,24,17,False,PRIMARY_REGULAR_PROVISIONAL,v0.22_population_ledger
2021,401282218,2021-10-02T22:30:00.000Z,Rice,Southern Miss,24,19,False,PRIMARY_REGULAR_PROVISIONAL,v0.22_population_ledger
2021,401310710,2021-10-02T22:30:00.000Z,New Mexico,Air Force,10,38,False,PRIMARY_REGULAR_PROVISIONAL,v0.22_population_ledger
2021,401282095,2021-10-02T23:00:00.000Z,Texas A&M,Mississippi State,22,26,False,PRIMARY_REGULAR_PROVISIONAL,v0.22_population_ledger
2021,401282216,2021-10-02T23:00:00.000Z,Middle Tennessee,Marshall,34,28,False,PRIMARY_REGULAR_PROVISIONAL,v0.22_population_ledger
2021,401282221,2021-10-02T23:00:00.000Z,UAB,Liberty,12,36,False,PRIMARY_REGULAR_PROVISIONAL,v0.22_population_ledger
2021,401287912,2021-10-02T23:00:00.000Z,Iowa State,Kansas,59,7,False,PRIMARY_REGULAR_PROVISIONAL,v0.22_population_ledger
2021,401287914,2021-10-02T23:00:00.000Z,Oklahoma State,Baylor,24,14,False,PRIMARY_REGULAR_PROVISIONAL,v0.22_population_ledger
2021,401282096,2021-10-02T23:30:00.000Z,Vanderbilt,UConn,30,28,False,PRIMARY_REGULAR_PROVISIONAL,v0.22_population_ledger
2021,401282223,2021-10-02T23:30:00.000Z,Michigan State,Western Kentucky,48,31,False,PRIMARY_REGULAR_PROVISIONAL,v0.22_population_ledger
2021,401282647,2021-10-02T23:30:00.000Z,Clemson,Boston College,19,13,False,PRIMARY_REGULAR_PROVISIONAL,v0.22_population_ledger
2021,401282729,2021-10-02T23:30:00.000Z,Penn State,Indiana,24,0,False,PRIMARY_REGULAR_PROVISIONAL,v0.22_population_ledger
2021,401282800,2021-10-02T23:30:00.000Z,Nebraska,Northwestern,56,7,False,PRIMARY_REGULAR_PROVISIONAL,v0.22_population_ledger
2021,401309615,2021-10-03T00:00:00.000Z,South Alabama,Louisiana,18,20,False,PRIMARY_REGULAR_PROVISIONAL,v0.22_population_ledger
2021,401282092,2021-10-03T01:00:00.000Z,LSU,Auburn,19,24,False,PRIMARY_REGULAR_PROVISIONAL,v0.22_population_ledger
2021,401282217,2021-10-03T01:00:00.000Z,UTEP,Old Dominion,28,21,False,PRIMARY_REGULAR_PROVISIONAL,v0.22_population_ledger
2021,401309865,2021-10-03T01:00:00.000Z,Oregon State,Washington,27,24,False,PRIMARY_REGULAR_PROVISIONAL,v0.22_population_ledger
2021,401309866,2021-10-03T02:30:00.000Z,UCLA,Arizona State,23,42,False,PRIMARY_REGULAR_PROVISIONAL,v0.22_population_ledger
2021,401310713,2021-10-03T02:30:00.000Z,San Jose State,New Mexico State,37,31,False,PRIMARY_REGULAR_PROVISIONAL,v0.22_population_ledger
2021,401310712,2021-10-03T03:00:00.000Z,Hawaii,Fresno State,27,24,False,PRIMARY_REGULAR_PROVISIONAL,v0.22_population_ledger
2021,401301017,2021-10-07T23:30:00.000Z,Tulane,Houston,22,40,False,PRIMARY_REGULAR_PROVISIONAL,v0.22_population_ledger
2021,401309616,2021-10-07T23:30:00.000Z,Arkansas State,Coastal Carolina,20,52,False,PRIMARY_REGULAR_PROVISIONAL,v0.22_population_ledger
2021,401282224,2021-10-08T23:00:00.000Z,FIU,Charlotte,33,45,False,PRIMARY_REGULAR_PROVISIONAL,v0.22_population_ledger
2021,401301018,2021-10-08T23:00:00.000Z,Cincinnati,Temple,52,3,False,PRIMARY_REGULAR_PROVISIONAL,v0.22_population_ledger
2021,401309868,2021-10-09T02:30:00.000Z,Arizona State,Stanford,28,10,False,PRIMARY_REGULAR_PROVISIONAL,v0.22_population_ledger
2021,401282098,2021-10-09T16:00:00.000Z,Florida,Vanderbilt,42,0,False,PRIMARY_REGULAR_PROVISIONAL,v0.22_population_ledger
2021,401282100,2021-10-09T16:00:00.000Z,Ole Miss,Arkansas,52,51,False,PRIMARY_REGULAR_PROVISIONAL,v0.22_population_ledger
2021,401282102,2021-10-09T16:00:00.000Z,Tennessee,South Carolina,45,20,False,PRIMARY_REGULAR_PROVISIONAL,v0.22_population_ledger
2021,401282769,2021-10-09T16:00:00.000Z,Ohio State,Maryland,66,17,False,PRIMARY_REGULAR_PROVISIONAL,v0.22_population_ledger
2021,401282788,2021-10-09T16:00:00.000Z,Rutgers,Michigan State,13,31,False,PRIMARY_REGULAR_PROVISIONAL,v0.22_population_ledger
2021,401287917,2021-10-09T16:00:00.000Z,Baylor,West Virginia,45,20,False,PRIMARY_REGULAR_PROVISIONAL,v0.22_population_ledger
2021,401287918,2021-10-09T16:00:00.000Z,Texas,Oklahoma,48,55,True,PRIMARY_REGULAR_PROVISIONAL,v0.22_population_ledger
2021,401309564,2021-10-09T16:00:00.000Z,Toledo,Northern Illinois,20,22,False,PRIMARY_REGULAR_PROVISIONAL,v0.22_population_ledger
2021,401309566,2021-10-09T16:00:00.000Z,Bowling Green,Akron,20,35,False,PRIMARY_REGULAR_PROVISIONAL,v0.22_population_ledger
2021,401282652,2021-10-09T16:30:00.000Z,Duke,Georgia Tech,27,31,False,PRIMARY_REGULAR_PROVISIONAL,v0.22_population_ledger
2021,401282226,2021-10-09T18:00:00.000Z,Marshall,Old Dominion,20,13,False,PRIMARY_REGULAR_PROVISIONAL,v0.22_population_ledger
2021,401282653,2021-10-09T19:00:00.000Z,Louisville,Virginia,33,34,False,PRIMARY_REGULAR_PROVISIONAL,v0.22_population_ledger
2021,401282097,2021-10-09T19:30:00.000Z,Auburn,Georgia,10,34,False,PRIMARY_REGULAR_PROVISIONAL,v0.22_population_ledger
2021,401282225,2021-10-09T19:30:00.000Z,UAB,Florida Atlantic,31,14,False,PRIMARY_REGULAR_PROVISIONAL,v0.22_population_ledger
2021,401282229,2021-10-09T19:30:00.000Z,Liberty,Middle Tennessee,41,13,False,PRIMARY_REGULAR_PROVISIONAL,v0.22_population_ledger
2021,401282654,2021-10-09T19:30:00.000Z,North Carolina,Florida State,25,35,False,PRIMARY_REGULAR_PROVISIONAL,v0.22_population_ledger
2021,401282655,2021-10-09T19:30:00.000Z,Syracuse,Wake Forest,37,40,False,PRIMARY_REGULAR_PROVISIONAL,v0.22_population_ledger
2021,401282718,2021-10-09T19:30:00.000Z,Illinois,Wisconsin,0,24,False,PRIMARY_REGULAR_PROVISIONAL,v0.22_population_ledger
2021,401286191,2021-10-09T19:30:00.000Z,UMass,UConn,27,13,False,PRIMARY_REGULAR_PROVISIONAL,v0.22_population_ledger
2021,401301021,2021-10-09T19:30:00.000Z,Navy,SMU,24,31,False,PRIMARY_REGULAR_PROVISIONAL,v0.22_population_ledger
2021,401308836,2021-10-09T19:30:00.000Z,Eastern Michigan,Miami (OH),13,12,False,PRIMARY_REGULAR_PROVISIONAL,v0.22_population_ledger
2021,401309563,2021-10-09T19:30:00.000Z,Western Michigan,Ball State,20,45,False,PRIMARY_REGULAR_PROVISIONAL,v0.22_population_ledger
2021,401309567,2021-10-09T19:30:00.000Z,Ohio,Central Michigan,27,30,False,PRIMARY_REGULAR_PROVISIONAL,v0.22_population_ledger
2021,401309913,2021-10-09T19:30:00.000Z,BYU,Boise State,17,26,False,PRIMARY_REGULAR_PROVISIONAL,v0.22_population_ledger
2021,401310715,2021-10-09T19:30:00.000Z,Colorado State,San Jose State,32,14,False,PRIMARY_REGULAR_PROVISIONAL,v0.22_population_ledger
2021,401282101,2021-10-09T20:00:00.000Z,Missouri,North Texas,48,35,False,PRIMARY_REGULAR_PROVISIONAL,v0.22_population_ledger
2021,401282758,2021-10-09T20:00:00.000Z,Iowa,Penn State,23,20,False,PRIMARY_REGULAR_PROVISIONAL,v0.22_population_ledger
2021,401309869,2021-10-09T20:00:00.000Z,Washington State,Oregon State,31,24,False,PRIMARY_REGULAR_PROVISIONAL,v0.22_population_ledger
2021,401301019,2021-10-09T22:00:00.000Z,UCF,East Carolina,20,16,False,PRIMARY_REGULAR_PROVISIONAL,v0.22_population_ledger
2021,401282227,2021-10-09T23:00:00.000Z,Southern Miss,UTEP,13,26,False,PRIMARY_REGULAR_PROVISIONAL,v0.22_population_ledger
2021,401282228,2021-10-09T23:00:00.000Z,Western Kentucky,UTSA,46,52,False,PRIMARY_REGULAR_PROVISIONAL,v0.22_population_ledger
2021,401287919,2021-10-09T23:00:00.000Z,Texas Tech,TCU,31,52,False,PRIMARY_REGULAR_PROVISIONAL,v0.22_population_ledger
2021,401309565,2021-10-09T23:00:00.000Z,Kent State,Buffalo,48,38,False,PRIMARY_REGULAR_PROVISIONAL,v0.22_population_ledger
2021,401309617,2021-10-09T23:00:00.000Z,Troy,Georgia Southern,27,24,False,PRIMARY_REGULAR_PROVISIONAL,v0.22_population_ledger
2021,401309619,2021-10-09T23:00:00.000Z,Texas State,South Alabama,33,31,False,PRIMARY_REGULAR_PROVISIONAL,v0.22_population_ledger
2021,401310714,2021-10-09T23:00:00.000Z,Air Force,Wyoming,24,14,False,PRIMARY_REGULAR_PROVISIONAL,v0.22_population_ledger
2021,401282099,2021-10-09T23:30:00.000Z,Kentucky,LSU,42,21,False,PRIMARY_REGULAR_PROVISIONAL,v0.22_population_ledger
2021,401282656,2021-10-09T23:30:00.000Z,Virginia Tech,Notre Dame,29,32,False,PRIMARY_REGULAR_PROVISIONAL,v0.22_population_ledger
2021,401282778,2021-10-09T23:30:00.000Z,Nebraska,Michigan,29,32,False,PRIMARY_REGULAR_PROVISIONAL,v0.22_population_ledger
2021,401282103,2021-10-10T00:00:00.000Z,Texas A&M,Alabama,41,38,False,PRIMARY_REGULAR_PROVISIONAL,v0.22_population_ledger
2021,401309618,2021-10-10T00:00:00.000Z,UL Monroe,Georgia State,21,55,False,PRIMARY_REGULAR_PROVISIONAL,v0.22_population_ledger
2021,401309871,2021-10-10T00:00:00.000Z,USC,Utah,26,42,False,PRIMARY_REGULAR_PROVISIONAL,v0.22_population_ledger
2021,401301020,2021-10-10T01:00:00.000Z,Tulsa,Memphis,35,29,False,PRIMARY_REGULAR_PROVISIONAL,v0.22_population_ledger
2021,401310716,2021-10-10T01:00:00.000Z,San Diego State,New Mexico,31,7,False,PRIMARY_REGULAR_PROVISIONAL,v0.22_population_ledger
2021,401309870,2021-10-10T02:30:00.000Z,Arizona,UCLA,16,34,False,PRIMARY_REGULAR_PROVISIONAL,v0.22_population_ledger
2021,401310717,2021-10-10T02:30:00.000Z,Nevada,New Mexico State,55,28,False,PRIMARY_REGULAR_PROVISIONAL,v0.22_population_ledger
2021,401309620,2021-10-12T23:30:00.000Z,Louisiana,Appalachian State,41,13,False,PRIMARY_REGULAR_PROVISIONAL,v0.22_population_ledger
2021,401301022,2021-10-14T23:30:00.000Z,Memphis,Navy,35,17,False,PRIMARY_REGULAR_PROVISIONAL,v0.22_population_ledger
2021,401309621,2021-10-14T23:30:00.000Z,South Alabama,Georgia Southern,41,14,False,PRIMARY_REGULAR_PROVISIONAL,v0.22_population_ledger
2021,401282231,2021-10-15T23:00:00.000Z,North Texas,Marshall,21,49,False,PRIMARY_REGULAR_PROVISIONAL,v0.22_population_ledger
2021,401282657,2021-10-15T23:00:00.000Z,Syracuse,Clemson,14,17,False,PRIMARY_REGULAR_PROVISIONAL,v0.22_population_ledger
2021,401309872,2021-10-16T02:30:00.000Z,Oregon,California,24,17,False,PRIMARY_REGULAR_PROVISIONAL,v0.22_population_ledger
2021,401310723,2021-10-16T02:30:00.000Z,San Jose State,San Diego State,13,19,False,PRIMARY_REGULAR_PROVISIONAL,v0.22_population_ledger
2021,401282104,2021-10-16T16:00:00.000Z,Arkansas,Auburn,23,38,False,PRIMARY_REGULAR_PROVISIONAL,v0.22_population_ledger
2021,401282106,2021-10-16T16:00:00.000Z,LSU,Florida,49,42,False,PRIMARY_REGULAR_PROVISIONAL,v0.22_population_ledger
2021,401282108,2021-10-16T16:00:00.000Z,Missouri,Texas A&M,14,35,False,PRIMARY_REGULAR_PROVISIONAL,v0.22_population_ledger
2021,401282731,2021-10-16T16:00:00.000Z,Indiana,Michigan State,15,20,False,PRIMARY_REGULAR_PROVISIONAL,v0.22_population_ledger
2021,401282796,2021-10-16T16:00:00.000Z,Minnesota,Nebraska,30,23,False,PRIMARY_REGULAR_PROVISIONAL,v0.22_population_ledger
2021,401282807,2021-10-16T16:00:00.000Z,Northwestern,Rutgers,21,7,False,PRIMARY_REGULAR_PROVISIONAL,v0.22_population_ledger
2021,401287924,2021-10-16T16:00:00.000Z,Texas,Oklahoma State,24,32,False,PRIMARY_REGULAR_PROVISIONAL,v0.22_population_ledger
2021,401301023,2021-10-16T16:00:00.000Z,Cincinnati,UCF,56,21,False,PRIMARY_REGULAR_PROVISIONAL,v0.22_population_ledger
2021,401301024,2021-10-16T16:00:00.000Z,South Florida,Tulsa,31,32,False,PRIMARY_REGULAR_PROVISIONAL,v0.22_population_ledger
2021,401309571,2021-10-16T16:00:00.000Z,Buffalo,Ohio,27,26,False,PRIMARY_REGULAR_PROVISIONAL,v0.22_population_ledger
2021,401282660,2021-10-16T16:30:00.000Z,Virginia,Duke,48,0,False,PRIMARY_REGULAR_PROVISIONAL,v0.22_population_ledger
2021,401309568,2021-10-16T18:00:00.000Z,Eastern Michigan,Ball State,31,38,False,PRIMARY_REGULAR_PROVISIONAL,v0.22_population_ledger
2021,401308837,2021-10-16T18:30:00.000Z,Miami (OH),Akron,34,21,False,PRIMARY_REGULAR_PROVISIONAL,v0.22_population_ledger
2021,401309622,2021-10-16T19:00:00.000Z,Texas State,Troy,28,31,False,PRIMARY_REGULAR_PROVISIONAL,v0.22_population_ledger
2021,401282105,2021-10-16T19:30:00.000Z,Georgia,Kentucky,30,13,False,PRIMARY_REGULAR_PROVISIONAL,v0.22_population_ledger
2021,401282232,2021-10-16T19:30:00.000Z,Old Dominion,Western Kentucky,20,43,False,PRIMARY_REGULAR_PROVISIONAL,v0.22_population_ledger
2021,401282234,2021-10-16T19:30:00.000Z,Southern Miss,UAB,0,34,False,PRIMARY_REGULAR_PROVISIONAL,v0.22_population_ledger
2021,401282659,2021-10-16T19:30:00.000Z,North Carolina,Miami (FL),45,42,False,PRIMARY_REGULAR_PROVISIONAL,v0.22_population_ledger
2021,401282661,2021-10-16T19:30:00.000Z,Virginia Tech,Pittsburgh,7,28,False,PRIMARY_REGULAR_PROVISIONAL,v0.22_population_ledger
2021,401282760,2021-10-16T19:30:00.000Z,Iowa,Purdue,7,24,False,PRIMARY_REGULAR_PROVISIONAL,v0.22_population_ledger
2021,401287920,2021-10-16T19:30:00.000Z,Baylor,BYU,38,24,False,PRIMARY_REGULAR_PROVISIONAL,v0.22_population_ledger
2021,401309569,2021-10-16T19:30:00.000Z,Central Michigan,Toledo,26,23,False,PRIMARY_REGULAR_PROVISIONAL,v0.22_population_ledger
2021,401309570,2021-10-16T19:30:00.000Z,Northern Illinois,Bowling Green,34,26,False,PRIMARY_REGULAR_PROVISIONAL,v0.22_population_ledger
2021,401309572,2021-10-16T19:30:00.000Z,Western Michigan,Kent State,64,31,False,PRIMARY_REGULAR_PROVISIONAL,v0.22_population_ledger
2021,401309875,2021-10-16T19:30:00.000Z,Colorado,Arizona,34,0,False,PRIMARY_REGULAR_PROVISIONAL,v0.22_population_ledger
2021,401310721,2021-10-16T19:30:00.000Z,Wyoming,Fresno State,0,17,False,PRIMARY_REGULAR_PROVISIONAL,v0.22_population_ledger
2021,401282109,2021-10-16T20:00:00.000Z,South Carolina,Vanderbilt,21,20,False,PRIMARY_REGULAR_PROVISIONAL,v0.22_population_ledger
2021,401287921,2021-10-16T20:00:00.000Z,Kansas,Texas Tech,14,41,False,PRIMARY_REGULAR_PROVISIONAL,v0.22_population_ledger
2021,401282233,2021-10-16T22:00:00.000Z,UTSA,Rice,45,0,False,PRIMARY_REGULAR_PROVISIONAL,v0.22_population_ledger
2021,401282107,2021-10-16T23:00:00.000Z,Mississippi State,Alabama,9,49,False,PRIMARY_REGULAR_PROVISIONAL,v0.22_population_ledger
2021,401286296,2021-10-16T23:00:00.000Z,UL Monroe,Liberty,31,28,False,PRIMARY_REGULAR_PROVISIONAL,v0.22_population_ledger
2021,401310719,2021-10-16T23:00:00.000Z,New Mexico,Colorado State,7,36,False,PRIMARY_REGULAR_PROVISIONAL,v0.22_population_ledger
2021,401310720,2021-10-16T23:00:00.000Z,UNLV,Utah State,24,28,False,PRIMARY_REGULAR_PROVISIONAL,v0.22_population_ledger
2021,401282110,2021-10-16T23:30:00.000Z,Tennessee,Ole Miss,26,31,False,PRIMARY_REGULAR_PROVISIONAL,v0.22_population_ledger
2021,401282658,2021-10-16T23:30:00.000Z,Boston College,NC State,7,33,False,PRIMARY_REGULAR_PROVISIONAL,v0.22_population_ledger
2021,401287922,2021-10-16T23:30:00.000Z,Kansas State,Iowa State,20,33,False,PRIMARY_REGULAR_PROVISIONAL,v0.22_population_ledger
2021,401287923,2021-10-16T23:30:00.000Z,Oklahoma,TCU,52,31,False,PRIMARY_REGULAR_PROVISIONAL,v0.22_population_ledger
2021,401309873,2021-10-16T23:30:00.000Z,Washington State,Stanford,34,31,False,PRIMARY_REGULAR_PROVISIONAL,v0.22_population_ledger
2021,401282826,2021-10-17T00:00:00.000Z,Wisconsin,Army,20,14,False,PRIMARY_REGULAR_PROVISIONAL,v0.22_population_ledger
2021,401309874,2021-10-17T00:30:00.000Z,Washington,UCLA,17,24,False,PRIMARY_REGULAR_PROVISIONAL,v0.22_population_ledger
2021,401282230,2021-10-17T01:00:00.000Z,UTEP,Louisiana Tech,19,3,False,PRIMARY_REGULAR_PROVISIONAL,v0.22_population_ledger
2021,401310718,2021-10-17T01:00:00.000Z,Boise State,Air Force,17,24,False,PRIMARY_REGULAR_PROVISIONAL,v0.22_population_ledger
2021,401309876,2021-10-17T02:00:00.000Z,Utah,Arizona State,35,21,False,PRIMARY_REGULAR_PROVISIONAL,v0.22_population_ledger
2021,401310722,2021-10-17T02:30:00.000Z,Nevada,Hawaii,34,17,False,PRIMARY_REGULAR_PROVISIONAL,v0.22_population_ledger
2021,401309623,2021-10-20T23:30:00.000Z,Appalachian State,Coastal Carolina,30,27,False,PRIMARY_REGULAR_PROVISIONAL,v0.22_population_ledger
2021,401282235,2021-10-21T23:30:00.000Z,Charlotte,Florida Atlantic,9,38,False,PRIMARY_REGULAR_PROVISIONAL,v0.22_population_ledger
2021,401301025,2021-10-21T23:30:00.000Z,SMU,Tulane,55,26,False,PRIMARY_REGULAR_PROVISIONAL,v0.22_population_ledger
2021,401309624,2021-10-21T23:30:00.000Z,Arkansas State,Louisiana,27,28,False,PRIMARY_REGULAR_PROVISIONAL,v0.22_population_ledger
2021,401310729,2021-10-22T03:00:00.000Z,UNLV,San Jose State,20,27,False,PRIMARY_REGULAR_PROVISIONAL,v0.22_population_ledger
2021,401282239,2021-10-22T22:00:00.000Z,UConn,Middle Tennessee,13,44,False,PRIMARY_REGULAR_PROVISIONAL,v0.22_population_ledger
2021,401301026,2021-10-22T23:00:00.000Z,UCF,Memphis,24,7,False,PRIMARY_REGULAR_PROVISIONAL,v0.22_population_ledger
2021,401310725,2021-10-23T01:30:00.000Z,Utah State,Colorado State,26,24,False,PRIMARY_REGULAR_PROVISIONAL,v0.22_population_ledger
2021,401309877,2021-10-23T02:30:00.000Z,Arizona,Washington,16,21,False,PRIMARY_REGULAR_PROVISIONAL,v0.22_population_ledger
2021,401282662,2021-10-23T16:00:00.000Z,Army,Wake Forest,56,70,False,PRIMARY_REGULAR_PROVISIONAL,v0.22_population_ledger
2021,401282663,2021-10-23T16:00:00.000Z,Florida State,UMass,59,3,False,PRIMARY_REGULAR_PROVISIONAL,v0.22_population_ledger
2021,401282717,2021-10-23T16:00:00.000Z,Penn State,Illinois,18,20,False,PRIMARY_REGULAR_PROVISIONAL,v0.22_population_ledger
2021,401282779,2021-10-23T16:00:00.000Z,Michigan,Northwestern,33,7,False,PRIMARY_REGULAR_PROVISIONAL,v0.22_population_ledger
2021,401287926,2021-10-23T16:00:00.000Z,Kansas,Oklahoma,23,35,False,PRIMARY_REGULAR_PROVISIONAL,v0.22_population_ledger
2021,401287928,2021-10-23T16:00:00.000Z,Texas Tech,Kansas State,24,25,False,PRIMARY_REGULAR_PROVISIONAL,v0.22_population_ledger
2021,401301027,2021-10-23T16:00:00.000Z,Navy,Cincinnati,20,27,False,PRIMARY_REGULAR_PROVISIONAL,v0.22_population_ledger
2021,401309574,2021-10-23T16:00:00.000Z,Bowling Green,Eastern Michigan,24,55,False,PRIMARY_REGULAR_PROVISIONAL,v0.22_population_ledger
2021,401309577,2021-10-23T16:00:00.000Z,Central Michigan,Northern Illinois,38,39,False,PRIMARY_REGULAR_PROVISIONAL,v0.22_population_ledger
2021,401282668,2021-10-23T16:30:00.000Z,Virginia Tech,Syracuse,36,41,False,PRIMARY_REGULAR_PROVISIONAL,v0.22_population_ledger
2021,401309576,2021-10-23T17:00:00.000Z,Ohio,Kent State,27,34,False,PRIMARY_REGULAR_PROVISIONAL,v0.22_population_ledger
2021,401309625,2021-10-23T18:00:00.000Z,Georgia State,Texas State,28,16,False,PRIMARY_REGULAR_PROVISIONAL,v0.22_population_ledger
2021,401282821,2021-10-23T19:00:00.000Z,Purdue,Wisconsin,13,30,False,PRIMARY_REGULAR_PROVISIONAL,v0.22_population_ledger
2021,401282113,2021-10-23T19:30:00.000Z,Ole Miss,LSU,31,17,False,PRIMARY_REGULAR_PROVISIONAL,v0.22_population_ledger
2021,401282238,2021-10-23T19:30:00.000Z,UAB,Rice,24,30,False,PRIMARY_REGULAR_PROVISIONAL,v0.22_population_ledger
2021,401282666,2021-10-23T19:30:00.000Z,Pittsburgh,Clemson,27,17,False,PRIMARY_REGULAR_PROVISIONAL,v0.22_population_ledger
2021,401282767,2021-10-23T19:30:00.000Z,Minnesota,Maryland,34,16,False,PRIMARY_REGULAR_PROVISIONAL,v0.22_population_ledger
2021,401287925,2021-10-23T19:30:00.000Z,Iowa State,Oklahoma State,24,21,False,PRIMARY_REGULAR_PROVISIONAL,v0.22_population_ledger
2021,401308838,2021-10-23T19:30:00.000Z,Ball State,Miami (OH),17,24,False,PRIMARY_REGULAR_PROVISIONAL,v0.22_population_ledger
2021,401309573,2021-10-23T19:30:00.000Z,Toledo,Western Michigan,34,15,False,PRIMARY_REGULAR_PROVISIONAL,v0.22_population_ledger
2021,401309575,2021-10-23T19:30:00.000Z,Akron,Buffalo,10,45,False,PRIMARY_REGULAR_PROVISIONAL,v0.22_population_ledger
2021,401309878,2021-10-23T19:30:00.000Z,California,Colorado,26,3,False,PRIMARY_REGULAR_PROVISIONAL,v0.22_population_ledger
2021,401309879,2021-10-23T19:30:00.000Z,UCLA,Oregon,31,34,False,PRIMARY_REGULAR_PROVISIONAL,v0.22_population_ledger
2021,401309881,2021-10-23T19:30:00.000Z,Washington State,BYU,19,21,False,PRIMARY_REGULAR_PROVISIONAL,v0.22_population_ledger
2021,401310726,2021-10-23T19:30:00.000Z,Wyoming,New Mexico,3,14,False,PRIMARY_REGULAR_PROVISIONAL,v0.22_population_ledger
2021,401282115,2021-10-23T20:00:00.000Z,Vanderbilt,Mississippi State,6,45,False,PRIMARY_REGULAR_PROVISIONAL,v0.22_population_ledger
2021,401282240,2021-10-23T20:00:00.000Z,North Texas,Liberty,26,35,False,PRIMARY_REGULAR_PROVISIONAL,v0.22_population_ledger
2021,401282664,2021-10-23T20:00:00.000Z,Louisville,Boston College,28,14,False,PRIMARY_REGULAR_PROVISIONAL,v0.22_population_ledger
2021,401301028,2021-10-23T20:00:00.000Z,Houston,East Carolina,31,24,False,PRIMARY_REGULAR_PROVISIONAL,v0.22_population_ledger
2021,401282111,2021-10-23T23:00:00.000Z,Alabama,Tennessee,52,24,False,PRIMARY_REGULAR_PROVISIONAL,v0.22_population_ledger
2021,401282236,2021-10-23T23:00:00.000Z,FIU,Western Kentucky,19,34,False,PRIMARY_REGULAR_PROVISIONAL,v0.22_population_ledger
2021,401282237,2021-10-23T23:00:00.000Z,Louisiana Tech,UTSA,16,45,False,PRIMARY_REGULAR_PROVISIONAL,v0.22_population_ledger
2021,401301029,2021-10-23T23:00:00.000Z,South Florida,Temple,34,14,False,PRIMARY_REGULAR_PROVISIONAL,v0.22_population_ledger
2021,401309626,2021-10-23T23:00:00.000Z,UL Monroe,South Alabama,41,31,False,PRIMARY_REGULAR_PROVISIONAL,v0.22_population_ledger
2021,401310724,2021-10-23T23:00:00.000Z,Air Force,San Diego State,14,20,False,PRIMARY_REGULAR_PROVISIONAL,v0.22_population_ledger
2021,401310727,2021-10-23T23:00:00.000Z,Fresno State,Nevada,34,32,False,PRIMARY_REGULAR_PROVISIONAL,v0.22_population_ledger
2021,401282114,2021-10-23T23:30:00.000Z,Texas A&M,South Carolina,44,14,False,PRIMARY_REGULAR_PROVISIONAL,v0.22_population_ledger
2021,401282665,2021-10-23T23:30:00.000Z,Miami (FL),NC State,31,30,False,PRIMARY_REGULAR_PROVISIONAL,v0.22_population_ledger
2021,401282667,2021-10-23T23:30:00.000Z,Virginia,Georgia Tech,48,40,False,PRIMARY_REGULAR_PROVISIONAL,v0.22_population_ledger
2021,401282709,2021-10-23T23:30:00.000Z,Notre Dame,USC,31,16,False,PRIMARY_REGULAR_PROVISIONAL,v0.22_population_ledger
2021,401282730,2021-10-23T23:30:00.000Z,Indiana,Ohio State,7,54,False,PRIMARY_REGULAR_PROVISIONAL,v0.22_population_ledger
2021,401287927,2021-10-23T23:30:00.000Z,TCU,West Virginia,17,29,False,PRIMARY_REGULAR_PROVISIONAL,v0.22_population_ledger
2021,401309880,2021-10-23T23:30:00.000Z,Oregon State,Utah,42,34,False,PRIMARY_REGULAR_PROVISIONAL,v0.22_population_ledger
2021,401310728,2021-10-24T03:59:00.000Z,Hawaii,New Mexico State,48,34,False,PRIMARY_REGULAR_PROVISIONAL,v0.22_population_ledger
2021,401301033,2021-10-28T23:30:00.000Z,East Carolina,South Florida,29,14,False,PRIMARY_REGULAR_PROVISIONAL,v0.22_population_ledger
2021,401309627,2021-10-28T23:30:00.000Z,Coastal Carolina,Troy,35,28,False,PRIMARY_REGULAR_PROVISIONAL,v0.22_population_ledger
2021,401301030,2021-10-29T23:30:00.000Z,Tulsa,Navy,17,20,False,PRIMARY_REGULAR_PROVISIONAL,v0.22_population_ledger
2021,401310734,2021-10-30T02:00:00.000Z,Nevada,UNLV,51,20,False,PRIMARY_REGULAR_PROVISIONAL,v0.22_population_ledger
2021,401282671,2021-10-30T16:00:00.000Z,Georgia Tech,Virginia Tech,17,26,False,PRIMARY_REGULAR_PROVISIONAL,v0.22_population_ledger
2021,401282674,2021-10-30T16:00:00.000Z,Pittsburgh,Miami (FL),34,38,False,PRIMARY_REGULAR_PROVISIONAL,v0.22_population_ledger
2021,401282719,2021-10-30T16:00:00.000Z,Illinois,Rutgers,14,20,False,PRIMARY_REGULAR_PROVISIONAL,v0.22_population_ledger
2021,401282726,2021-10-30T16:00:00.000Z,Maryland,Indiana,38,35,False,PRIMARY_REGULAR_PROVISIONAL,v0.22_population_ledger
2021,401282763,2021-10-30T16:00:00.000Z,Wisconsin,Iowa,27,7,False,PRIMARY_REGULAR_PROVISIONAL,v0.22_population_ledger
2021,401282777,2021-10-30T16:00:00.000Z,Michigan State,Michigan,37,33,False,PRIMARY_REGULAR_PROVISIONAL,v0.22_population_ledger
2021,401286297,2021-10-30T16:00:00.000Z,Liberty,UMass,62,17,False,PRIMARY_REGULAR_PROVISIONAL,v0.22_population_ledger
2021,401287929,2021-10-30T16:00:00.000Z,Baylor,Texas,31,24,False,PRIMARY_REGULAR_PROVISIONAL,v0.22_population_ledger
2021,401301031,2021-10-30T16:00:00.000Z,Temple,UCF,7,49,False,PRIMARY_REGULAR_PROVISIONAL,v0.22_population_ledger
2021,401301032,2021-10-30T16:00:00.000Z,Tulane,Cincinnati,12,31,False,PRIMARY_REGULAR_PROVISIONAL,v0.22_population_ledger
2021,401309578,2021-10-30T16:00:00.000Z,Buffalo,Bowling Green,44,56,False,PRIMARY_REGULAR_PROVISIONAL,v0.22_population_ledger
2021,401309631,2021-10-30T16:00:00.000Z,Louisiana,Texas State,45,0,False,PRIMARY_REGULAR_PROVISIONAL,v0.22_population_ledger
2021,401282246,2021-10-30T18:00:00.000Z,Rice,North Texas,24,30,False,PRIMARY_REGULAR_PROVISIONAL,v0.22_population_ledger
2021,401287933,2021-10-30T18:00:00.000Z,West Virginia,Iowa State,38,31,False,PRIMARY_REGULAR_PROVISIONAL,v0.22_population_ledger
2021,401282119,2021-10-30T19:00:00.000Z,Vanderbilt,Missouri,28,37,False,PRIMARY_REGULAR_PROVISIONAL,v0.22_population_ledger
2021,401309885,2021-10-30T19:00:00.000Z,Arizona State,Washington State,21,34,False,PRIMARY_REGULAR_PROVISIONAL,v0.22_population_ledger
2021,401310731,2021-10-30T19:00:00.000Z,Utah State,Hawaii,51,31,False,PRIMARY_REGULAR_PROVISIONAL,v0.22_population_ledger
2021,401282117,2021-10-30T19:30:00.000Z,Florida,Georgia,7,34,True,PRIMARY_REGULAR_PROVISIONAL,v0.22_population_ledger
2021,401282242,2021-10-30T19:30:00.000Z,Marshall,FIU,38,0,False,PRIMARY_REGULAR_PROVISIONAL,v0.22_population_ledger
2021,401282244,2021-10-30T19:30:00.000Z,Old Dominion,Louisiana Tech,23,20,False,PRIMARY_REGULAR_PROVISIONAL,v0.22_population_ledger
2021,401282245,2021-10-30T19:30:00.000Z,Middle Tennessee,Southern Miss,35,10,False,PRIMARY_REGULAR_PROVISIONAL,v0.22_population_ledger
2021,401282670,2021-10-30T19:30:00.000Z,Clemson,Florida State,30,20,False,PRIMARY_REGULAR_PROVISIONAL,v0.22_population_ledger
2021,401282675,2021-10-30T19:30:00.000Z,Syracuse,Boston College,21,6,False,PRIMARY_REGULAR_PROVISIONAL,v0.22_population_ledger
2021,401282795,2021-10-30T19:30:00.000Z,Northwestern,Minnesota,14,41,False,PRIMARY_REGULAR_PROVISIONAL,v0.22_population_ledger
2021,401282801,2021-10-30T19:30:00.000Z,Nebraska,Purdue,23,28,False,PRIMARY_REGULAR_PROVISIONAL,v0.22_population_ledger
2021,401287930,2021-10-30T19:30:00.000Z,Kansas State,TCU,31,12,False,PRIMARY_REGULAR_PROVISIONAL,v0.22_population_ledger
2021,401287931,2021-10-30T19:30:00.000Z,Oklahoma,Texas Tech,52,21,False,PRIMARY_REGULAR_PROVISIONAL,v0.22_population_ledger
2021,401309628,2021-10-30T19:30:00.000Z,Appalachian State,UL Monroe,59,28,False,PRIMARY_REGULAR_PROVISIONAL,v0.22_population_ledger
2021,401309884,2021-10-30T19:30:00.000Z,Oregon,Colorado,52,29,False,PRIMARY_REGULAR_PROVISIONAL,v0.22_population_ledger
2021,401282241,2021-10-30T20:00:00.000Z,Western Kentucky,Charlotte,45,13,False,PRIMARY_REGULAR_PROVISIONAL,v0.22_population_ledger
2021,401282676,2021-10-30T20:00:00.000Z,Wake Forest,Duke,45,7,False,PRIMARY_REGULAR_PROVISIONAL,v0.22_population_ledger
2021,401310732,2021-10-30T20:00:00.000Z,San Jose State,Wyoming,27,21,False,PRIMARY_REGULAR_PROVISIONAL,v0.22_population_ledger
2021,401309629,2021-10-30T21:00:00.000Z,South Alabama,Arkansas State,31,13,False,PRIMARY_REGULAR_PROVISIONAL,v0.22_population_ledger
2021,401282243,2021-10-30T22:00:00.000Z,Florida Atlantic,UTEP,28,25,False,PRIMARY_REGULAR_PROVISIONAL,v0.22_population_ledger
2021,401309630,2021-10-30T22:00:00.000Z,Georgia Southern,Georgia State,14,21,False,PRIMARY_REGULAR_PROVISIONAL,v0.22_population_ledger
2021,401282116,2021-10-30T23:00:00.000Z,Auburn,Ole Miss,31,20,False,PRIMARY_REGULAR_PROVISIONAL,v0.22_population_ledger
2021,401282118,2021-10-30T23:00:00.000Z,Mississippi State,Kentucky,31,17,False,PRIMARY_REGULAR_PROVISIONAL,v0.22_population_ledger
2021,401287932,2021-10-30T23:00:00.000Z,Oklahoma State,Kansas,55,3,False,PRIMARY_REGULAR_PROVISIONAL,v0.22_population_ledger
2021,401301034,2021-10-30T23:00:00.000Z,Houston,SMU,44,37,False,PRIMARY_REGULAR_PROVISIONAL,v0.22_population_ledger
2021,401309882,2021-10-30T23:00:00.000Z,California,Oregon State,39,25,False,PRIMARY_REGULAR_PROVISIONAL,v0.22_population_ledger
2021,401309886,2021-10-30T23:00:00.000Z,USC,Arizona,41,34,False,PRIMARY_REGULAR_PROVISIONAL,v0.22_population_ledger
2021,401310730,2021-10-30T23:00:00.000Z,Colorado State,Boise State,19,28,False,PRIMARY_REGULAR_PROVISIONAL,v0.22_population_ledger
2021,401282672,2021-10-30T23:30:00.000Z,NC State,Louisville,28,13,False,PRIMARY_REGULAR_PROVISIONAL,v0.22_population_ledger
2021,401282673,2021-10-30T23:30:00.000Z,Notre Dame,North Carolina,44,34,False,PRIMARY_REGULAR_PROVISIONAL,v0.22_population_ledger
2021,401282814,2021-10-30T23:30:00.000Z,Ohio State,Penn State,33,24,False,PRIMARY_REGULAR_PROVISIONAL,v0.22_population_ledger
2021,401309887,2021-10-31T02:00:00.000Z,Utah,UCLA,44,24,False,PRIMARY_REGULAR_PROVISIONAL,v0.22_population_ledger
2021,401282669,2021-10-31T02:15:00.000Z,BYU,Virginia,66,49,False,PRIMARY_REGULAR_PROVISIONAL,v0.22_population_ledger
2021,401309883,2021-10-31T02:30:00.000Z,Stanford,Washington,13,20,False,PRIMARY_REGULAR_PROVISIONAL,v0.22_population_ledger
2021,401310733,2021-10-31T02:30:00.000Z,San Diego State,Fresno State,20,30,False,PRIMARY_REGULAR_PROVISIONAL,v0.22_population_ledger
2021,401309579,2021-11-02T23:00:00.000Z,Akron,Ball State,25,31,False,PRIMARY_REGULAR_PROVISIONAL,v0.22_population_ledger
2021,401308839,2021-11-02T23:30:00.000Z,Ohio,Miami (OH),35,33,False,PRIMARY_REGULAR_PROVISIONAL,v0.22_population_ledger
2021,401309580,2021-11-02T23:30:00.000Z,Toledo,Eastern Michigan,49,52,False,PRIMARY_REGULAR_PROVISIONAL,v0.22_population_ledger
2021,401309581,2021-11-03T23:00:00.000Z,Western Michigan,Central Michigan,30,42,False,PRIMARY_REGULAR_PROVISIONAL,v0.22_population_ledger
2021,401309582,2021-11-03T23:00:00.000Z,Kent State,Northern Illinois,52,47,False,PRIMARY_REGULAR_PROVISIONAL,v0.22_population_ledger
2021,401309632,2021-11-04T23:30:00.000Z,Louisiana,Georgia State,21,17,False,PRIMARY_REGULAR_PROVISIONAL,v0.22_population_ledger
2021,401282677,2021-11-05T23:30:00.000Z,Boston College,Virginia Tech,17,3,False,PRIMARY_REGULAR_PROVISIONAL,v0.22_population_ledger
2021,401309888,2021-11-06T02:30:00.000Z,Stanford,Utah,7,52,False,PRIMARY_REGULAR_PROVISIONAL,v0.22_population_ledger
2021,401310253,2021-11-06T15:30:00.000Z,Air Force,Army,14,21,True,PRIMARY_REGULAR_PROVISIONAL,v0.22_population_ledger
2021,401282122,2021-11-06T16:00:00.000Z,Georgia,Missouri,43,6,False,PRIMARY_REGULAR_PROVISIONAL,v0.22_population_ledger
2021,401282124,2021-11-06T16:00:00.000Z,Ole Miss,Liberty,27,14,False,PRIMARY_REGULAR_PROVISIONAL,v0.22_population_ledger
2021,401282250,2021-11-06T16:00:00.000Z,UAB,Louisiana Tech,52,38,False,PRIMARY_REGULAR_PROVISIONAL,v0.22_population_ledger
2021,401282678,2021-11-06T16:00:00.000Z,Duke,Pittsburgh,29,54,False,PRIMARY_REGULAR_PROVISIONAL,v0.22_population_ledger
2021,401282682,2021-11-06T16:00:00.000Z,North Carolina,Wake Forest,58,55,False,PRIMARY_REGULAR_PROVISIONAL,v0.22_population_ledger
2021,401282720,2021-11-06T16:00:00.000Z,Minnesota,Illinois,6,14,False,PRIMARY_REGULAR_PROVISIONAL,v0.22_population_ledger
2021,401282799,2021-11-06T16:00:00.000Z,Nebraska,Ohio State,17,26,False,PRIMARY_REGULAR_PROVISIONAL,v0.22_population_ledger
2021,401287935,2021-11-06T16:00:00.000Z,Kansas,Kansas State,10,35,False,PRIMARY_REGULAR_PROVISIONAL,v0.22_population_ledger
2021,401301039,2021-11-06T16:00:00.000Z,Memphis,SMU,28,25,False,PRIMARY_REGULAR_PROVISIONAL,v0.22_population_ledger
2021,401282681,2021-11-06T16:30:00.000Z,Miami (FL),Georgia Tech,33,30,False,PRIMARY_REGULAR_PROVISIONAL,v0.22_population_ledger
2021,401309633,2021-11-06T18:00:00.000Z,Arkansas State,Appalachian State,14,48,False,PRIMARY_REGULAR_PROVISIONAL,v0.22_population_ledger
2021,401282252,2021-11-06T19:00:00.000Z,Southern Miss,North Texas,14,38,False,PRIMARY_REGULAR_PROVISIONAL,v0.22_population_ledger
2021,401301035,2021-11-06T19:00:00.000Z,East Carolina,Temple,45,3,False,PRIMARY_REGULAR_PROVISIONAL,v0.22_population_ledger
2021,401309635,2021-11-06T19:00:00.000Z,Texas State,UL Monroe,27,19,False,PRIMARY_REGULAR_PROVISIONAL,v0.22_population_ledger
2021,401309889,2021-11-06T19:00:00.000Z,Arizona,California,10,3,False,PRIMARY_REGULAR_PROVISIONAL,v0.22_population_ledger
2021,401282126,2021-11-06T19:30:00.000Z,Texas A&M,Auburn,20,3,False,PRIMARY_REGULAR_PROVISIONAL,v0.22_population_ledger
2021,401282247,2021-11-06T19:30:00.000Z,Charlotte,Rice,31,24,False,PRIMARY_REGULAR_PROVISIONAL,v0.22_population_ledger
2021,401282251,2021-11-06T19:30:00.000Z,Western Kentucky,Middle Tennessee,48,21,False,PRIMARY_REGULAR_PROVISIONAL,v0.22_population_ledger
2021,401282710,2021-11-06T19:30:00.000Z,Notre Dame,Navy,34,6,False,PRIMARY_REGULAR_PROVISIONAL,v0.22_population_ledger
2021,401282768,2021-11-06T19:30:00.000Z,Maryland,Penn State,14,31,False,PRIMARY_REGULAR_PROVISIONAL,v0.22_population_ledger
2021,401282787,2021-11-06T19:30:00.000Z,Purdue,Michigan State,40,29,False,PRIMARY_REGULAR_PROVISIONAL,v0.22_population_ledger
2021,401282824,2021-11-06T19:30:00.000Z,Rutgers,Wisconsin,3,52,False,PRIMARY_REGULAR_PROVISIONAL,v0.22_population_ledger
2021,401287936,2021-11-06T19:30:00.000Z,TCU,Baylor,30,28,False,PRIMARY_REGULAR_PROVISIONAL,v0.22_population_ledger
2021,401287937,2021-11-06T19:30:00.000Z,West Virginia,Oklahoma State,3,24,False,PRIMARY_REGULAR_PROVISIONAL,v0.22_population_ledger
2021,401301037,2021-11-06T19:30:00.000Z,Cincinnati,Tulsa,28,20,False,PRIMARY_REGULAR_PROVISIONAL,v0.22_population_ledger
2021,401309636,2021-11-06T19:30:00.000Z,Troy,South Alabama,31,24,False,PRIMARY_REGULAR_PROVISIONAL,v0.22_population_ledger
2021,401310736,2021-11-06T19:30:00.000Z,Wyoming,Colorado State,31,17,False,PRIMARY_REGULAR_PROVISIONAL,v0.22_population_ledger
2021,401282121,2021-11-06T20:00:00.000Z,Arkansas,Mississippi State,31,28,False,PRIMARY_REGULAR_PROVISIONAL,v0.22_population_ledger
2021,401282679,2021-11-06T20:00:00.000Z,Florida State,NC State,14,28,False,PRIMARY_REGULAR_PROVISIONAL,v0.22_population_ledger
2021,401301036,2021-11-06T20:00:00.000Z,UCF,Tulane,14,10,False,PRIMARY_REGULAR_PROVISIONAL,v0.22_population_ledger
2021,401310738,2021-11-06T20:00:00.000Z,New Mexico State,Utah State,13,35,False,PRIMARY_REGULAR_PROVISIONAL,v0.22_population_ledger
2021,401282249,2021-11-06T22:00:00.000Z,Florida Atlantic,Marshall,13,28,False,PRIMARY_REGULAR_PROVISIONAL,v0.22_population_ledger
2021,401309634,2021-11-06T22:00:00.000Z,Georgia Southern,Coastal Carolina,8,28,False,PRIMARY_REGULAR_PROVISIONAL,v0.22_population_ledger
2021,401282120,2021-11-06T23:00:00.000Z,Alabama,LSU,20,14,False,PRIMARY_REGULAR_PROVISIONAL,v0.22_population_ledger
2021,401282123,2021-11-06T23:00:00.000Z,Kentucky,Tennessee,42,45,False,PRIMARY_REGULAR_PROVISIONAL,v0.22_population_ledger
2021,401282248,2021-11-06T23:00:00.000Z,FIU,Old Dominion,24,47,False,PRIMARY_REGULAR_PROVISIONAL,v0.22_population_ledger
2021,401282757,2021-11-06T23:00:00.000Z,Northwestern,Iowa,12,17,False,PRIMARY_REGULAR_PROVISIONAL,v0.22_population_ledger
2021,401309891,2021-11-06T23:00:00.000Z,Colorado,Oregon State,37,34,False,PRIMARY_REGULAR_PROVISIONAL,v0.22_population_ledger
2021,401310735,2021-11-06T23:00:00.000Z,Fresno State,Boise State,14,40,False,PRIMARY_REGULAR_PROVISIONAL,v0.22_population_ledger
2021,401310737,2021-11-06T23:00:00.000Z,New Mexico,UNLV,17,31,False,PRIMARY_REGULAR_PROVISIONAL,v0.22_population_ledger
2021,401282125,2021-11-06T23:30:00.000Z,South Carolina,Florida,40,17,False,PRIMARY_REGULAR_PROVISIONAL,v0.22_population_ledger
2021,401282680,2021-11-06T23:30:00.000Z,Louisville,Clemson,24,30,False,PRIMARY_REGULAR_PROVISIONAL,v0.22_population_ledger
2021,401282727,2021-11-06T23:30:00.000Z,Michigan,Indiana,29,7,False,PRIMARY_REGULAR_PROVISIONAL,v0.22_population_ledger
2021,401287934,2021-11-06T23:30:00.000Z,Iowa State,Texas,30,7,False,PRIMARY_REGULAR_PROVISIONAL,v0.22_population_ledger
2021,401301038,2021-11-06T23:30:00.000Z,South Florida,Houston,42,54,False,PRIMARY_REGULAR_PROVISIONAL,v0.22_population_ledger
2021,401309890,2021-11-06T23:30:00.000Z,Washington,Oregon,16,26,False,PRIMARY_REGULAR_PROVISIONAL,v0.22_population_ledger
2021,401310740,2021-11-07T02:00:00.000Z,Nevada,San Jose State,27,24,False,PRIMARY_REGULAR_PROVISIONAL,v0.22_population_ledger
2021,401282253,2021-11-07T02:15:00.000Z,UTEP,UTSA,23,44,False,PRIMARY_REGULAR_PROVISIONAL,v0.22_population_ledger
2021,401309892,2021-11-07T02:30:00.000Z,Arizona State,USC,31,16,False,PRIMARY_REGULAR_PROVISIONAL,v0.22_population_ledger
2021,401310739,2021-11-07T03:00:00.000Z,Hawaii,San Diego State,10,17,False,PRIMARY_REGULAR_PROVISIONAL,v0.22_population_ledger
2021,401308840,2021-11-10T00:00:00.000Z,Miami (OH),Buffalo,45,18,False,PRIMARY_REGULAR_PROVISIONAL,v0.22_population_ledger
2021,401309584,2021-11-10T00:00:00.000Z,Western Michigan,Akron,45,40,False,PRIMARY_REGULAR_PROVISIONAL,v0.22_population_ledger
2021,401309583,2021-11-10T01:00:00.000Z,Eastern Michigan,Ohio,26,34,False,PRIMARY_REGULAR_PROVISIONAL,v0.22_population_ledger
2021,401309585,2021-11-11T00:00:00.000Z,Bowling Green,Toledo,17,49,False,PRIMARY_REGULAR_PROVISIONAL,v0.22_population_ledger
2021,401309587,2021-11-11T00:00:00.000Z,Northern Illinois,Ball State,30,29,False,PRIMARY_REGULAR_PROVISIONAL,v0.22_population_ledger
2021,401309586,2021-11-11T01:00:00.000Z,Central Michigan,Kent State,54,30,False,PRIMARY_REGULAR_PROVISIONAL,v0.22_population_ledger
2021,401282683,2021-11-12T00:30:00.000Z,Pittsburgh,North Carolina,30,23,False,PRIMARY_REGULAR_PROVISIONAL,v0.22_population_ledger
2021,401301040,2021-11-12T23:00:00.000Z,South Florida,Cincinnati,28,45,False,PRIMARY_REGULAR_PROVISIONAL,v0.22_population_ledger
2021,401310742,2021-11-13T02:00:00.000Z,Boise State,Wyoming,23,13,False,PRIMARY_REGULAR_PROVISIONAL,v0.22_population_ledger
2021,401282127,2021-11-13T17:00:00.000Z,Alabama,New Mexico State,59,3,False,PRIMARY_REGULAR_PROVISIONAL,v0.22_population_ledger
2021,401282128,2021-11-13T17:00:00.000Z,Auburn,Mississippi State,34,43,False,PRIMARY_REGULAR_PROVISIONAL,v0.22_population_ledger
2021,401282684,2021-11-13T17:00:00.000Z,Clemson,UConn,44,7,False,PRIMARY_REGULAR_PROVISIONAL,v0.22_population_ledger
2021,401282687,2021-11-13T17:00:00.000Z,Louisville,Syracuse,41,3,False,PRIMARY_REGULAR_PROVISIONAL,v0.22_population_ledger
2021,401282728,2021-11-13T17:00:00.000Z,Indiana,Rutgers,3,38,False,PRIMARY_REGULAR_PROVISIONAL,v0.22_population_ledger
2021,401282780,2021-11-13T17:00:00.000Z,Penn State,Michigan,17,21,False,PRIMARY_REGULAR_PROVISIONAL,v0.22_population_ledger
2021,401282806,2021-11-13T17:00:00.000Z,Wisconsin,Northwestern,35,7,False,PRIMARY_REGULAR_PROVISIONAL,v0.22_population_ledger
2021,401287938,2021-11-13T17:00:00.000Z,Baylor,Oklahoma,27,14,False,PRIMARY_REGULAR_PROVISIONAL,v0.22_population_ledger
2021,401287939,2021-11-13T17:00:00.000Z,Kansas State,West Virginia,34,17,False,PRIMARY_REGULAR_PROVISIONAL,v0.22_population_ledger
2021,401301041,2021-11-13T17:00:00.000Z,SMU,UCF,55,28,False,PRIMARY_REGULAR_PROVISIONAL,v0.22_population_ledger
2021,401301042,2021-11-13T17:00:00.000Z,Memphis,East Carolina,29,30,False,PRIMARY_REGULAR_PROVISIONAL,v0.22_population_ledger
2021,401301043,2021-11-13T17:00:00.000Z,Temple,Houston,8,37,False,PRIMARY_REGULAR_PROVISIONAL,v0.22_population_ledger
2021,401282259,2021-11-13T19:00:00.000Z,Rice,Western Kentucky,21,42,False,PRIMARY_REGULAR_PROVISIONAL,v0.22_population_ledger
2021,401309639,2021-11-13T19:00:00.000Z,Coastal Carolina,Georgia State,40,42,False,PRIMARY_REGULAR_PROVISIONAL,v0.22_population_ledger
2021,401309896,2021-11-13T19:00:00.000Z,Arizona,Utah,29,38,False,PRIMARY_REGULAR_PROVISIONAL,v0.22_population_ledger
2021,401309637,2021-11-13T19:30:00.000Z,Appalachian State,South Alabama,31,7,False,PRIMARY_REGULAR_PROVISIONAL,v0.22_population_ledger
2021,401309640,2021-11-13T20:00:00.000Z,Texas State,Georgia Southern,30,38,False,PRIMARY_REGULAR_PROVISIONAL,v0.22_population_ledger
2021,401282133,2021-11-13T20:30:00.000Z,Tennessee,Georgia,17,41,False,PRIMARY_REGULAR_PROVISIONAL,v0.22_population_ledger
2021,401282254,2021-11-13T20:30:00.000Z,Louisiana Tech,Charlotte,42,32,False,PRIMARY_REGULAR_PROVISIONAL,v0.22_population_ledger
2021,401282255,2021-11-13T20:30:00.000Z,Middle Tennessee,FIU,50,10,False,PRIMARY_REGULAR_PROVISIONAL,v0.22_population_ledger
2021,401282256,2021-11-13T20:30:00.000Z,Old Dominion,Florida Atlantic,30,16,False,PRIMARY_REGULAR_PROVISIONAL,v0.22_population_ledger
2021,401282257,2021-11-13T20:30:00.000Z,Marshall,UAB,14,21,False,PRIMARY_REGULAR_PROVISIONAL,v0.22_population_ledger
2021,401282260,2021-11-13T20:30:00.000Z,UTSA,Southern Miss,27,17,False,PRIMARY_REGULAR_PROVISIONAL,v0.22_population_ledger
2021,401282685,2021-11-13T20:30:00.000Z,Florida State,Miami (FL),31,28,False,PRIMARY_REGULAR_PROVISIONAL,v0.22_population_ledger
2021,401282686,2021-11-13T20:30:00.000Z,Georgia Tech,Boston College,30,41,False,PRIMARY_REGULAR_PROVISIONAL,v0.22_population_ledger
2021,401282689,2021-11-13T20:30:00.000Z,Virginia Tech,Duke,48,17,False,PRIMARY_REGULAR_PROVISIONAL,v0.22_population_ledger
2021,401282762,2021-11-13T20:30:00.000Z,Iowa,Minnesota,27,22,False,PRIMARY_REGULAR_PROVISIONAL,v0.22_population_ledger
2021,401282812,2021-11-13T20:30:00.000Z,Ohio State,Purdue,59,31,False,PRIMARY_REGULAR_PROVISIONAL,v0.22_population_ledger
2021,401287942,2021-11-13T20:30:00.000Z,Texas Tech,Iowa State,41,38,False,PRIMARY_REGULAR_PROVISIONAL,v0.22_population_ledger
2021,401309641,2021-11-13T20:30:00.000Z,Troy,Louisiana,21,35,False,PRIMARY_REGULAR_PROVISIONAL,v0.22_population_ledger
2021,401282132,2021-11-13T21:00:00.000Z,Missouri,South Carolina,31,28,False,PRIMARY_REGULAR_PROVISIONAL,v0.22_population_ledger
2021,401282258,2021-11-13T21:00:00.000Z,North Texas,UTEP,20,17,False,PRIMARY_REGULAR_PROVISIONAL,v0.22_population_ledger
2021,401282771,2021-11-13T21:00:00.000Z,Michigan State,Maryland,40,21,False,PRIMARY_REGULAR_PROVISIONAL,v0.22_population_ledger
2021,401301044,2021-11-13T21:00:00.000Z,Tulane,Tulsa,13,20,False,PRIMARY_REGULAR_PROVISIONAL,v0.22_population_ledger
2021,401310745,2021-11-13T21:00:00.000Z,UNLV,Hawaii,27,13,False,PRIMARY_REGULAR_PROVISIONAL,v0.22_population_ledger
2021,401309638,2021-11-13T22:00:00.000Z,UL Monroe,Arkansas State,24,27,False,PRIMARY_REGULAR_PROVISIONAL,v0.22_population_ledger
2021,401309894,2021-11-13T22:30:00.000Z,Oregon State,Stanford,35,14,False,PRIMARY_REGULAR_PROVISIONAL,v0.22_population_ledger
2021,401282131,2021-11-14T00:00:00.000Z,Ole Miss,Texas A&M,29,19,False,PRIMARY_REGULAR_PROVISIONAL,v0.22_population_ledger
2021,401282134,2021-11-14T00:00:00.000Z,Vanderbilt,Kentucky,17,34,False,PRIMARY_REGULAR_PROVISIONAL,v0.22_population_ledger
2021,401309897,2021-11-14T00:00:00.000Z,Washington,Arizona State,30,35,False,PRIMARY_REGULAR_PROVISIONAL,v0.22_population_ledger
2021,401310741,2021-11-14T00:00:00.000Z,Colorado State,Air Force,21,35,False,PRIMARY_REGULAR_PROVISIONAL,v0.22_population_ledger
2021,401310743,2021-11-14T00:00:00.000Z,Fresno State,New Mexico,34,7,False,PRIMARY_REGULAR_PROVISIONAL,v0.22_population_ledger
2021,401282130,2021-11-14T00:30:00.000Z,LSU,Arkansas,13,16,False,PRIMARY_REGULAR_PROVISIONAL,v0.22_population_ledger
2021,401282688,2021-11-14T00:30:00.000Z,Virginia,Notre Dame,3,28,False,PRIMARY_REGULAR_PROVISIONAL,v0.22_population_ledger
2021,401282690,2021-11-14T00:30:00.000Z,Wake Forest,NC State,45,42,False,PRIMARY_REGULAR_PROVISIONAL,v0.22_population_ledger
2021,401287941,2021-11-14T00:30:00.000Z,Texas,Kansas,56,57,False,PRIMARY_REGULAR_PROVISIONAL,v0.22_population_ledger
2021,401287940,2021-11-14T01:00:00.000Z,Oklahoma State,TCU,63,17,False,PRIMARY_REGULAR_PROVISIONAL,v0.22_population_ledger
2021,401309898,2021-11-14T02:00:00.000Z,UCLA,Colorado,44,20,False,PRIMARY_REGULAR_PROVISIONAL,v0.22_population_ledger
2021,401309895,2021-11-14T03:30:00.000Z,Oregon,Washington State,38,24,False,PRIMARY_REGULAR_PROVISIONAL,v0.22_population_ledger
2021,401310744,2021-11-14T03:30:00.000Z,San Jose State,Utah State,17,48,False,PRIMARY_REGULAR_PROVISIONAL,v0.22_population_ledger
2021,401310746,2021-11-14T03:30:00.000Z,San Diego State,Nevada,23,21,False,PRIMARY_REGULAR_PROVISIONAL,v0.22_population_ledger
2021,401309589,2021-11-17T00:00:00.000Z,Ohio,Toledo,23,35,False,PRIMARY_REGULAR_PROVISIONAL,v0.22_population_ledger
2021,401309588,2021-11-17T00:30:00.000Z,Eastern Michigan,Western Michigan,22,21,False,PRIMARY_REGULAR_PROVISIONAL,v0.22_population_ledger
2021,401308841,2021-11-17T01:00:00.000Z,Miami (OH),Bowling Green,34,7,False,PRIMARY_REGULAR_PROVISIONAL,v0.22_population_ledger
2021,401309590,2021-11-18T00:00:00.000Z,Buffalo,Northern Illinois,27,33,False,PRIMARY_REGULAR_PROVISIONAL,v0.22_population_ledger
2021,401309591,2021-11-18T00:00:00.000Z,Ball State,Central Michigan,17,37,False,PRIMARY_REGULAR_PROVISIONAL,v0.22_population_ledger
2021,401282691,2021-11-19T00:30:00.000Z,Duke,Louisville,22,62,False,PRIMARY_REGULAR_PROVISIONAL,v0.22_population_ledger
2021,401282264,2021-11-20T01:00:00.000Z,Louisiana Tech,Southern Miss,19,35,False,PRIMARY_REGULAR_PROVISIONAL,v0.22_population_ledger
2021,401301045,2021-11-20T02:00:00.000Z,Houston,Memphis,31,13,False,PRIMARY_REGULAR_PROVISIONAL,v0.22_population_ledger
2021,401309899,2021-11-20T02:00:00.000Z,Washington State,Arizona,44,18,False,PRIMARY_REGULAR_PROVISIONAL,v0.22_population_ledger
2021,401310747,2021-11-20T02:00:00.000Z,Nevada,Air Force,39,41,False,PRIMARY_REGULAR_PROVISIONAL,v0.22_population_ledger
2021,401310751,2021-11-20T04:30:00.000Z,UNLV,San Diego State,20,28,False,PRIMARY_REGULAR_PROVISIONAL,v0.22_population_ledger
2021,401282137,2021-11-20T17:00:00.000Z,Kentucky,New Mexico State,56,16,False,PRIMARY_REGULAR_PROVISIONAL,v0.22_population_ledger
2021,401282263,2021-11-20T17:00:00.000Z,Western Kentucky,Florida Atlantic,52,17,False,PRIMARY_REGULAR_PROVISIONAL,v0.22_population_ledger
2021,401282692,2021-11-20T17:00:00.000Z,Boston College,Florida State,23,26,False,PRIMARY_REGULAR_PROVISIONAL,v0.22_population_ledger
2021,401282693,2021-11-20T17:00:00.000Z,Clemson,Wake Forest,48,27,False,PRIMARY_REGULAR_PROVISIONAL,v0.22_population_ledger
2021,401282786,2021-11-20T17:00:00.000Z,Ohio State,Michigan State,56,7,False,PRIMARY_REGULAR_PROVISIONAL,v0.22_population_ledger
2021,401282808,2021-11-20T17:00:00.000Z,Northwestern,Purdue,14,32,True,PRIMARY_REGULAR_PROVISIONAL,v0.22_population_ledger
2021,401282818,2021-11-20T17:00:00.000Z,Penn State,Rutgers,28,0,False,PRIMARY_REGULAR_PROVISIONAL,v0.22_population_ledger
2021,401286305,2021-11-20T17:00:00.000Z,Army,UMass,33,17,False,PRIMARY_REGULAR_PROVISIONAL,v0.22_population_ledger
2021,401287944,2021-11-20T17:00:00.000Z,Oklahoma,Iowa State,28,21,False,PRIMARY_REGULAR_PROVISIONAL,v0.22_population_ledger
2021,401287947,2021-11-20T17:00:00.000Z,West Virginia,Texas,31,23,False,PRIMARY_REGULAR_PROVISIONAL,v0.22_population_ledger
2021,401301048,2021-11-20T17:00:00.000Z,Tulane,South Florida,45,14,False,PRIMARY_REGULAR_PROVISIONAL,v0.22_population_ledger
2021,401309592,2021-11-20T17:00:00.000Z,Akron,Kent State,0,38,False,PRIMARY_REGULAR_PROVISIONAL,v0.22_population_ledger
2021,401309644,2021-11-20T18:00:00.000Z,Coastal Carolina,Texas State,35,21,False,PRIMARY_REGULAR_PROVISIONAL,v0.22_population_ledger
2021,401282721,2021-11-20T19:00:00.000Z,Iowa,Illinois,33,23,False,PRIMARY_REGULAR_PROVISIONAL,v0.22_population_ledger
2021,401309643,2021-11-20T19:00:00.000Z,Georgia State,Arkansas State,28,20,False,PRIMARY_REGULAR_PROVISIONAL,v0.22_population_ledger
2021,401282697,2021-11-20T19:30:00.000Z,Notre Dame,Georgia Tech,55,0,False,PRIMARY_REGULAR_PROVISIONAL,v0.22_population_ledger
2021,401309903,2021-11-20T20:00:00.000Z,Colorado,Washington,20,17,False,PRIMARY_REGULAR_PROVISIONAL,v0.22_population_ledger
2021,401282135,2021-11-20T20:30:00.000Z,Alabama,Arkansas,42,35,False,PRIMARY_REGULAR_PROVISIONAL,v0.22_population_ledger
2021,401282261,2021-11-20T20:30:00.000Z,Charlotte,Marshall,28,49,False,PRIMARY_REGULAR_PROVISIONAL,v0.22_population_ledger
2021,401282265,2021-11-20T20:30:00.000Z,Middle Tennessee,Old Dominion,17,24,False,PRIMARY_REGULAR_PROVISIONAL,v0.22_population_ledger
2021,401282267,2021-11-20T20:30:00.000Z,UTSA,UAB,34,31,False,PRIMARY_REGULAR_PROVISIONAL,v0.22_population_ledger
2021,401282698,2021-11-20T20:30:00.000Z,Pittsburgh,Virginia,48,38,False,PRIMARY_REGULAR_PROVISIONAL,v0.22_population_ledger
2021,401282732,2021-11-20T20:30:00.000Z,Indiana,Minnesota,14,35,False,PRIMARY_REGULAR_PROVISIONAL,v0.22_population_ledger
2021,401282770,2021-11-20T20:30:00.000Z,Maryland,Michigan,18,59,False,PRIMARY_REGULAR_PROVISIONAL,v0.22_population_ledger
2021,401282803,2021-11-20T20:30:00.000Z,Wisconsin,Nebraska,35,28,False,PRIMARY_REGULAR_PROVISIONAL,v0.22_population_ledger
2021,401301046,2021-11-20T20:30:00.000Z,Cincinnati,SMU,48,14,False,PRIMARY_REGULAR_PROVISIONAL,v0.22_population_ledger
2021,401301047,2021-11-20T20:30:00.000Z,Navy,East Carolina,35,38,False,PRIMARY_REGULAR_PROVISIONAL,v0.22_population_ledger
2021,401309642,2021-11-20T20:30:00.000Z,Troy,Appalachian State,7,45,False,PRIMARY_REGULAR_PROVISIONAL,v0.22_population_ledger
2021,401282141,2021-11-20T21:00:00.000Z,Missouri,Florida,24,23,False,PRIMARY_REGULAR_PROVISIONAL,v0.22_population_ledger
2021,401282266,2021-11-20T21:00:00.000Z,UTEP,Rice,38,28,False,PRIMARY_REGULAR_PROVISIONAL,v0.22_population_ledger
2021,401282695,2021-11-20T21:00:00.000Z,NC State,Syracuse,41,17,False,PRIMARY_REGULAR_PROVISIONAL,v0.22_population_ledger
2021,401286293,2021-11-20T21:00:00.000Z,UCF,UConn,49,17,False,PRIMARY_REGULAR_PROVISIONAL,v0.22_population_ledger
2021,401286298,2021-11-20T21:00:00.000Z,Liberty,Louisiana,14,42,False,PRIMARY_REGULAR_PROVISIONAL,v0.22_population_ledger
2021,401287945,2021-11-20T21:00:00.000Z,TCU,Kansas,31,28,False,PRIMARY_REGULAR_PROVISIONAL,v0.22_population_ledger
2021,401301049,2021-11-20T21:00:00.000Z,Tulsa,Temple,44,10,False,PRIMARY_REGULAR_PROVISIONAL,v0.22_population_ledger
2021,401309645,2021-11-20T21:00:00.000Z,Georgia Southern,BYU,17,34,False,PRIMARY_REGULAR_PROVISIONAL,v0.22_population_ledger
2021,401309904,2021-11-20T21:00:00.000Z,USC,UCLA,33,62,False,PRIMARY_REGULAR_PROVISIONAL,v0.22_population_ledger
2021,401287943,2021-11-20T22:30:00.000Z,Kansas State,Baylor,10,20,False,PRIMARY_REGULAR_PROVISIONAL,v0.22_population_ledger
2021,401282142,2021-11-21T00:00:00.000Z,South Carolina,Auburn,21,17,False,PRIMARY_REGULAR_PROVISIONAL,v0.22_population_ledger
2021,401282262,2021-11-21T00:00:00.000Z,FIU,North Texas,7,49,False,PRIMARY_REGULAR_PROVISIONAL,v0.22_population_ledger
2021,401309900,2021-11-21T00:00:00.000Z,Stanford,California,11,41,False,PRIMARY_REGULAR_PROVISIONAL,v0.22_population_ledger
2021,401282139,2021-11-21T00:30:00.000Z,Ole Miss,Vanderbilt,31,17,False,PRIMARY_REGULAR_PROVISIONAL,v0.22_population_ledger
2021,401282143,2021-11-21T00:30:00.000Z,Tennessee,South Alabama,60,14,False,PRIMARY_REGULAR_PROVISIONAL,v0.22_population_ledger
2021,401282694,2021-11-21T00:30:00.000Z,Miami (FL),Virginia Tech,38,26,False,PRIMARY_REGULAR_PROVISIONAL,v0.22_population_ledger
2021,401309901,2021-11-21T00:30:00.000Z,Utah,Oregon,38,7,False,PRIMARY_REGULAR_PROVISIONAL,v0.22_population_ledger
2021,401287946,2021-11-21T01:00:00.000Z,Texas Tech,Oklahoma State,0,23,False,PRIMARY_REGULAR_PROVISIONAL,v0.22_population_ledger
2021,401310750,2021-11-21T01:00:00.000Z,Utah State,Wyoming,17,44,False,PRIMARY_REGULAR_PROVISIONAL,v0.22_population_ledger
2021,401282138,2021-11-21T02:00:00.000Z,LSU,UL Monroe,27,14,False,PRIMARY_REGULAR_PROVISIONAL,v0.22_population_ledger
2021,401310748,2021-11-21T02:00:00.000Z,Boise State,New Mexico,37,0,False,PRIMARY_REGULAR_PROVISIONAL,v0.22_population_ledger
2021,401309902,2021-11-21T03:30:00.000Z,Oregon State,Arizona State,24,10,False,PRIMARY_REGULAR_PROVISIONAL,v0.22_population_ledger
2021,401310749,2021-11-21T04:00:00.000Z,Hawaii,Colorado State,50,45,False,PRIMARY_REGULAR_PROVISIONAL,v0.22_population_ledger
2021,401309593,2021-11-24T00:00:00.000Z,Ball State,Buffalo,20,3,False,PRIMARY_REGULAR_PROVISIONAL,v0.22_population_ledger
2021,401309594,2021-11-24T00:00:00.000Z,Northern Illinois,Western Michigan,21,42,False,PRIMARY_REGULAR_PROVISIONAL,v0.22_population_ledger
2021,401310757,2021-11-25T20:30:00.000Z,San Jose State,Fresno State,9,40,False,PRIMARY_REGULAR_PROVISIONAL,v0.22_population_ledger
2021,401282151,2021-11-26T00:30:00.000Z,Mississippi State,Ole Miss,21,31,False,PRIMARY_REGULAR_PROVISIONAL,v0.22_population_ledger
2021,401287952,2021-11-26T17:00:00.000Z,Texas,Kansas State,22,17,False,PRIMARY_REGULAR_PROVISIONAL,v0.22_population_ledger
2021,401309595,2021-11-26T17:00:00.000Z,Central Michigan,Eastern Michigan,31,10,False,PRIMARY_REGULAR_PROVISIONAL,v0.22_population_ledger
2021,401309596,2021-11-26T17:00:00.000Z,Bowling Green,Ohio,21,10,False,PRIMARY_REGULAR_PROVISIONAL,v0.22_population_ledger
2021,401310753,2021-11-26T17:00:00.000Z,San Diego State,Boise State,27,16,False,PRIMARY_REGULAR_PROVISIONAL,v0.22_population_ledger
2021,401310755,2021-11-26T18:00:00.000Z,New Mexico,Utah State,10,35,False,PRIMARY_REGULAR_PROVISIONAL,v0.22_population_ledger
2021,401282761,2021-11-26T18:30:00.000Z,Nebraska,Iowa,21,28,False,PRIMARY_REGULAR_PROVISIONAL,v0.22_population_ledger
2021,401282274,2021-11-26T19:00:00.000Z,UAB,UTEP,42,25,False,PRIMARY_REGULAR_PROVISIONAL,v0.22_population_ledger
2021,401282145,2021-11-26T20:30:00.000Z,Arkansas,Missouri,34,17,False,PRIMARY_REGULAR_PROVISIONAL,v0.22_population_ledger
2021,401301050,2021-11-26T20:30:00.000Z,UCF,South Florida,17,13,False,PRIMARY_REGULAR_PROVISIONAL,v0.22_population_ledger
2021,401301051,2021-11-26T20:30:00.000Z,East Carolina,Cincinnati,13,35,False,PRIMARY_REGULAR_PROVISIONAL,v0.22_population_ledger
2021,401309648,2021-11-26T20:30:00.000Z,South Alabama,Coastal Carolina,21,27,False,PRIMARY_REGULAR_PROVISIONAL,v0.22_population_ledger
2021,401310752,2021-11-26T20:30:00.000Z,Air Force,UNLV,48,14,False,PRIMARY_REGULAR_PROVISIONAL,v0.22_population_ledger
2021,401309906,2021-11-26T21:00:00.000Z,Utah,Colorado,28,13,False,PRIMARY_REGULAR_PROVISIONAL,v0.22_population_ledger
2021,401287949,2021-11-26T21:30:00.000Z,Iowa State,TCU,48,14,False,PRIMARY_REGULAR_PROVISIONAL,v0.22_population_ledger
2021,401282699,2021-11-27T00:00:00.000Z,NC State,North Carolina,34,30,False,PRIMARY_REGULAR_PROVISIONAL,v0.22_population_ledger
2021,401309905,2021-11-27T01:00:00.000Z,Washington,Washington State,13,40,False,PRIMARY_REGULAR_PROVISIONAL,v0.22_population_ledger
2021,401282147,2021-11-27T17:00:00.000Z,Florida,Florida State,24,21,False,PRIMARY_REGULAR_PROVISIONAL,v0.22_population_ledger
2021,401282148,2021-11-27T17:00:00.000Z,Georgia Tech,Georgia,0,45,False,PRIMARY_REGULAR_PROVISIONAL,v0.22_population_ledger
2021,401282700,2021-11-27T17:00:00.000Z,Boston College,Wake Forest,10,41,False,PRIMARY_REGULAR_PROVISIONAL,v0.22_population_ledger
2021,401282766,2021-11-27T17:00:00.000Z,Rutgers,Maryland,16,40,False,PRIMARY_REGULAR_PROVISIONAL,v0.22_population_ledger
2021,401282781,2021-11-27T17:00:00.000Z,Michigan,Ohio State,42,27,False,PRIMARY_REGULAR_PROVISIONAL,v0.22_population_ledger
2021,401286299,2021-11-27T17:00:00.000Z,Liberty,Army,16,31,False,PRIMARY_REGULAR_PROVISIONAL,v0.22_population_ledger
2021,401287948,2021-11-27T17:00:00.000Z,Baylor,Texas Tech,27,24,False,PRIMARY_REGULAR_PROVISIONAL,v0.22_population_ledger
2021,401301052,2021-11-27T17:00:00.000Z,UConn,Houston,17,45,False,PRIMARY_REGULAR_PROVISIONAL,v0.22_population_ledger
2021,401301054,2021-11-27T17:00:00.000Z,Temple,Navy,14,38,False,PRIMARY_REGULAR_PROVISIONAL,v0.22_population_ledger
2021,401308842,2021-11-27T17:00:00.000Z,Kent State,Miami (OH),48,47,False,PRIMARY_REGULAR_PROVISIONAL,v0.22_population_ledger
2021,401309597,2021-11-27T17:00:00.000Z,Toledo,Akron,49,14,False,PRIMARY_REGULAR_PROVISIONAL,v0.22_population_ledger
2021,401282701,2021-11-27T17:30:00.000Z,Duke,Miami (FL),10,47,False,PRIMARY_REGULAR_PROVISIONAL,v0.22_population_ledger
2021,401282271,2021-11-27T18:00:00.000Z,Rice,Louisiana Tech,35,31,False,PRIMARY_REGULAR_PROVISIONAL,v0.22_population_ledger
2021,401282268,2021-11-27T19:00:00.000Z,Old Dominion,Charlotte,56,34,False,PRIMARY_REGULAR_PROVISIONAL,v0.22_population_ledger
2021,401282273,2021-11-27T19:00:00.000Z,North Texas,UTSA,45,23,False,PRIMARY_REGULAR_PROVISIONAL,v0.22_population_ledger
2021,401309647,2021-11-27T19:00:00.000Z,Arkansas State,Texas State,22,24,False,PRIMARY_REGULAR_PROVISIONAL,v0.22_population_ledger
2021,401309649,2021-11-27T19:00:00.000Z,Georgia State,Troy,37,10,False,PRIMARY_REGULAR_PROVISIONAL,v0.22_population_ledger
2021,401309646,2021-11-27T19:30:00.000Z,Appalachian State,Georgia Southern,27,3,False,PRIMARY_REGULAR_PROVISIONAL,v0.22_population_ledger
2021,401282269,2021-11-27T20:00:00.000Z,Southern Miss,FIU,37,17,False,PRIMARY_REGULAR_PROVISIONAL,v0.22_population_ledger
2021,401286306,2021-11-27T20:00:00.000Z,New Mexico State,UMass,44,27,False,PRIMARY_REGULAR_PROVISIONAL,v0.22_population_ledger
2021,401310756,2021-11-27T20:00:00.000Z,Wyoming,Hawaii,14,38,False,PRIMARY_REGULAR_PROVISIONAL,v0.22_population_ledger
2021,401282146,2021-11-27T20:30:00.000Z,Auburn,Alabama,22,24,False,PRIMARY_REGULAR_PROVISIONAL,v0.22_population_ledger
2021,401282272,2021-11-27T20:30:00.000Z,Marshall,Western Kentucky,21,53,False,PRIMARY_REGULAR_PROVISIONAL,v0.22_population_ledger
2021,401282722,2021-11-27T20:30:00.000Z,Illinois,Northwestern,47,14,False,PRIMARY_REGULAR_PROVISIONAL,v0.22_population_ledger
2021,401282753,2021-11-27T20:30:00.000Z,Purdue,Indiana,44,7,False,PRIMARY_REGULAR_PROVISIONAL,v0.22_population_ledger
2021,401282785,2021-11-27T20:30:00.000Z,Michigan State,Penn State,30,27,False,PRIMARY_REGULAR_PROVISIONAL,v0.22_population_ledger
2021,401309908,2021-11-27T20:30:00.000Z,Oregon,Oregon State,38,29,False,PRIMARY_REGULAR_PROVISIONAL,v0.22_population_ledger
2021,401282153,2021-11-27T20:45:00.000Z,Tennessee,Vanderbilt,45,21,False,PRIMARY_REGULAR_PROVISIONAL,v0.22_population_ledger
2021,401282703,2021-11-27T20:45:00.000Z,Virginia,Virginia Tech,24,29,False,PRIMARY_REGULAR_PROVISIONAL,v0.22_population_ledger
2021,401282794,2021-11-27T21:00:00.000Z,Minnesota,Wisconsin,23,13,False,PRIMARY_REGULAR_PROVISIONAL,v0.22_population_ledger
2021,401301055,2021-11-27T21:00:00.000Z,SMU,Tulsa,31,34,False,PRIMARY_REGULAR_PROVISIONAL,v0.22_population_ledger
2021,401309650,2021-11-27T21:00:00.000Z,Louisiana,UL Monroe,21,16,False,PRIMARY_REGULAR_PROVISIONAL,v0.22_population_ledger
2021,401309909,2021-11-27T21:00:00.000Z,Arizona State,Arizona,38,15,False,PRIMARY_REGULAR_PROVISIONAL,v0.22_population_ledger
2021,401282150,2021-11-28T00:00:00.000Z,LSU,Texas A&M,27,24,False,PRIMARY_REGULAR_PROVISIONAL,v0.22_population_ledger
2021,401282270,2021-11-28T00:00:00.000Z,Florida Atlantic,Middle Tennessee,17,27,False,PRIMARY_REGULAR_PROVISIONAL,v0.22_population_ledger
2021,401287950,2021-11-28T00:00:00.000Z,Kansas,West Virginia,28,34,False,PRIMARY_REGULAR_PROVISIONAL,v0.22_population_ledger
2021,401282149,2021-11-28T00:30:00.000Z,Louisville,Kentucky,21,52,False,PRIMARY_REGULAR_PROVISIONAL,v0.22_population_ledger
2021,401282152,2021-11-28T00:30:00.000Z,South Carolina,Clemson,0,30,False,PRIMARY_REGULAR_PROVISIONAL,v0.22_population_ledger
2021,401282702,2021-11-28T00:30:00.000Z,Syracuse,Pittsburgh,14,31,False,PRIMARY_REGULAR_PROVISIONAL,v0.22_population_ledger
2021,401287951,2021-11-28T00:30:00.000Z,Oklahoma State,Oklahoma,37,33,False,PRIMARY_REGULAR_PROVISIONAL,v0.22_population_ledger
2021,401301053,2021-11-28T00:30:00.000Z,Memphis,Tulane,33,28,False,PRIMARY_REGULAR_PROVISIONAL,v0.22_population_ledger
2021,401282711,2021-11-28T01:00:00.000Z,Stanford,Notre Dame,14,45,False,PRIMARY_REGULAR_PROVISIONAL,v0.22_population_ledger
2021,401310754,2021-11-28T02:00:00.000Z,Colorado State,Nevada,10,52,False,PRIMARY_REGULAR_PROVISIONAL,v0.22_population_ledger
2021,401309907,2021-11-28T03:30:00.000Z,UCLA,California,42,14,False,PRIMARY_REGULAR_PROVISIONAL,v0.22_population_ledger
2021,401309910,2021-11-28T03:30:00.000Z,USC,BYU,31,35,False,PRIMARY_REGULAR_PROVISIONAL,v0.22_population_ledger
2021,401282156,2021-12-04T00:00:00.000Z,UTSA,Western Kentucky,49,41,False,PRIMARY_REGULAR_PROVISIONAL,v0.22_population_ledger
2021,401331159,2021-12-04T01:00:00.000Z,Utah,Oregon,38,10,True,PRIMARY_REGULAR_PROVISIONAL,v0.22_population_ledger
2021,401287953,2021-12-04T17:00:00.000Z,Oklahoma State,Baylor,16,21,True,PRIMARY_REGULAR_PROVISIONAL,v0.22_population_ledger
2021,401331160,2021-12-04T17:00:00.000Z,Northern Illinois,Kent State,41,23,True,PRIMARY_REGULAR_PROVISIONAL,v0.22_population_ledger
2021,401310676,2021-12-04T20:00:00.000Z,San Diego State,Utah State,13,46,False,PRIMARY_REGULAR_PROVISIONAL,v0.22_population_ledger
2021,401331161,2021-12-04T20:30:00.000Z,Louisiana,Appalachian State,24,16,False,PRIMARY_REGULAR_PROVISIONAL,v0.22_population_ledger
2021,401282154,2021-12-04T21:00:00.000Z,Alabama,Georgia,41,24,True,PRIMARY_REGULAR_PROVISIONAL,v0.22_population_ledger
2021,401331162,2021-12-04T21:00:00.000Z,Cincinnati,Houston,35,20,False,PRIMARY_REGULAR_PROVISIONAL,v0.22_population_ledger
2021,401331163,2021-12-05T01:00:00.000Z,Wake Forest,Pittsburgh,21,45,True,PRIMARY_REGULAR_PROVISIONAL,v0.22_population_ledger
2021,401331447,2021-12-05T01:00:00.000Z,Iowa,Michigan,3,42,True,PRIMARY_REGULAR_PROVISIONAL,v0.22_population_ledger
2021,401387250,2021-12-05T04:00:00.000Z,California,USC,24,14,False,PRIMARY_REGULAR_PROVISIONAL,v0.22_population_ledger
2021,401301056,2021-12-11T20:00:00.000Z,Army,Navy,13,17,False,PRIMARY_REGULAR_PROVISIONAL,v0.22_population_ledger
2022,401405059,2022-08-27T16:30:00.000Z,Northwestern,Nebraska,31,28,True,PRIMARY_REGULAR_PROVISIONAL,v0.22_population_ledger
2022,401404146,2022-08-27T20:00:00.000Z,Utah State,UConn,31,20,False,PRIMARY_REGULAR_PROVISIONAL,v0.22_population_ledger
2022,401405058,2022-08-27T20:00:00.000Z,Illinois,Wyoming,38,6,False,PRIMARY_REGULAR_PROVISIONAL,v0.22_population_ledger
2022,401426530,2022-08-27T23:00:00.000Z,Florida Atlantic,Charlotte,43,13,False,PRIMARY_REGULAR_PROVISIONAL,v0.22_population_ledger
2022,401426531,2022-08-28T01:00:00.000Z,UTEP,North Texas,13,31,False,PRIMARY_REGULAR_PROVISIONAL,v0.22_population_ledger
2022,401409235,2022-08-28T02:00:00.000Z,New Mexico State,Nevada,12,23,False,PRIMARY_REGULAR_PROVISIONAL,v0.22_population_ledger
2022,401403853,2022-08-28T02:30:00.000Z,Hawaii,Vanderbilt,10,63,False,PRIMARY_REGULAR_PROVISIONAL,v0.22_population_ledger
2022,401403864,2022-09-01T23:00:00.000Z,Tennessee,Ball State,59,10,False,PRIMARY_REGULAR_PROVISIONAL,v0.22_population_ledger
2022,401411092,2022-09-01T23:00:00.000Z,Pittsburgh,West Virginia,38,31,False,PRIMARY_REGULAR_PROVISIONAL,v0.22_population_ledger
2022,401416569,2022-09-01T23:00:00.000Z,Oklahoma State,Central Michigan,58,44,False,PRIMARY_REGULAR_PROVISIONAL,v0.22_population_ledger
2022,401405064,2022-09-02T00:00:00.000Z,Purdue,Penn State,31,35,False,PRIMARY_REGULAR_PROVISIONAL,v0.22_population_ledger
2022,401426537,2022-09-02T00:00:00.000Z,Missouri,Louisiana Tech,52,24,False,PRIMARY_REGULAR_PROVISIONAL,v0.22_population_ledger
2022,401405060,2022-09-02T01:00:00.000Z,Minnesota,New Mexico State,38,0,False,PRIMARY_REGULAR_PROVISIONAL,v0.22_population_ledger
2022,401416591,2022-09-02T23:00:00.000Z,Michigan State,Western Michigan,35,13,False,PRIMARY_REGULAR_PROVISIONAL,v0.22_population_ledger
2022,401426330,2022-09-02T23:00:00.000Z,Old Dominion,Virginia Tech,20,17,False,PRIMARY_REGULAR_PROVISIONAL,v0.22_population_ledger
2022,401411094,2022-09-02T23:30:00.000Z,Duke,Temple,30,0,False,PRIMARY_REGULAR_PROVISIONAL,v0.22_population_ledger
2022,401405061,2022-09-03T00:00:00.000Z,Indiana,Illinois,23,20,False,PRIMARY_REGULAR_PROVISIONAL,v0.22_population_ledger
2022,401403966,2022-09-03T02:00:00.000Z,Colorado,TCU,13,38,False,PRIMARY_REGULAR_PROVISIONAL,v0.22_population_ledger
2022,401405066,2022-09-03T16:00:00.000Z,Maryland,Buffalo,31,10,False,PRIMARY_REGULAR_PROVISIONAL,v0.22_population_ledger
2022,401405067,2022-09-03T16:00:00.000Z,Michigan,Colorado State,51,7,False,PRIMARY_REGULAR_PROVISIONAL,v0.22_population_ledger
2022,401405069,2022-09-03T16:00:00.000Z,Boston College,Rutgers,21,22,False,PRIMARY_REGULAR_PROVISIONAL,v0.22_population_ledger
2022,401411095,2022-09-03T16:00:00.000Z,Appalachian State,North Carolina,61,63,False,PRIMARY_REGULAR_PROVISIONAL,v0.22_population_ledger
2022,401411096,2022-09-03T16:00:00.000Z,East Carolina,NC State,20,21,False,PRIMARY_REGULAR_PROVISIONAL,v0.22_population_ledger
2022,401403971,2022-09-03T18:30:00.000Z,UCLA,Bowling Green,45,17,False,PRIMARY_REGULAR_PROVISIONAL,v0.22_population_ledger
2022,401403855,2022-09-03T19:30:00.000Z,Arkansas,Cincinnati,31,24,False,PRIMARY_REGULAR_PROVISIONAL,v0.22_population_ledger
2022,401403858,2022-09-03T19:30:00.000Z,Georgia,Oregon,49,3,True,PRIMARY_REGULAR_PROVISIONAL,v0.22_population_ledger
2022,401403967,2022-09-03T19:30:00.000Z,San Diego State,Arizona,20,38,False,PRIMARY_REGULAR_PROVISIONAL,v0.22_population_ledger
2022,401415211,2022-09-03T19:30:00.000Z,Wyoming,Tulsa,40,37,False,PRIMARY_REGULAR_PROVISIONAL,v0.22_population_ledger
2022,401426541,2022-09-03T19:30:00.000Z,Oklahoma,UTEP,45,13,False,PRIMARY_REGULAR_PROVISIONAL,v0.22_population_ledger
2022,401426542,2022-09-03T19:30:00.000Z,UTSA,Houston,35,37,False,PRIMARY_REGULAR_PROVISIONAL,v0.22_population_ledger
2022,401403860,2022-09-03T20:00:00.000Z,Ole Miss,Troy,28,10,False,PRIMARY_REGULAR_PROVISIONAL,v0.22_population_ledger
2022,401415612,2022-09-03T20:00:00.000Z,South Florida,BYU,21,50,False,PRIMARY_REGULAR_PROVISIONAL,v0.22_population_ledger
2022,401415212,2022-09-03T21:30:00.000Z,Nevada,Texas State,38,14,False,PRIMARY_REGULAR_PROVISIONAL,v0.22_population_ledger
2022,401426536,2022-09-03T22:00:00.000Z,Ohio,Florida Atlantic,41,38,False,PRIMARY_REGULAR_PROVISIONAL,v0.22_population_ledger
2022,401426538,2022-09-03T22:00:00.000Z,James Madison,Middle Tennessee,44,7,False,PRIMARY_REGULAR_PROVISIONAL,v0.22_population_ledger
2022,401426540,2022-09-03T22:00:00.000Z,USC,Rice,66,14,False,PRIMARY_REGULAR_PROVISIONAL,v0.22_population_ledger
2022,401403857,2022-09-03T23:00:00.000Z,Florida,Utah,29,26,False,PRIMARY_REGULAR_PROVISIONAL,v0.22_population_ledger
2022,401403859,2022-09-03T23:00:00.000Z,Kentucky,Miami (OH),37,13,False,PRIMARY_REGULAR_PROVISIONAL,v0.22_population_ledger
2022,401404134,2022-09-03T23:00:00.000Z,Coastal Carolina,Army,38,28,False,PRIMARY_REGULAR_PROVISIONAL,v0.22_population_ledger
2022,401404157,2022-09-03T23:00:00.000Z,Southern Miss,Liberty,27,29,False,PRIMARY_REGULAR_PROVISIONAL,v0.22_population_ledger
2022,401414778,2022-09-03T23:00:00.000Z,Tulane,UMass,42,10,False,PRIMARY_REGULAR_PROVISIONAL,v0.22_population_ledger
2022,401403854,2022-09-03T23:30:00.000Z,Alabama,Utah State,55,0,False,PRIMARY_REGULAR_PROVISIONAL,v0.22_population_ledger
2022,401403861,2022-09-03T23:30:00.000Z,Mississippi State,Memphis,49,23,False,PRIMARY_REGULAR_PROVISIONAL,v0.22_population_ledger
2022,401403863,2022-09-03T23:30:00.000Z,South Carolina,Georgia State,35,14,False,PRIMARY_REGULAR_PROVISIONAL,v0.22_population_ledger
2022,401404124,2022-09-03T23:30:00.000Z,Ohio State,Notre Dame,21,10,False,PRIMARY_REGULAR_PROVISIONAL,v0.22_population_ledger
2022,401426539,2022-09-03T23:30:00.000Z,North Texas,SMU,10,48,False,PRIMARY_REGULAR_PROVISIONAL,v0.22_population_ledger
2022,401404059,2022-09-04T00:00:00.000Z,Texas,UL Monroe,52,10,False,PRIMARY_REGULAR_PROVISIONAL,v0.22_population_ledger
2022,401411099,2022-09-04T00:00:00.000Z,Syracuse,Louisville,31,7,False,PRIMARY_REGULAR_PROVISIONAL,v0.22_population_ledger
2022,401403969,2022-09-04T02:30:00.000Z,Oregon State,Boise State,34,17,False,PRIMARY_REGULAR_PROVISIONAL,v0.22_population_ledger
2022,401403973,2022-09-04T02:30:00.000Z,Washington,Kent State,45,20,False,PRIMARY_REGULAR_PROVISIONAL,v0.22_population_ledger
2022,401426543,2022-09-04T03:59:00.000Z,Hawaii,Western Kentucky,17,49,False,PRIMARY_REGULAR_PROVISIONAL,v0.22_population_ledger
2022,401403867,2022-09-04T23:30:00.000Z,Florida State,LSU,24,23,True,PRIMARY_REGULAR_PROVISIONAL,v0.22_population_ledger
2022,401411101,2022-09-06T00:00:00.000Z,Georgia Tech,Clemson,10,41,True,PRIMARY_REGULAR_PROVISIONAL,v0.22_population_ledger
2022,401415613,2022-09-09T23:30:00.000Z,UCF,Louisville,14,20,False,PRIMARY_REGULAR_PROVISIONAL,v0.22_population_ledger
2022,401415214,2022-09-10T01:00:00.000Z,New Mexico,Boise State,14,31,False,PRIMARY_REGULAR_PROVISIONAL,v0.22_population_ledger
2022,401403868,2022-09-10T16:00:00.000Z,Texas,Alabama,19,20,False,PRIMARY_REGULAR_PROVISIONAL,v0.22_population_ledger
2022,401403869,2022-09-10T16:00:00.000Z,Arkansas,South Carolina,44,30,False,PRIMARY_REGULAR_PROVISIONAL,v0.22_population_ledger
2022,401403876,2022-09-10T16:00:00.000Z,Kansas State,Missouri,40,12,False,PRIMARY_REGULAR_PROVISIONAL,v0.22_population_ledger
2022,401403879,2022-09-10T16:00:00.000Z,Vanderbilt,Wake Forest,25,45,False,PRIMARY_REGULAR_PROVISIONAL,v0.22_population_ledger
2022,401405073,2022-09-10T16:00:00.000Z,Northwestern,Duke,23,31,False,PRIMARY_REGULAR_PROVISIONAL,v0.22_population_ledger
2022,401405079,2022-09-10T16:00:00.000Z,Ohio State,Arkansas State,45,12,False,PRIMARY_REGULAR_PROVISIONAL,v0.22_population_ledger
2022,401405080,2022-09-10T16:00:00.000Z,Penn State,Ohio,46,10,False,PRIMARY_REGULAR_PROVISIONAL,v0.22_population_ledger
2022,401411103,2022-09-10T16:00:00.000Z,Georgia State,North Carolina,28,35,False,PRIMARY_REGULAR_PROVISIONAL,v0.22_population_ledger
2022,401411105,2022-09-10T16:00:00.000Z,Miami (FL),Southern Miss,30,7,False,PRIMARY_REGULAR_PROVISIONAL,v0.22_population_ledger
2022,401426553,2022-09-10T16:00:00.000Z,Army,UTSA,38,41,False,PRIMARY_REGULAR_PROVISIONAL,v0.22_population_ledger
2022,401416597,2022-09-10T17:00:00.000Z,Central Michigan,South Alabama,24,38,False,PRIMARY_REGULAR_PROVISIONAL,v0.22_population_ledger
2022,401416594,2022-09-10T18:00:00.000Z,Ball State,Western Michigan,30,37,False,PRIMARY_REGULAR_PROVISIONAL,v0.22_population_ledger
2022,401404125,2022-09-10T18:30:00.000Z,Notre Dame,Marshall,21,26,False,PRIMARY_REGULAR_PROVISIONAL,v0.22_population_ledger
2022,401403877,2022-09-10T19:30:00.000Z,Pittsburgh,Tennessee,27,34,False,PRIMARY_REGULAR_PROVISIONAL,v0.22_population_ledger
2022,401403878,2022-09-10T19:30:00.000Z,Texas A&M,Appalachian State,14,17,False,PRIMARY_REGULAR_PROVISIONAL,v0.22_population_ledger
2022,401403977,2022-09-10T19:30:00.000Z,Air Force,Colorado,41,10,False,PRIMARY_REGULAR_PROVISIONAL,v0.22_population_ledger
2022,401403984,2022-09-10T19:30:00.000Z,Wisconsin,Washington State,14,17,False,PRIMARY_REGULAR_PROVISIONAL,v0.22_population_ledger
2022,401415617,2022-09-10T19:30:00.000Z,Navy,Memphis,13,37,False,PRIMARY_REGULAR_PROVISIONAL,v0.22_population_ledger
2022,401426545,2022-09-10T19:30:00.000Z,Charlotte,Maryland,21,56,False,PRIMARY_REGULAR_PROVISIONAL,v0.22_population_ledger
2022,401403976,2022-09-10T20:00:00.000Z,California,UNLV,20,14,False,PRIMARY_REGULAR_PROVISIONAL,v0.22_population_ledger
2022,401404063,2022-09-10T20:00:00.000Z,Texas Tech,Houston,33,30,False,PRIMARY_REGULAR_PROVISIONAL,v0.22_population_ledger
2022,401404064,2022-09-10T20:00:00.000Z,Iowa,Iowa State,7,10,False,PRIMARY_REGULAR_PROVISIONAL,v0.22_population_ledger
2022,401405070,2022-09-10T20:00:00.000Z,Illinois,Virginia,24,3,False,PRIMARY_REGULAR_PROVISIONAL,v0.22_population_ledger
2022,401405078,2022-09-10T20:00:00.000Z,Michigan State,Akron,52,0,False,PRIMARY_REGULAR_PROVISIONAL,v0.22_population_ledger
2022,401426548,2022-09-10T20:00:00.000Z,Colorado State,Middle Tennessee,19,34,False,PRIMARY_REGULAR_PROVISIONAL,v0.22_population_ledger
2022,401404065,2022-09-10T22:00:00.000Z,West Virginia,Kansas,42,55,False,PRIMARY_REGULAR_PROVISIONAL,v0.22_population_ledger
2022,401415024,2022-09-10T22:00:00.000Z,East Carolina,Old Dominion,39,21,False,PRIMARY_REGULAR_PROVISIONAL,v0.22_population_ledger
2022,401426551,2022-09-10T22:00:00.000Z,Liberty,UAB,21,14,False,PRIMARY_REGULAR_PROVISIONAL,v0.22_population_ledger
2022,401403871,2022-09-10T23:00:00.000Z,Florida,Kentucky,16,26,False,PRIMARY_REGULAR_PROVISIONAL,v0.22_population_ledger
2022,401404066,2022-09-10T23:00:00.000Z,Oklahoma,Kent State,33,3,False,PRIMARY_REGULAR_PROVISIONAL,v0.22_population_ledger
2022,401404148,2022-09-10T23:00:00.000Z,UConn,Syracuse,14,48,False,PRIMARY_REGULAR_PROVISIONAL,v0.22_population_ledger
2022,401414779,2022-09-10T23:00:00.000Z,Toledo,UMass,55,10,False,PRIMARY_REGULAR_PROVISIONAL,v0.22_population_ledger
2022,401415620,2022-09-10T23:00:00.000Z,Tulsa,Northern Illinois,38,35,False,PRIMARY_REGULAR_PROVISIONAL,v0.22_population_ledger
2022,401416598,2022-09-10T23:00:00.000Z,Louisiana,Eastern Michigan,49,21,False,PRIMARY_REGULAR_PROVISIONAL,v0.22_population_ledger
2022,401426544,2022-09-10T23:00:00.000Z,Texas State,FIU,41,12,False,PRIMARY_REGULAR_PROVISIONAL,v0.22_population_ledger
2022,401403870,2022-09-10T23:30:00.000Z,Auburn,San Jose State,24,16,False,PRIMARY_REGULAR_PROVISIONAL,v0.22_population_ledger
2022,401403975,2022-09-10T23:30:00.000Z,Oklahoma State,Arizona State,34,17,False,PRIMARY_REGULAR_PROVISIONAL,v0.22_population_ledger
2022,401403980,2022-09-10T23:30:00.000Z,Stanford,USC,28,41,False,PRIMARY_REGULAR_PROVISIONAL,v0.22_population_ledger
2022,401405072,2022-09-10T23:30:00.000Z,Nebraska,Georgia Southern,42,45,False,PRIMARY_REGULAR_PROVISIONAL,v0.22_population_ledger
2022,401405077,2022-09-11T00:00:00.000Z,Michigan,Hawaii,56,10,False,PRIMARY_REGULAR_PROVISIONAL,v0.22_population_ledger
2022,401411108,2022-09-11T00:00:00.000Z,Virginia Tech,Boston College,27,10,False,PRIMARY_REGULAR_PROVISIONAL,v0.22_population_ledger
2022,401426552,2022-09-11T01:00:00.000Z,UTEP,New Mexico State,20,13,False,PRIMARY_REGULAR_PROVISIONAL,v0.22_population_ledger
2022,401404062,2022-09-11T02:15:00.000Z,BYU,Baylor,26,20,False,PRIMARY_REGULAR_PROVISIONAL,v0.22_population_ledger
2022,401403979,2022-09-11T02:30:00.000Z,Fresno State,Oregon State,32,35,False,PRIMARY_REGULAR_PROVISIONAL,v0.22_population_ledger
2022,401403875,2022-09-11T03:00:00.000Z,Arizona,Mississippi State,17,39,False,PRIMARY_REGULAR_PROVISIONAL,v0.22_population_ledger
2022,401411109,2022-09-16T23:30:00.000Z,Louisville,Florida State,31,35,False,PRIMARY_REGULAR_PROVISIONAL,v0.22_population_ledger
2022,401415217,2022-09-17T00:00:00.000Z,Wyoming,Air Force,17,14,False,PRIMARY_REGULAR_PROVISIONAL,v0.22_population_ledger
2022,401403888,2022-09-17T16:00:00.000Z,South Carolina,Georgia,7,48,False,PRIMARY_REGULAR_PROVISIONAL,v0.22_population_ledger
2022,401404070,2022-09-17T16:00:00.000Z,Nebraska,Oklahoma,14,49,False,PRIMARY_REGULAR_PROVISIONAL,v0.22_population_ledger
2022,401404071,2022-09-17T16:00:00.000Z,Baylor,Texas State,42,7,False,PRIMARY_REGULAR_PROVISIONAL,v0.22_population_ledger
2022,401404149,2022-09-17T16:00:00.000Z,Michigan,UConn,59,0,False,PRIMARY_REGULAR_PROVISIONAL,v0.22_population_ledger
2022,401405084,2022-09-17T16:00:00.000Z,Syracuse,Purdue,32,29,False,PRIMARY_REGULAR_PROVISIONAL,v0.22_population_ledger
2022,401415623,2022-09-17T16:00:00.000Z,Miami (OH),Cincinnati,17,38,True,PRIMARY_REGULAR_PROVISIONAL,v0.22_population_ledger
2022,401426563,2022-09-17T16:00:00.000Z,Indiana,Western Kentucky,33,30,False,PRIMARY_REGULAR_PROVISIONAL,v0.22_population_ledger
2022,401416601,2022-09-17T17:00:00.000Z,Coastal Carolina,Buffalo,38,26,False,PRIMARY_REGULAR_PROVISIONAL,v0.22_population_ledger
2022,401403991,2022-09-17T18:00:00.000Z,UCLA,South Alabama,32,31,False,PRIMARY_REGULAR_PROVISIONAL,v0.22_population_ledger
2022,401404069,2022-09-17T18:00:00.000Z,Iowa State,Ohio,43,10,False,PRIMARY_REGULAR_PROVISIONAL,v0.22_population_ledger
2022,401405089,2022-09-17T18:00:00.000Z,Temple,Rutgers,14,16,False,PRIMARY_REGULAR_PROVISIONAL,v0.22_population_ledger
2022,401411113,2022-09-17T18:00:00.000Z,Virginia,Old Dominion,16,14,False,PRIMARY_REGULAR_PROVISIONAL,v0.22_population_ledger
2022,401403987,2022-09-17T18:30:00.000Z,Notre Dame,California,24,17,False,PRIMARY_REGULAR_PROVISIONAL,v0.22_population_ledger
2022,401404074,2022-09-17T19:00:00.000Z,Kansas State,Tulane,10,17,False,PRIMARY_REGULAR_PROVISIONAL,v0.22_population_ledger
2022,401426558,2022-09-17T19:00:00.000Z,UNLV,North Texas,58,27,False,PRIMARY_REGULAR_PROVISIONAL,v0.22_population_ledger
2022,401403882,2022-09-17T19:30:00.000Z,Auburn,Penn State,12,41,False,PRIMARY_REGULAR_PROVISIONAL,v0.22_population_ledger
2022,401403886,2022-09-17T19:30:00.000Z,Georgia Tech,Ole Miss,0,42,False,PRIMARY_REGULAR_PROVISIONAL,v0.22_population_ledger
2022,401403891,2022-09-17T19:30:00.000Z,Northern Illinois,Vanderbilt,28,38,False,PRIMARY_REGULAR_PROVISIONAL,v0.22_population_ledger
2022,401403988,2022-09-17T19:30:00.000Z,Minnesota,Colorado,49,7,False,PRIMARY_REGULAR_PROVISIONAL,v0.22_population_ledger
2022,401403989,2022-09-17T19:30:00.000Z,Oregon,BYU,41,20,False,PRIMARY_REGULAR_PROVISIONAL,v0.22_population_ledger
2022,401405085,2022-09-17T19:30:00.000Z,Wisconsin,New Mexico State,66,7,False,PRIMARY_REGULAR_PROVISIONAL,v0.22_population_ledger
2022,401426333,2022-09-17T19:30:00.000Z,Appalachian State,Troy,32,28,False,PRIMARY_REGULAR_PROVISIONAL,v0.22_population_ledger
2022,401426560,2022-09-17T19:30:00.000Z,UAB,Georgia Southern,35,21,False,PRIMARY_REGULAR_PROVISIONAL,v0.22_population_ledger
2022,401403880,2022-09-17T20:00:00.000Z,Alabama,UL Monroe,63,7,False,PRIMARY_REGULAR_PROVISIONAL,v0.22_population_ledger
2022,401404068,2022-09-17T20:00:00.000Z,Houston,Kansas,30,48,False,PRIMARY_REGULAR_PROVISIONAL,v0.22_population_ledger
2022,401403995,2022-09-17T21:00:00.000Z,Washington State,Colorado State,38,7,False,PRIMARY_REGULAR_PROVISIONAL,v0.22_population_ledger
2022,401404159,2022-09-17T21:00:00.000Z,Wake Forest,Liberty,37,36,False,PRIMARY_REGULAR_PROVISIONAL,v0.22_population_ledger
2022,401415029,2022-09-17T21:00:00.000Z,Bowling Green,Marshall,34,31,False,PRIMARY_REGULAR_PROVISIONAL,v0.22_population_ledger
2022,401403885,2022-09-17T22:00:00.000Z,LSU,Mississippi State,31,16,False,PRIMARY_REGULAR_PROVISIONAL,v0.22_population_ledger
2022,401403889,2022-09-17T23:00:00.000Z,Tennessee,Akron,63,6,False,PRIMARY_REGULAR_PROVISIONAL,v0.22_population_ledger
2022,401404072,2022-09-17T23:00:00.000Z,NC State,Texas Tech,27,14,False,PRIMARY_REGULAR_PROVISIONAL,v0.22_population_ledger
2022,401405088,2022-09-17T23:00:00.000Z,Ohio State,Toledo,77,21,False,PRIMARY_REGULAR_PROVISIONAL,v0.22_population_ledger
2022,401415622,2022-09-17T23:00:00.000Z,Memphis,Arkansas State,44,32,False,PRIMARY_REGULAR_PROVISIONAL,v0.22_population_ledger
2022,401426554,2022-09-17T23:00:00.000Z,Georgia State,Charlotte,41,42,False,PRIMARY_REGULAR_PROVISIONAL,v0.22_population_ledger
2022,401403883,2022-09-17T23:30:00.000Z,Florida,South Florida,31,28,False,PRIMARY_REGULAR_PROVISIONAL,v0.22_population_ledger
2022,401403994,2022-09-17T23:30:00.000Z,Washington,Michigan State,39,28,False,PRIMARY_REGULAR_PROVISIONAL,v0.22_population_ledger
2022,401405082,2022-09-17T23:30:00.000Z,Iowa,Nevada,27,0,False,PRIMARY_REGULAR_PROVISIONAL,v0.22_population_ledger
2022,401405087,2022-09-17T23:30:00.000Z,Maryland,SMU,34,27,False,PRIMARY_REGULAR_PROVISIONAL,v0.22_population_ledger
2022,401411115,2022-09-17T23:30:00.000Z,Western Michigan,Pittsburgh,13,34,False,PRIMARY_REGULAR_PROVISIONAL,v0.22_population_ledger
2022,401426555,2022-09-17T23:30:00.000Z,Florida Atlantic,UCF,14,40,False,PRIMARY_REGULAR_PROVISIONAL,v0.22_population_ledger
2022,401426559,2022-09-17T23:30:00.000Z,Rice,Louisiana,33,21,False,PRIMARY_REGULAR_PROVISIONAL,v0.22_population_ledger
2022,401426556,2022-09-18T00:00:00.000Z,Clemson,Louisiana Tech,48,20,False,PRIMARY_REGULAR_PROVISIONAL,v0.22_population_ledger
2022,401426561,2022-09-18T00:00:00.000Z,New Mexico,UTEP,27,10,False,PRIMARY_REGULAR_PROVISIONAL,v0.22_population_ledger
2022,401426562,2022-09-18T00:00:00.000Z,Texas,UTSA,41,20,False,PRIMARY_REGULAR_PROVISIONAL,v0.22_population_ledger
2022,401403890,2022-09-18T01:00:00.000Z,Texas A&M,Miami (FL),17,9,False,PRIMARY_REGULAR_PROVISIONAL,v0.22_population_ledger
2022,401403993,2022-09-18T02:00:00.000Z,Utah,San Diego State,35,7,False,PRIMARY_REGULAR_PROVISIONAL,v0.22_population_ledger
2022,401403992,2022-09-18T02:30:00.000Z,USC,Fresno State,45,17,False,PRIMARY_REGULAR_PROVISIONAL,v0.22_population_ledger
2022,401403986,2022-09-18T03:00:00.000Z,Arizona State,Eastern Michigan,21,30,False,PRIMARY_REGULAR_PROVISIONAL,v0.22_population_ledger
2022,401411116,2022-09-22T23:30:00.000Z,Virginia Tech,West Virginia,10,33,False,PRIMARY_REGULAR_PROVISIONAL,v0.22_population_ledger
2022,401426334,2022-09-22T23:30:00.000Z,Georgia State,Coastal Carolina,24,41,False,PRIMARY_REGULAR_PROVISIONAL,v0.22_population_ledger
2022,401411117,2022-09-23T23:00:00.000Z,Syracuse,Virginia,22,20,False,PRIMARY_REGULAR_PROVISIONAL,v0.22_population_ledger
2022,401415220,2022-09-24T00:00:00.000Z,Air Force,Nevada,48,20,False,PRIMARY_REGULAR_PROVISIONAL,v0.22_population_ledger
2022,401426571,2022-09-24T01:00:00.000Z,UTEP,Boise State,27,10,False,PRIMARY_REGULAR_PROVISIONAL,v0.22_population_ledger
2022,401403894,2022-09-24T16:00:00.000Z,Auburn,Missouri,17,14,False,PRIMARY_REGULAR_PROVISIONAL,v0.22_population_ledger
2022,401403895,2022-09-24T16:00:00.000Z,Georgia,Kent State,39,22,False,PRIMARY_REGULAR_PROVISIONAL,v0.22_population_ledger
2022,401403899,2022-09-24T16:00:00.000Z,Mississippi State,Bowling Green,45,14,False,PRIMARY_REGULAR_PROVISIONAL,v0.22_population_ledger
2022,401404078,2022-09-24T16:00:00.000Z,SMU,TCU,34,42,False,PRIMARY_REGULAR_PROVISIONAL,v0.22_population_ledger
2022,401404079,2022-09-24T16:00:00.000Z,Kansas,Duke,35,27,False,PRIMARY_REGULAR_PROVISIONAL,v0.22_population_ledger
2022,401404080,2022-09-24T16:00:00.000Z,Iowa State,Baylor,24,31,False,PRIMARY_REGULAR_PROVISIONAL,v0.22_population_ledger
2022,401405097,2022-09-24T16:00:00.000Z,Michigan,Maryland,34,27,False,PRIMARY_REGULAR_PROVISIONAL,v0.22_population_ledger
2022,401405098,2022-09-24T16:00:00.000Z,Penn State,Central Michigan,33,14,False,PRIMARY_REGULAR_PROVISIONAL,v0.22_population_ledger
2022,401411119,2022-09-24T16:00:00.000Z,Louisville,South Florida,41,3,False,PRIMARY_REGULAR_PROVISIONAL,v0.22_population_ledger
2022,401411123,2022-09-24T16:00:00.000Z,Wake Forest,Clemson,45,51,False,PRIMARY_REGULAR_PROVISIONAL,v0.22_population_ledger
2022,401416604,2022-09-24T16:00:00.000Z,Eastern Michigan,Buffalo,31,50,False,PRIMARY_REGULAR_PROVISIONAL,v0.22_population_ledger
2022,401403998,2022-09-24T18:00:00.000Z,Colorado,UCLA,17,45,False,PRIMARY_REGULAR_PROVISIONAL,v0.22_population_ledger
2022,401414781,2022-09-24T18:00:00.000Z,Temple,UMass,28,0,False,PRIMARY_REGULAR_PROVISIONAL,v0.22_population_ledger
2022,401403901,2022-09-24T19:30:00.000Z,Tennessee,Florida,38,33,False,PRIMARY_REGULAR_PROVISIONAL,v0.22_population_ledger
2022,401404082,2022-09-24T19:30:00.000Z,Texas Tech,Texas,37,34,False,PRIMARY_REGULAR_PROVISIONAL,v0.22_population_ledger
2022,401404126,2022-09-24T19:30:00.000Z,North Carolina,Notre Dame,32,45,False,PRIMARY_REGULAR_PROVISIONAL,v0.22_population_ledger
2022,401405092,2022-09-24T19:30:00.000Z,Michigan State,Minnesota,7,34,False,PRIMARY_REGULAR_PROVISIONAL,v0.22_population_ledger
2022,401405096,2022-09-24T19:30:00.000Z,Cincinnati,Indiana,45,24,False,PRIMARY_REGULAR_PROVISIONAL,v0.22_population_ledger
2022,401415037,2022-09-24T19:30:00.000Z,Appalachian State,James Madison,28,32,False,PRIMARY_REGULAR_PROVISIONAL,v0.22_population_ledger
2022,401415224,2022-09-24T19:30:00.000Z,San Diego State,Toledo,17,14,False,PRIMARY_REGULAR_PROVISIONAL,v0.22_population_ledger
2022,401426565,2022-09-24T19:30:00.000Z,Western Kentucky,FIU,73,0,False,PRIMARY_REGULAR_PROVISIONAL,v0.22_population_ledger
2022,401426568,2022-09-24T19:30:00.000Z,Miami (FL),Middle Tennessee,31,45,False,PRIMARY_REGULAR_PROVISIONAL,v0.22_population_ledger
2022,401426569,2022-09-24T19:30:00.000Z,Memphis,North Texas,44,34,False,PRIMARY_REGULAR_PROVISIONAL,v0.22_population_ledger
2022,401403898,2022-09-24T20:00:00.000Z,Ole Miss,Tulsa,35,27,False,PRIMARY_REGULAR_PROVISIONAL,v0.22_population_ledger
2022,401403999,2022-09-24T20:00:00.000Z,Washington State,Oregon,41,44,False,PRIMARY_REGULAR_PROVISIONAL,v0.22_population_ledger
2022,401411122,2022-09-24T20:00:00.000Z,UCF,Georgia Tech,27,10,False,PRIMARY_REGULAR_PROVISIONAL,v0.22_population_ledger
2022,401403996,2022-09-24T21:30:00.000Z,California,Arizona,49,31,False,PRIMARY_REGULAR_PROVISIONAL,v0.22_population_ledger
2022,401404160,2022-09-24T22:00:00.000Z,Liberty,Akron,21,12,False,PRIMARY_REGULAR_PROVISIONAL,v0.22_population_ledger
2022,401415624,2022-09-24T22:00:00.000Z,East Carolina,Navy,20,23,False,PRIMARY_REGULAR_PROVISIONAL,v0.22_population_ledger
2022,401416605,2022-09-24T22:00:00.000Z,Georgia Southern,Ball State,34,23,False,PRIMARY_REGULAR_PROVISIONAL,v0.22_population_ledger
2022,401426335,2022-09-24T22:00:00.000Z,Old Dominion,Arkansas State,29,26,False,PRIMARY_REGULAR_PROVISIONAL,v0.22_population_ledger
2022,401426570,2022-09-24T22:00:00.000Z,Houston,Rice,34,27,False,PRIMARY_REGULAR_PROVISIONAL,v0.22_population_ledger
2022,401403893,2022-09-24T23:00:00.000Z,Texas A&M,Arkansas,23,21,True,PRIMARY_REGULAR_PROVISIONAL,v0.22_population_ledger
2022,401403896,2022-09-24T23:00:00.000Z,Kentucky,Northern Illinois,31,23,False,PRIMARY_REGULAR_PROVISIONAL,v0.22_population_ledger
2022,401405091,2022-09-24T23:00:00.000Z,Rutgers,Iowa,10,27,False,PRIMARY_REGULAR_PROVISIONAL,v0.22_population_ledger
2022,401415040,2022-09-24T23:00:00.000Z,Tulane,Southern Miss,24,27,False,PRIMARY_REGULAR_PROVISIONAL,v0.22_population_ledger
2022,401415222,2022-09-24T23:00:00.000Z,Utah State,UNLV,24,34,False,PRIMARY_REGULAR_PROVISIONAL,v0.22_population_ledger
2022,401426393,2022-09-24T23:00:00.000Z,Troy,Marshall,16,7,False,PRIMARY_REGULAR_PROVISIONAL,v0.22_population_ledger
2022,401426567,2022-09-24T23:00:00.000Z,South Alabama,Louisiana Tech,38,14,False,PRIMARY_REGULAR_PROVISIONAL,v0.22_population_ledger
2022,401403892,2022-09-24T23:30:00.000Z,Alabama,Vanderbilt,55,3,False,PRIMARY_REGULAR_PROVISIONAL,v0.22_population_ledger
2022,401403897,2022-09-24T23:30:00.000Z,LSU,New Mexico,38,0,False,PRIMARY_REGULAR_PROVISIONAL,v0.22_population_ledger
2022,401404150,2022-09-24T23:30:00.000Z,NC State,UConn,41,10,False,PRIMARY_REGULAR_PROVISIONAL,v0.22_population_ledger
2022,401405093,2022-09-24T23:30:00.000Z,Northwestern,Miami (OH),14,17,False,PRIMARY_REGULAR_PROVISIONAL,v0.22_population_ledger
2022,401405095,2022-09-24T23:30:00.000Z,Ohio State,Wisconsin,52,21,False,PRIMARY_REGULAR_PROVISIONAL,v0.22_population_ledger
2022,401426564,2022-09-24T23:30:00.000Z,South Carolina,Charlotte,56,20,False,PRIMARY_REGULAR_PROVISIONAL,v0.22_population_ledger
2022,401426566,2022-09-24T23:30:00.000Z,Purdue,Florida Atlantic,28,26,False,PRIMARY_REGULAR_PROVISIONAL,v0.22_population_ledger
2022,401404081,2022-09-25T00:00:00.000Z,Oklahoma,Kansas State,34,41,False,PRIMARY_REGULAR_PROVISIONAL,v0.22_population_ledger
2022,401409237,2022-09-25T00:00:00.000Z,New Mexico State,Hawaii,45,26,False,PRIMARY_REGULAR_PROVISIONAL,v0.22_population_ledger
2022,401411118,2022-09-25T00:00:00.000Z,Florida State,Boston College,44,14,False,PRIMARY_REGULAR_PROVISIONAL,v0.22_population_ledger
2022,401426336,2022-09-25T00:00:00.000Z,UL Monroe,Louisiana,21,17,False,PRIMARY_REGULAR_PROVISIONAL,v0.22_population_ledger
2022,401404000,2022-09-25T01:30:00.000Z,Oregon State,USC,14,17,False,PRIMARY_REGULAR_PROVISIONAL,v0.22_population_ledger
2022,401415223,2022-09-25T02:15:00.000Z,BYU,Wyoming,38,24,False,PRIMARY_REGULAR_PROVISIONAL,v0.22_population_ledger
2022,401403997,2022-09-25T02:30:00.000Z,Arizona State,Utah,13,34,False,PRIMARY_REGULAR_PROVISIONAL,v0.22_population_ledger
2022,401404001,2022-09-25T02:30:00.000Z,Washington,Stanford,40,22,False,PRIMARY_REGULAR_PROVISIONAL,v0.22_population_ledger
2022,401415225,2022-09-25T02:30:00.000Z,San Jose State,Western Michigan,34,6,False,PRIMARY_REGULAR_PROVISIONAL,v0.22_population_ledger
2022,401415226,2022-09-30T00:00:00.000Z,BYU,Utah State,38,26,False,PRIMARY_REGULAR_PROVISIONAL,v0.22_population_ledger
2022,401415625,2022-09-30T23:00:00.000Z,Houston,Tulane,24,27,False,PRIMARY_REGULAR_PROVISIONAL,v0.22_population_ledger
2022,401426576,2022-09-30T23:30:00.000Z,Middle Tennessee,UTSA,30,45,False,PRIMARY_REGULAR_PROVISIONAL,v0.22_population_ledger
2022,401415228,2022-10-01T00:00:00.000Z,Boise State,San Diego State,35,13,False,PRIMARY_REGULAR_PROVISIONAL,v0.22_population_ledger
2022,401404007,2022-10-01T02:30:00.000Z,UCLA,Washington,40,32,False,PRIMARY_REGULAR_PROVISIONAL,v0.22_population_ledger
2022,401415229,2022-10-01T03:00:00.000Z,UNLV,New Mexico,31,20,False,PRIMARY_REGULAR_PROVISIONAL,v0.22_population_ledger
2022,401403905,2022-10-01T16:00:00.000Z,Ole Miss,Kentucky,22,19,False,PRIMARY_REGULAR_PROVISIONAL,v0.22_population_ledger
2022,401404085,2022-10-01T16:00:00.000Z,Kansas State,Texas Tech,37,28,False,PRIMARY_REGULAR_PROVISIONAL,v0.22_population_ledger
2022,401404086,2022-10-01T16:00:00.000Z,TCU,Oklahoma,55,24,False,PRIMARY_REGULAR_PROVISIONAL,v0.22_population_ledger
2022,401404137,2022-10-01T16:00:00.000Z,Army,Georgia State,14,31,False,PRIMARY_REGULAR_PROVISIONAL,v0.22_population_ledger
2022,401405099,2022-10-01T16:00:00.000Z,Wisconsin,Illinois,10,34,False,PRIMARY_REGULAR_PROVISIONAL,v0.22_population_ledger
2022,401405100,2022-10-01T16:00:00.000Z,Iowa,Michigan,14,27,False,PRIMARY_REGULAR_PROVISIONAL,v0.22_population_ledger
2022,401405101,2022-10-01T16:00:00.000Z,Minnesota,Purdue,10,20,False,PRIMARY_REGULAR_PROVISIONAL,v0.22_population_ledger
2022,401411124,2022-10-01T16:00:00.000Z,Boston College,Louisville,34,33,False,PRIMARY_REGULAR_PROVISIONAL,v0.22_population_ledger
2022,401415227,2022-10-01T16:00:00.000Z,Air Force,Navy,13,10,False,PRIMARY_REGULAR_PROVISIONAL,v0.22_population_ledger
2022,401415628,2022-10-01T16:00:00.000Z,Memphis,Temple,24,3,False,PRIMARY_REGULAR_PROVISIONAL,v0.22_population_ledger
2022,401426338,2022-10-01T17:30:00.000Z,James Madison,Texas State,40,13,False,PRIMARY_REGULAR_PROVISIONAL,v0.22_population_ledger
2022,401404006,2022-10-01T18:00:00.000Z,Utah,Oregon State,42,16,False,PRIMARY_REGULAR_PROVISIONAL,v0.22_population_ledger
2022,401414782,2022-10-01T18:00:00.000Z,Eastern Michigan,UMass,20,13,False,PRIMARY_REGULAR_PROVISIONAL,v0.22_population_ledger
2022,401416608,2022-10-01T18:00:00.000Z,Ball State,Northern Illinois,44,38,False,PRIMARY_REGULAR_PROVISIONAL,v0.22_population_ledger
2022,401415626,2022-10-01T18:30:00.000Z,South Florida,East Carolina,28,48,True,PRIMARY_REGULAR_PROVISIONAL,v0.22_population_ledger
2022,401403902,2022-10-01T19:30:00.000Z,Arkansas,Alabama,26,49,False,PRIMARY_REGULAR_PROVISIONAL,v0.22_population_ledger
2022,401404083,2022-10-01T19:30:00.000Z,Baylor,Oklahoma State,25,36,False,PRIMARY_REGULAR_PROVISIONAL,v0.22_population_ledger
2022,401404084,2022-10-01T19:30:00.000Z,Kansas,Iowa State,14,11,False,PRIMARY_REGULAR_PROVISIONAL,v0.22_population_ledger
2022,401404151,2022-10-01T19:30:00.000Z,UConn,Fresno State,19,14,False,PRIMARY_REGULAR_PROVISIONAL,v0.22_population_ledger
2022,401405103,2022-10-01T19:30:00.000Z,Maryland,Michigan State,27,13,False,PRIMARY_REGULAR_PROVISIONAL,v0.22_population_ledger
2022,401405104,2022-10-01T19:30:00.000Z,Ohio State,Rutgers,49,10,False,PRIMARY_REGULAR_PROVISIONAL,v0.22_population_ledger
2022,401405105,2022-10-01T19:30:00.000Z,Penn State,Northwestern,17,7,False,PRIMARY_REGULAR_PROVISIONAL,v0.22_population_ledger
2022,401411127,2022-10-01T19:30:00.000Z,Florida State,Wake Forest,21,31,False,PRIMARY_REGULAR_PROVISIONAL,v0.22_population_ledger
2022,401411128,2022-10-01T19:30:00.000Z,North Carolina,Virginia Tech,41,10,False,PRIMARY_REGULAR_PROVISIONAL,v0.22_population_ledger
2022,401416607,2022-10-01T19:30:00.000Z,Toledo,Central Michigan,38,17,False,PRIMARY_REGULAR_PROVISIONAL,v0.22_population_ledger
2022,401416609,2022-10-01T19:30:00.000Z,Akron,Bowling Green,28,31,False,PRIMARY_REGULAR_PROVISIONAL,v0.22_population_ledger
2022,401416610,2022-10-01T19:30:00.000Z,Buffalo,Miami (OH),24,20,False,PRIMARY_REGULAR_PROVISIONAL,v0.22_population_ledger
2022,401416611,2022-10-01T19:30:00.000Z,Kent State,Ohio,31,24,False,PRIMARY_REGULAR_PROVISIONAL,v0.22_population_ledger
2022,401403906,2022-10-01T20:00:00.000Z,Mississippi State,Texas A&M,42,24,False,PRIMARY_REGULAR_PROVISIONAL,v0.22_population_ledger
2022,401426575,2022-10-01T20:00:00.000Z,North Texas,Florida Atlantic,45,28,False,PRIMARY_REGULAR_PROVISIONAL,v0.22_population_ledger
2022,401426341,2022-10-01T21:00:00.000Z,Louisiana,South Alabama,17,20,False,PRIMARY_REGULAR_PROVISIONAL,v0.22_population_ledger
2022,401404004,2022-10-01T21:30:00.000Z,Washington State,California,28,9,False,PRIMARY_REGULAR_PROVISIONAL,v0.22_population_ledger
2022,401404161,2022-10-01T22:00:00.000Z,Old Dominion,Liberty,24,38,False,PRIMARY_REGULAR_PROVISIONAL,v0.22_population_ledger
2022,401426573,2022-10-01T22:00:00.000Z,Charlotte,UTEP,35,41,False,PRIMARY_REGULAR_PROVISIONAL,v0.22_population_ledger
2022,401403903,2022-10-01T23:00:00.000Z,Auburn,LSU,17,21,False,PRIMARY_REGULAR_PROVISIONAL,v0.22_population_ledger
2022,401415627,2022-10-01T23:00:00.000Z,Tulsa,Cincinnati,21,31,False,PRIMARY_REGULAR_PROVISIONAL,v0.22_population_ledger
2022,401426337,2022-10-01T23:00:00.000Z,Coastal Carolina,Georgia Southern,34,30,False,PRIMARY_REGULAR_PROVISIONAL,v0.22_population_ledger
2022,401426340,2022-10-01T23:00:00.000Z,Arkansas State,UL Monroe,45,28,False,PRIMARY_REGULAR_PROVISIONAL,v0.22_population_ledger
2022,401426578,2022-10-01T23:00:00.000Z,Western Kentucky,Troy,27,34,False,PRIMARY_REGULAR_PROVISIONAL,v0.22_population_ledger
2022,401403907,2022-10-01T23:30:00.000Z,Missouri,Georgia,22,26,False,PRIMARY_REGULAR_PROVISIONAL,v0.22_population_ledger
2022,401404087,2022-10-01T23:30:00.000Z,Texas,West Virginia,38,20,False,PRIMARY_REGULAR_PROVISIONAL,v0.22_population_ledger
2022,401405102,2022-10-01T23:30:00.000Z,Nebraska,Indiana,35,21,False,PRIMARY_REGULAR_PROVISIONAL,v0.22_population_ledger
2022,401411125,2022-10-01T23:30:00.000Z,Clemson,NC State,30,20,False,PRIMARY_REGULAR_PROVISIONAL,v0.22_population_ledger
2022,401411126,2022-10-01T23:30:00.000Z,Duke,Virginia,38,17,False,PRIMARY_REGULAR_PROVISIONAL,v0.22_population_ledger
2022,401415230,2022-10-01T23:30:00.000Z,Wyoming,San Jose State,16,33,False,PRIMARY_REGULAR_PROVISIONAL,v0.22_population_ledger
2022,401426577,2022-10-01T23:30:00.000Z,Rice,UAB,28,24,False,PRIMARY_REGULAR_PROVISIONAL,v0.22_population_ledger
2022,401411129,2022-10-02T00:00:00.000Z,Pittsburgh,Georgia Tech,21,26,False,PRIMARY_REGULAR_PROVISIONAL,v0.22_population_ledger
2022,401426574,2022-10-02T00:00:00.000Z,New Mexico State,FIU,7,21,False,PRIMARY_REGULAR_PROVISIONAL,v0.22_population_ledger
2022,401404002,2022-10-02T01:30:00.000Z,Arizona,Colorado,43,20,False,PRIMARY_REGULAR_PROVISIONAL,v0.22_population_ledger
2022,401404003,2022-10-02T02:30:00.000Z,USC,Arizona State,42,25,False,PRIMARY_REGULAR_PROVISIONAL,v0.22_population_ledger
2022,401404005,2022-10-02T03:00:00.000Z,Oregon,Stanford,45,27,False,PRIMARY_REGULAR_PROVISIONAL,v0.22_population_ledger
2022,401415629,2022-10-05T23:00:00.000Z,UCF,SMU,41,19,False,PRIMARY_REGULAR_PROVISIONAL,v0.22_population_ledger
2022,401405111,2022-10-07T23:00:00.000Z,Rutgers,Nebraska,13,14,False,PRIMARY_REGULAR_PROVISIONAL,v0.22_population_ledger
2022,401415630,2022-10-07T23:30:00.000Z,Memphis,Houston,32,33,False,PRIMARY_REGULAR_PROVISIONAL,v0.22_population_ledger
2022,401415233,2022-10-08T02:30:00.000Z,Nevada,Colorado State,14,17,False,PRIMARY_REGULAR_PROVISIONAL,v0.22_population_ledger
2022,401415236,2022-10-08T02:30:00.000Z,San Jose State,UNLV,40,7,False,PRIMARY_REGULAR_PROVISIONAL,v0.22_population_ledger
2022,401403910,2022-10-08T16:00:00.000Z,Florida,Missouri,24,17,False,PRIMARY_REGULAR_PROVISIONAL,v0.22_population_ledger
2022,401403913,2022-10-08T16:00:00.000Z,LSU,Tennessee,13,40,False,PRIMARY_REGULAR_PROVISIONAL,v0.22_population_ledger
2022,401403914,2022-10-08T16:00:00.000Z,Mississippi State,Arkansas,40,17,False,PRIMARY_REGULAR_PROVISIONAL,v0.22_population_ledger
2022,401404089,2022-10-08T16:00:00.000Z,Kansas,TCU,31,38,False,PRIMARY_REGULAR_PROVISIONAL,v0.22_population_ledger
2022,401404090,2022-10-08T16:00:00.000Z,Oklahoma,Texas,0,49,True,PRIMARY_REGULAR_PROVISIONAL,v0.22_population_ledger
2022,401405108,2022-10-08T16:00:00.000Z,Indiana,Michigan,10,31,False,PRIMARY_REGULAR_PROVISIONAL,v0.22_population_ledger
2022,401405109,2022-10-08T16:00:00.000Z,Maryland,Purdue,29,31,False,PRIMARY_REGULAR_PROVISIONAL,v0.22_population_ledger
2022,401411136,2022-10-08T16:00:00.000Z,Virginia,Louisville,17,34,False,PRIMARY_REGULAR_PROVISIONAL,v0.22_population_ledger
2022,401416614,2022-10-08T16:00:00.000Z,Western Michigan,Eastern Michigan,23,45,False,PRIMARY_REGULAR_PROVISIONAL,v0.22_population_ledger
2022,401416617,2022-10-08T16:00:00.000Z,Bowling Green,Buffalo,7,38,False,PRIMARY_REGULAR_PROVISIONAL,v0.22_population_ledger
2022,401416616,2022-10-08T18:00:00.000Z,Ohio,Akron,55,34,False,PRIMARY_REGULAR_PROVISIONAL,v0.22_population_ledger
2022,401426342,2022-10-08T18:00:00.000Z,Georgia State,Georgia Southern,41,33,False,PRIMARY_REGULAR_PROVISIONAL,v0.22_population_ledger
2022,401415633,2022-10-08T18:30:00.000Z,Cincinnati,South Florida,28,24,False,PRIMARY_REGULAR_PROVISIONAL,v0.22_population_ledger
2022,401403911,2022-10-08T19:30:00.000Z,Georgia,Auburn,42,10,False,PRIMARY_REGULAR_PROVISIONAL,v0.22_population_ledger
2022,401404011,2022-10-08T19:30:00.000Z,UCLA,Utah,42,32,False,PRIMARY_REGULAR_PROVISIONAL,v0.22_population_ledger
2022,401404091,2022-10-08T19:30:00.000Z,Oklahoma State,Texas Tech,41,31,False,PRIMARY_REGULAR_PROVISIONAL,v0.22_population_ledger
2022,401404164,2022-10-08T19:30:00.000Z,UMass,Liberty,24,42,False,PRIMARY_REGULAR_PROVISIONAL,v0.22_population_ledger
2022,401405107,2022-10-08T19:30:00.000Z,Northwestern,Wisconsin,7,42,False,PRIMARY_REGULAR_PROVISIONAL,v0.22_population_ledger
2022,401411135,2022-10-08T19:30:00.000Z,Pittsburgh,Virginia Tech,45,29,False,PRIMARY_REGULAR_PROVISIONAL,v0.22_population_ledger
2022,401415631,2022-10-08T19:30:00.000Z,Tulane,East Carolina,24,9,False,PRIMARY_REGULAR_PROVISIONAL,v0.22_population_ledger
2022,401415632,2022-10-08T19:30:00.000Z,Navy,Tulsa,53,21,False,PRIMARY_REGULAR_PROVISIONAL,v0.22_population_ledger
2022,401416613,2022-10-08T19:30:00.000Z,Central Michigan,Ball State,16,17,False,PRIMARY_REGULAR_PROVISIONAL,v0.22_population_ledger
2022,401416615,2022-10-08T19:30:00.000Z,Northern Illinois,Toledo,32,52,False,PRIMARY_REGULAR_PROVISIONAL,v0.22_population_ledger
2022,401416618,2022-10-08T19:30:00.000Z,Miami (OH),Kent State,27,24,False,PRIMARY_REGULAR_PROVISIONAL,v0.22_population_ledger
2022,401426581,2022-10-08T19:30:00.000Z,UAB,Middle Tennessee,41,14,False,PRIMARY_REGULAR_PROVISIONAL,v0.22_population_ledger
2022,401403915,2022-10-08T20:00:00.000Z,Vanderbilt,Ole Miss,28,52,False,PRIMARY_REGULAR_PROVISIONAL,v0.22_population_ledger
2022,401404009,2022-10-08T20:00:00.000Z,Arizona State,Washington,45,38,False,PRIMARY_REGULAR_PROVISIONAL,v0.22_population_ledger
2022,401405110,2022-10-08T20:00:00.000Z,Michigan State,Ohio State,20,49,False,PRIMARY_REGULAR_PROVISIONAL,v0.22_population_ledger
2022,401411132,2022-10-08T20:00:00.000Z,Georgia Tech,Duke,23,20,False,PRIMARY_REGULAR_PROVISIONAL,v0.22_population_ledger
2022,401411133,2022-10-08T20:00:00.000Z,Miami (FL),North Carolina,24,27,False,PRIMARY_REGULAR_PROVISIONAL,v0.22_population_ledger
2022,401426582,2022-10-08T22:00:00.000Z,UTSA,Western Kentucky,31,28,False,PRIMARY_REGULAR_PROVISIONAL,v0.22_population_ledger
2022,401415231,2022-10-08T23:00:00.000Z,Utah State,Air Force,34,27,False,PRIMARY_REGULAR_PROVISIONAL,v0.22_population_ledger
2022,401415234,2022-10-08T23:00:00.000Z,New Mexico,Wyoming,14,27,False,PRIMARY_REGULAR_PROVISIONAL,v0.22_population_ledger
2022,401426343,2022-10-08T23:00:00.000Z,Arkansas State,James Madison,20,42,False,PRIMARY_REGULAR_PROVISIONAL,v0.22_population_ledger
2022,401426345,2022-10-08T23:00:00.000Z,Texas State,Appalachian State,36,24,False,PRIMARY_REGULAR_PROVISIONAL,v0.22_population_ledger
2022,401426346,2022-10-08T23:00:00.000Z,Troy,Southern Miss,27,10,False,PRIMARY_REGULAR_PROVISIONAL,v0.22_population_ledger
2022,401426579,2022-10-08T23:00:00.000Z,FIU,UConn,12,33,False,PRIMARY_REGULAR_PROVISIONAL,v0.22_population_ledger
2022,401426580,2022-10-08T23:00:00.000Z,Louisiana Tech,UTEP,41,31,False,PRIMARY_REGULAR_PROVISIONAL,v0.22_population_ledger
2022,401403912,2022-10-08T23:30:00.000Z,Kentucky,South Carolina,14,24,False,PRIMARY_REGULAR_PROVISIONAL,v0.22_population_ledger
2022,401404012,2022-10-08T23:30:00.000Z,USC,Washington State,30,14,False,PRIMARY_REGULAR_PROVISIONAL,v0.22_population_ledger
2022,401404088,2022-10-08T23:30:00.000Z,Iowa State,Kansas State,9,10,False,PRIMARY_REGULAR_PROVISIONAL,v0.22_population_ledger
2022,401404127,2022-10-08T23:30:00.000Z,Notre Dame,BYU,28,20,True,PRIMARY_REGULAR_PROVISIONAL,v0.22_population_ledger
2022,401404138,2022-10-08T23:30:00.000Z,Wake Forest,Army,45,10,False,PRIMARY_REGULAR_PROVISIONAL,v0.22_population_ledger
2022,401405106,2022-10-08T23:30:00.000Z,Illinois,Iowa,9,6,False,PRIMARY_REGULAR_PROVISIONAL,v0.22_population_ledger
2022,401411131,2022-10-08T23:30:00.000Z,Boston College,Clemson,3,31,False,PRIMARY_REGULAR_PROVISIONAL,v0.22_population_ledger
2022,401403909,2022-10-09T00:00:00.000Z,Alabama,Texas A&M,24,20,False,PRIMARY_REGULAR_PROVISIONAL,v0.22_population_ledger
2022,401411134,2022-10-09T00:00:00.000Z,NC State,Florida State,19,17,False,PRIMARY_REGULAR_PROVISIONAL,v0.22_population_ledger
2022,401426344,2022-10-09T00:00:00.000Z,UL Monroe,Coastal Carolina,21,28,False,PRIMARY_REGULAR_PROVISIONAL,v0.22_population_ledger
2022,401404008,2022-10-09T01:00:00.000Z,Arizona,Oregon,22,49,False,PRIMARY_REGULAR_PROVISIONAL,v0.22_population_ledger
2022,401415232,2022-10-09T01:45:00.000Z,Boise State,Fresno State,40,20,False,PRIMARY_REGULAR_PROVISIONAL,v0.22_population_ledger
2022,401415235,2022-10-09T02:30:00.000Z,San Diego State,Hawaii,16,14,False,PRIMARY_REGULAR_PROVISIONAL,v0.22_population_ledger
2022,401404010,2022-10-09T03:00:00.000Z,Stanford,Oregon State,27,28,False,PRIMARY_REGULAR_PROVISIONAL,v0.22_population_ledger
2022,401426347,2022-10-12T23:30:00.000Z,Marshall,Louisiana,13,23,False,PRIMARY_REGULAR_PROVISIONAL,v0.22_population_ledger
2022,401404092,2022-10-13T23:00:00.000Z,West Virginia,Baylor,43,40,False,PRIMARY_REGULAR_PROVISIONAL,v0.22_population_ledger
2022,401415634,2022-10-13T23:00:00.000Z,UCF,Temple,70,13,False,PRIMARY_REGULAR_PROVISIONAL,v0.22_population_ledger
2022,401415635,2022-10-14T23:30:00.000Z,SMU,Navy,40,34,False,PRIMARY_REGULAR_PROVISIONAL,v0.22_population_ledger
2022,401426584,2022-10-15T00:00:00.000Z,FIU,UTSA,10,30,False,PRIMARY_REGULAR_PROVISIONAL,v0.22_population_ledger
2022,401403920,2022-10-15T16:00:00.000Z,Ole Miss,Auburn,48,34,False,PRIMARY_REGULAR_PROVISIONAL,v0.22_population_ledger
2022,401404093,2022-10-15T16:00:00.000Z,Texas,Iowa State,24,21,False,PRIMARY_REGULAR_PROVISIONAL,v0.22_population_ledger
2022,401404094,2022-10-15T16:00:00.000Z,Oklahoma,Kansas,52,42,False,PRIMARY_REGULAR_PROVISIONAL,v0.22_population_ledger
2022,401405112,2022-10-15T16:00:00.000Z,Illinois,Minnesota,26,14,False,PRIMARY_REGULAR_PROVISIONAL,v0.22_population_ledger
2022,401405115,2022-10-15T16:00:00.000Z,Michigan,Penn State,41,17,False,PRIMARY_REGULAR_PROVISIONAL,v0.22_population_ledger
2022,401416619,2022-10-15T16:00:00.000Z,Akron,Central Michigan,21,28,False,PRIMARY_REGULAR_PROVISIONAL,v0.22_population_ledger
2022,401416622,2022-10-15T16:00:00.000Z,Bowling Green,Miami (OH),17,13,False,PRIMARY_REGULAR_PROVISIONAL,v0.22_population_ledger
2022,401426348,2022-10-15T16:00:00.000Z,Coastal Carolina,Old Dominion,21,49,False,PRIMARY_REGULAR_PROVISIONAL,v0.22_population_ledger
2022,401411140,2022-10-15T16:30:00.000Z,Virginia Tech,Miami (FL),14,20,False,PRIMARY_REGULAR_PROVISIONAL,v0.22_population_ledger
2022,401414783,2022-10-15T17:00:00.000Z,UMass,Buffalo,7,34,False,PRIMARY_REGULAR_PROVISIONAL,v0.22_population_ledger
2022,401404014,2022-10-15T18:00:00.000Z,Colorado,California,20,13,False,PRIMARY_REGULAR_PROVISIONAL,v0.22_population_ledger
2022,401404153,2022-10-15T18:00:00.000Z,Ball State,UConn,25,21,False,PRIMARY_REGULAR_PROVISIONAL,v0.22_population_ledger
2022,401403916,2022-10-15T19:30:00.000Z,BYU,Arkansas,35,52,False,PRIMARY_REGULAR_PROVISIONAL,v0.22_population_ledger
2022,401403918,2022-10-15T19:30:00.000Z,Georgia,Vanderbilt,55,0,False,PRIMARY_REGULAR_PROVISIONAL,v0.22_population_ledger
2022,401403921,2022-10-15T19:30:00.000Z,Tennessee,Alabama,52,49,False,PRIMARY_REGULAR_PROVISIONAL,v0.22_population_ledger
2022,401404095,2022-10-15T19:30:00.000Z,TCU,Oklahoma State,43,40,False,PRIMARY_REGULAR_PROVISIONAL,v0.22_population_ledger
2022,401405114,2022-10-15T19:30:00.000Z,Indiana,Maryland,33,38,False,PRIMARY_REGULAR_PROVISIONAL,v0.22_population_ledger
2022,401411139,2022-10-15T19:30:00.000Z,Syracuse,NC State,24,9,False,PRIMARY_REGULAR_PROVISIONAL,v0.22_population_ledger
2022,401416620,2022-10-15T19:30:00.000Z,Eastern Michigan,Northern Illinois,10,39,False,PRIMARY_REGULAR_PROVISIONAL,v0.22_population_ledger
2022,401416621,2022-10-15T19:30:00.000Z,Toledo,Kent State,52,31,False,PRIMARY_REGULAR_PROVISIONAL,v0.22_population_ledger
2022,401416623,2022-10-15T19:30:00.000Z,Western Michigan,Ohio,14,33,False,PRIMARY_REGULAR_PROVISIONAL,v0.22_population_ledger
2022,401426352,2022-10-15T19:30:00.000Z,Troy,Texas State,17,14,False,PRIMARY_REGULAR_PROVISIONAL,v0.22_population_ledger
2022,401426583,2022-10-15T19:30:00.000Z,UAB,Charlotte,34,20,False,PRIMARY_REGULAR_PROVISIONAL,v0.22_population_ledger
2022,401426587,2022-10-15T19:30:00.000Z,Middle Tennessee,Western Kentucky,17,35,False,PRIMARY_REGULAR_PROVISIONAL,v0.22_population_ledger
2022,401405116,2022-10-15T20:00:00.000Z,Michigan State,Wisconsin,34,28,False,PRIMARY_REGULAR_PROVISIONAL,v0.22_population_ledger
2022,401415636,2022-10-15T20:00:00.000Z,South Florida,Tulane,31,45,False,PRIMARY_REGULAR_PROVISIONAL,v0.22_population_ledger
2022,401426349,2022-10-15T20:00:00.000Z,Georgia Southern,James Madison,45,38,False,PRIMARY_REGULAR_PROVISIONAL,v0.22_population_ledger
2022,401426586,2022-10-15T20:00:00.000Z,North Texas,Louisiana Tech,47,27,False,PRIMARY_REGULAR_PROVISIONAL,v0.22_population_ledger
2022,401404013,2022-10-15T21:30:00.000Z,Washington,Arizona,49,39,False,PRIMARY_REGULAR_PROVISIONAL,v0.22_population_ledger
2022,401426585,2022-10-15T22:00:00.000Z,Florida Atlantic,Rice,17,14,False,PRIMARY_REGULAR_PROVISIONAL,v0.22_population_ledger
2022,401403917,2022-10-15T23:00:00.000Z,Florida,LSU,35,45,False,PRIMARY_REGULAR_PROVISIONAL,v0.22_population_ledger
2022,401415238,2022-10-15T23:00:00.000Z,Colorado State,Utah State,13,17,False,PRIMARY_REGULAR_PROVISIONAL,v0.22_population_ledger
2022,401426350,2022-10-15T23:00:00.000Z,South Alabama,UL Monroe,41,34,False,PRIMARY_REGULAR_PROVISIONAL,v0.22_population_ledger
2022,401426351,2022-10-15T23:00:00.000Z,Southern Miss,Arkansas State,20,19,False,PRIMARY_REGULAR_PROVISIONAL,v0.22_population_ledger
2022,401403919,2022-10-15T23:30:00.000Z,Kentucky,Mississippi State,27,17,False,PRIMARY_REGULAR_PROVISIONAL,v0.22_population_ledger
2022,401404016,2022-10-15T23:30:00.000Z,Notre Dame,Stanford,14,16,False,PRIMARY_REGULAR_PROVISIONAL,v0.22_population_ledger
2022,401405113,2022-10-15T23:30:00.000Z,Purdue,Nebraska,43,37,False,PRIMARY_REGULAR_PROVISIONAL,v0.22_population_ledger
2022,401411138,2022-10-15T23:30:00.000Z,Florida State,Clemson,28,34,False,PRIMARY_REGULAR_PROVISIONAL,v0.22_population_ledger
2022,401415637,2022-10-15T23:30:00.000Z,East Carolina,Memphis,47,45,False,PRIMARY_REGULAR_PROVISIONAL,v0.22_population_ledger
2022,401404017,2022-10-16T00:00:00.000Z,Utah,USC,43,42,False,PRIMARY_REGULAR_PROVISIONAL,v0.22_population_ledger
2022,401409239,2022-10-16T00:00:00.000Z,New Mexico State,New Mexico,21,9,False,PRIMARY_REGULAR_PROVISIONAL,v0.22_population_ledger
2022,401411137,2022-10-16T00:00:00.000Z,Duke,North Carolina,35,38,False,PRIMARY_REGULAR_PROVISIONAL,v0.22_population_ledger
2022,401404015,2022-10-16T01:00:00.000Z,Oregon State,Washington State,24,10,False,PRIMARY_REGULAR_PROVISIONAL,v0.22_population_ledger
2022,401415237,2022-10-16T02:30:00.000Z,UNLV,Air Force,7,42,False,PRIMARY_REGULAR_PROVISIONAL,v0.22_population_ledger
2022,401415239,2022-10-16T02:45:00.000Z,Fresno State,San Jose State,17,10,False,PRIMARY_REGULAR_PROVISIONAL,v0.22_population_ledger
2022,401415240,2022-10-16T03:59:00.000Z,Hawaii,Nevada,31,16,False,PRIMARY_REGULAR_PROVISIONAL,v0.22_population_ledger
2022,401426353,2022-10-19T23:30:00.000Z,Appalachian State,Georgia State,42,17,False,PRIMARY_REGULAR_PROVISIONAL,v0.22_population_ledger
2022,401411141,2022-10-20T23:30:00.000Z,Georgia Tech,Virginia,9,16,False,PRIMARY_REGULAR_PROVISIONAL,v0.22_population_ledger
2022,401426354,2022-10-20T23:30:00.000Z,South Alabama,Troy,6,10,False,PRIMARY_REGULAR_PROVISIONAL,v0.22_population_ledger
2022,401415638,2022-10-21T23:30:00.000Z,Temple,Tulsa,16,27,False,PRIMARY_REGULAR_PROVISIONAL,v0.22_population_ledger
2022,401426592,2022-10-22T00:00:00.000Z,Western Kentucky,UAB,20,17,False,PRIMARY_REGULAR_PROVISIONAL,v0.22_population_ledger
2022,401404096,2022-10-22T16:00:00.000Z,Baylor,Kansas,35,23,False,PRIMARY_REGULAR_PROVISIONAL,v0.22_population_ledger
2022,401404140,2022-10-22T16:00:00.000Z,Army,UL Monroe,48,24,False,PRIMARY_REGULAR_PROVISIONAL,v0.22_population_ledger
2022,401405119,2022-10-22T16:00:00.000Z,Ohio State,Iowa,54,10,False,PRIMARY_REGULAR_PROVISIONAL,v0.22_population_ledger
2022,401405121,2022-10-22T16:00:00.000Z,Rutgers,Indiana,24,17,False,PRIMARY_REGULAR_PROVISIONAL,v0.22_population_ledger
2022,401411142,2022-10-22T16:00:00.000Z,Clemson,Syracuse,27,21,False,PRIMARY_REGULAR_PROVISIONAL,v0.22_population_ledger
2022,401415640,2022-10-22T16:00:00.000Z,Navy,Houston,20,38,False,PRIMARY_REGULAR_PROVISIONAL,v0.22_population_ledger
2022,401415641,2022-10-22T16:00:00.000Z,SMU,Cincinnati,27,29,False,PRIMARY_REGULAR_PROVISIONAL,v0.22_population_ledger
2022,401416628,2022-10-22T16:00:00.000Z,Kent State,Akron,33,27,False,PRIMARY_REGULAR_PROVISIONAL,v0.22_population_ledger
2022,401411144,2022-10-22T16:30:00.000Z,Miami (FL),Duke,21,45,False,PRIMARY_REGULAR_PROVISIONAL,v0.22_population_ledger
2022,401416626,2022-10-22T17:00:00.000Z,Buffalo,Toledo,34,27,False,PRIMARY_REGULAR_PROVISIONAL,v0.22_population_ledger
2022,401416629,2022-10-22T17:00:00.000Z,Central Michigan,Bowling Green,18,34,False,PRIMARY_REGULAR_PROVISIONAL,v0.22_population_ledger
2022,401416624,2022-10-22T18:00:00.000Z,Ball State,Eastern Michigan,16,20,False,PRIMARY_REGULAR_PROVISIONAL,v0.22_population_ledger
2022,401416625,2022-10-22T18:00:00.000Z,Ohio,Northern Illinois,24,17,False,PRIMARY_REGULAR_PROVISIONAL,v0.22_population_ledger
2022,401404128,2022-10-22T18:30:00.000Z,Notre Dame,UNLV,44,21,False,PRIMARY_REGULAR_PROVISIONAL,v0.22_population_ledger
2022,401404099,2022-10-22T19:00:00.000Z,Texas Tech,West Virginia,48,10,False,PRIMARY_REGULAR_PROVISIONAL,v0.22_population_ledger
2022,401426590,2022-10-22T19:00:00.000Z,Louisiana Tech,Rice,41,42,False,PRIMARY_REGULAR_PROVISIONAL,v0.22_population_ledger
2022,401403923,2022-10-22T19:30:00.000Z,LSU,Ole Miss,45,20,False,PRIMARY_REGULAR_PROVISIONAL,v0.22_population_ledger
2022,401404021,2022-10-22T19:30:00.000Z,Oregon,UCLA,45,30,False,PRIMARY_REGULAR_PROVISIONAL,v0.22_population_ledger
2022,401404098,2022-10-22T19:30:00.000Z,Oklahoma State,Texas,41,34,False,PRIMARY_REGULAR_PROVISIONAL,v0.22_population_ledger
2022,401404163,2022-10-22T19:30:00.000Z,Liberty,BYU,41,14,False,PRIMARY_REGULAR_PROVISIONAL,v0.22_population_ledger
2022,401405117,2022-10-22T19:30:00.000Z,Wisconsin,Purdue,35,24,False,PRIMARY_REGULAR_PROVISIONAL,v0.22_population_ledger
2022,401405118,2022-10-22T19:30:00.000Z,Maryland,Northwestern,31,24,False,PRIMARY_REGULAR_PROVISIONAL,v0.22_population_ledger
2022,401411145,2022-10-22T19:30:00.000Z,Wake Forest,Boston College,43,15,False,PRIMARY_REGULAR_PROVISIONAL,v0.22_population_ledger
2022,401415639,2022-10-22T19:30:00.000Z,Tulane,Memphis,38,28,False,PRIMARY_REGULAR_PROVISIONAL,v0.22_population_ledger
2022,401416627,2022-10-22T19:30:00.000Z,Miami (OH),Western Michigan,10,16,False,PRIMARY_REGULAR_PROVISIONAL,v0.22_population_ledger
2022,401426355,2022-10-22T19:30:00.000Z,James Madison,Marshall,12,26,False,PRIMARY_REGULAR_PROVISIONAL,v0.22_population_ledger
2022,401426356,2022-10-22T19:30:00.000Z,Old Dominion,Georgia Southern,23,28,False,PRIMARY_REGULAR_PROVISIONAL,v0.22_population_ledger
2022,401426588,2022-10-22T19:30:00.000Z,Charlotte,FIU,15,34,False,PRIMARY_REGULAR_PROVISIONAL,v0.22_population_ledger
2022,401426591,2022-10-22T19:30:00.000Z,UTSA,North Texas,31,27,False,PRIMARY_REGULAR_PROVISIONAL,v0.22_population_ledger
2022,401403924,2022-10-22T20:00:00.000Z,Missouri,Vanderbilt,17,14,False,PRIMARY_REGULAR_PROVISIONAL,v0.22_population_ledger
2022,401404018,2022-10-22T20:00:00.000Z,Stanford,Arizona State,15,14,False,PRIMARY_REGULAR_PROVISIONAL,v0.22_population_ledger
2022,401415242,2022-10-22T20:00:00.000Z,Colorado State,Hawaii,17,13,False,PRIMARY_REGULAR_PROVISIONAL,v0.22_population_ledger
2022,401426589,2022-10-22T20:00:00.000Z,UTEP,Florida Atlantic,24,21,False,PRIMARY_REGULAR_PROVISIONAL,v0.22_population_ledger
2022,401426357,2022-10-22T21:00:00.000Z,Louisiana,Arkansas State,38,18,False,PRIMARY_REGULAR_PROVISIONAL,v0.22_population_ledger
2022,401426358,2022-10-22T21:00:00.000Z,Texas State,Southern Miss,14,20,False,PRIMARY_REGULAR_PROVISIONAL,v0.22_population_ledger
2022,401415243,2022-10-22T22:30:00.000Z,New Mexico,Fresno State,9,41,False,PRIMARY_REGULAR_PROVISIONAL,v0.22_population_ledger
2022,401403922,2022-10-22T23:00:00.000Z,Alabama,Mississippi State,30,6,False,PRIMARY_REGULAR_PROVISIONAL,v0.22_population_ledger
2022,401415241,2022-10-22T23:00:00.000Z,Air Force,Boise State,14,19,False,PRIMARY_REGULAR_PROVISIONAL,v0.22_population_ledger
2022,401403925,2022-10-22T23:30:00.000Z,South Carolina,Texas A&M,30,24,False,PRIMARY_REGULAR_PROVISIONAL,v0.22_population_ledger
2022,401405120,2022-10-22T23:30:00.000Z,Penn State,Minnesota,45,17,False,PRIMARY_REGULAR_PROVISIONAL,v0.22_population_ledger
2022,401415642,2022-10-22T23:30:00.000Z,East Carolina,UCF,34,13,False,PRIMARY_REGULAR_PROVISIONAL,v0.22_population_ledger
2022,401404020,2022-10-23T00:00:00.000Z,Oregon State,Colorado,42,9,False,PRIMARY_REGULAR_PROVISIONAL,v0.22_population_ledger
2022,401404097,2022-10-23T00:00:00.000Z,TCU,Kansas State,38,28,False,PRIMARY_REGULAR_PROVISIONAL,v0.22_population_ledger
2022,401411143,2022-10-23T00:00:00.000Z,Louisville,Pittsburgh,24,10,False,PRIMARY_REGULAR_PROVISIONAL,v0.22_population_ledger
2022,401415244,2022-10-23T01:45:00.000Z,Wyoming,Utah State,28,14,False,PRIMARY_REGULAR_PROVISIONAL,v0.22_population_ledger
2022,401404019,2022-10-23T02:30:00.000Z,California,Washington,21,28,False,PRIMARY_REGULAR_PROVISIONAL,v0.22_population_ledger
2022,401415245,2022-10-23T02:30:00.000Z,Nevada,San Diego State,7,23,False,PRIMARY_REGULAR_PROVISIONAL,v0.22_population_ledger
2022,401411146,2022-10-27T23:30:00.000Z,NC State,Virginia Tech,22,21,False,PRIMARY_REGULAR_PROVISIONAL,v0.22_population_ledger
2022,401426359,2022-10-27T23:30:00.000Z,Southern Miss,Louisiana,39,24,False,PRIMARY_REGULAR_PROVISIONAL,v0.22_population_ledger
2022,401404026,2022-10-28T02:00:00.000Z,Washington State,Utah,17,21,False,PRIMARY_REGULAR_PROVISIONAL,v0.22_population_ledger
2022,401415645,2022-10-29T00:00:00.000Z,BYU,East Carolina,24,27,False,PRIMARY_REGULAR_PROVISIONAL,v0.22_population_ledger
2022,401426594,2022-10-29T00:00:00.000Z,FIU,Louisiana Tech,42,34,False,PRIMARY_REGULAR_PROVISIONAL,v0.22_population_ledger
2022,401403927,2022-10-29T16:00:00.000Z,Auburn,Arkansas,27,41,False,PRIMARY_REGULAR_PROVISIONAL,v0.22_population_ledger
2022,401404100,2022-10-29T16:00:00.000Z,Iowa State,Oklahoma,13,27,False,PRIMARY_REGULAR_PROVISIONAL,v0.22_population_ledger
2022,401404103,2022-10-29T16:00:00.000Z,West Virginia,TCU,31,41,False,PRIMARY_REGULAR_PROVISIONAL,v0.22_population_ledger
2022,401404129,2022-10-29T16:00:00.000Z,Syracuse,Notre Dame,24,41,False,PRIMARY_REGULAR_PROVISIONAL,v0.22_population_ledger
2022,401404154,2022-10-29T16:00:00.000Z,UConn,Boston College,13,3,False,PRIMARY_REGULAR_PROVISIONAL,v0.22_population_ledger
2022,401405126,2022-10-29T16:00:00.000Z,Penn State,Ohio State,31,44,False,PRIMARY_REGULAR_PROVISIONAL,v0.22_population_ledger
2022,401411147,2022-10-29T16:00:00.000Z,Florida State,Georgia Tech,41,16,False,PRIMARY_REGULAR_PROVISIONAL,v0.22_population_ledger
2022,401415643,2022-10-29T16:00:00.000Z,Houston,South Florida,42,27,False,PRIMARY_REGULAR_PROVISIONAL,v0.22_population_ledger
2022,401416630,2022-10-29T16:00:00.000Z,Eastern Michigan,Toledo,24,27,False,PRIMARY_REGULAR_PROVISIONAL,v0.22_population_ledger
2022,401416631,2022-10-29T16:00:00.000Z,Akron,Miami (OH),9,27,False,PRIMARY_REGULAR_PROVISIONAL,v0.22_population_ledger
2022,401411150,2022-10-29T16:30:00.000Z,Virginia,Miami (FL),12,14,False,PRIMARY_REGULAR_PROVISIONAL,v0.22_population_ledger
2022,401426593,2022-10-29T18:00:00.000Z,Rice,Charlotte,23,56,False,PRIMARY_REGULAR_PROVISIONAL,v0.22_population_ledger
2022,401405123,2022-10-29T18:30:00.000Z,Minnesota,Rutgers,31,0,False,PRIMARY_REGULAR_PROVISIONAL,v0.22_population_ledger
2022,401426361,2022-10-29T19:00:00.000Z,Georgia State,Old Dominion,31,17,False,PRIMARY_REGULAR_PROVISIONAL,v0.22_population_ledger
2022,401403928,2022-10-29T19:30:00.000Z,Georgia,Florida,42,20,True,PRIMARY_REGULAR_PROVISIONAL,v0.22_population_ledger
2022,401404024,2022-10-29T19:30:00.000Z,California,Oregon,24,42,False,PRIMARY_REGULAR_PROVISIONAL,v0.22_population_ledger
2022,401404102,2022-10-29T19:30:00.000Z,Kansas State,Oklahoma State,48,0,False,PRIMARY_REGULAR_PROVISIONAL,v0.22_population_ledger
2022,401405122,2022-10-29T19:30:00.000Z,Iowa,Northwestern,33,13,False,PRIMARY_REGULAR_PROVISIONAL,v0.22_population_ledger
2022,401405124,2022-10-29T19:30:00.000Z,Nebraska,Illinois,9,26,False,PRIMARY_REGULAR_PROVISIONAL,v0.22_population_ledger
2022,401409242,2022-10-29T19:30:00.000Z,UMass,New Mexico State,13,23,False,PRIMARY_REGULAR_PROVISIONAL,v0.22_population_ledger
2022,401411148,2022-10-29T19:30:00.000Z,Louisville,Wake Forest,48,21,False,PRIMARY_REGULAR_PROVISIONAL,v0.22_population_ledger
2022,401415644,2022-10-29T19:30:00.000Z,UCF,Cincinnati,25,21,False,PRIMARY_REGULAR_PROVISIONAL,v0.22_population_ledger
2022,401415646,2022-10-29T19:30:00.000Z,Navy,Temple,27,20,False,PRIMARY_REGULAR_PROVISIONAL,v0.22_population_ledger
2022,401415647,2022-10-29T19:30:00.000Z,Tulsa,SMU,34,45,False,PRIMARY_REGULAR_PROVISIONAL,v0.22_population_ledger
2022,401426597,2022-10-29T19:30:00.000Z,Western Kentucky,North Texas,13,40,False,PRIMARY_REGULAR_PROVISIONAL,v0.22_population_ledger
2022,401403929,2022-10-29T20:00:00.000Z,South Carolina,Missouri,10,23,False,PRIMARY_REGULAR_PROVISIONAL,v0.22_population_ledger
2022,401426363,2022-10-29T20:00:00.000Z,Arkansas State,South Alabama,3,31,False,PRIMARY_REGULAR_PROVISIONAL,v0.22_population_ledger
2022,401403930,2022-10-29T23:00:00.000Z,Tennessee,Kentucky,44,6,False,PRIMARY_REGULAR_PROVISIONAL,v0.22_population_ledger
2022,401404022,2022-10-29T23:00:00.000Z,Arizona,USC,37,45,False,PRIMARY_REGULAR_PROVISIONAL,v0.22_population_ledger
2022,401415246,2022-10-29T23:00:00.000Z,Boise State,Colorado State,49,10,False,PRIMARY_REGULAR_PROVISIONAL,v0.22_population_ledger
2022,401426362,2022-10-29T23:00:00.000Z,Marshall,Coastal Carolina,13,24,False,PRIMARY_REGULAR_PROVISIONAL,v0.22_population_ledger
2022,401426595,2022-10-29T23:00:00.000Z,Florida Atlantic,UAB,24,17,False,PRIMARY_REGULAR_PROVISIONAL,v0.22_population_ledger
2022,401403931,2022-10-29T23:30:00.000Z,Texas A&M,Ole Miss,28,31,False,PRIMARY_REGULAR_PROVISIONAL,v0.22_population_ledger
2022,401404023,2022-10-29T23:30:00.000Z,Colorado,Arizona State,34,42,False,PRIMARY_REGULAR_PROVISIONAL,v0.22_population_ledger
2022,401404101,2022-10-29T23:30:00.000Z,Texas Tech,Baylor,17,45,False,PRIMARY_REGULAR_PROVISIONAL,v0.22_population_ledger
2022,401405125,2022-10-29T23:30:00.000Z,Michigan,Michigan State,29,7,False,PRIMARY_REGULAR_PROVISIONAL,v0.22_population_ledger
2022,401411149,2022-10-30T00:00:00.000Z,North Carolina,Pittsburgh,42,24,False,PRIMARY_REGULAR_PROVISIONAL,v0.22_population_ledger
2022,401426596,2022-10-30T01:00:00.000Z,UTEP,Middle Tennessee,13,24,False,PRIMARY_REGULAR_PROVISIONAL,v0.22_population_ledger
2022,401404025,2022-10-30T02:30:00.000Z,UCLA,Stanford,38,13,False,PRIMARY_REGULAR_PROVISIONAL,v0.22_population_ledger
2022,401415248,2022-10-30T02:30:00.000Z,Fresno State,San Diego State,32,28,False,PRIMARY_REGULAR_PROVISIONAL,v0.22_population_ledger
2022,401415249,2022-10-30T02:30:00.000Z,San Jose State,Nevada,35,28,False,PRIMARY_REGULAR_PROVISIONAL,v0.22_population_ledger
2022,401415247,2022-10-30T03:59:00.000Z,Hawaii,Wyoming,20,27,False,PRIMARY_REGULAR_PROVISIONAL,v0.22_population_ledger
2022,401416632,2022-11-01T23:00:00.000Z,Kent State,Ball State,20,27,False,PRIMARY_REGULAR_PROVISIONAL,v0.22_population_ledger
2022,401416633,2022-11-01T23:30:00.000Z,Ohio,Buffalo,45,24,False,PRIMARY_REGULAR_PROVISIONAL,v0.22_population_ledger
2022,401416634,2022-11-02T23:00:00.000Z,Northern Illinois,Central Michigan,22,35,False,PRIMARY_REGULAR_PROVISIONAL,v0.22_population_ledger
2022,401416635,2022-11-02T23:00:00.000Z,Bowling Green,Western Michigan,13,9,False,PRIMARY_REGULAR_PROVISIONAL,v0.22_population_ledger
2022,401426601,2022-11-03T23:00:00.000Z,Rice,UTEP,37,30,False,PRIMARY_REGULAR_PROVISIONAL,v0.22_population_ledger
2022,401426364,2022-11-03T23:30:00.000Z,Coastal Carolina,Appalachian State,35,28,False,PRIMARY_REGULAR_PROVISIONAL,v0.22_population_ledger
2022,401404155,2022-11-04T23:00:00.000Z,UConn,UMass,27,10,False,PRIMARY_REGULAR_PROVISIONAL,v0.22_population_ledger
2022,401411151,2022-11-04T23:00:00.000Z,Boston College,Duke,31,38,False,PRIMARY_REGULAR_PROVISIONAL,v0.22_population_ledger
2022,401404031,2022-11-05T02:30:00.000Z,Washington,Oregon State,24,21,False,PRIMARY_REGULAR_PROVISIONAL,v0.22_population_ledger
2022,401404141,2022-11-05T15:30:00.000Z,Army,Air Force,7,13,True,PRIMARY_REGULAR_PROVISIONAL,v0.22_population_ledger
2022,401403936,2022-11-05T16:00:00.000Z,Missouri,Kentucky,17,21,False,PRIMARY_REGULAR_PROVISIONAL,v0.22_population_ledger
2022,401403937,2022-11-05T16:00:00.000Z,Texas A&M,Florida,24,41,False,PRIMARY_REGULAR_PROVISIONAL,v0.22_population_ledger
2022,401404108,2022-11-05T16:00:00.000Z,TCU,Texas Tech,34,24,False,PRIMARY_REGULAR_PROVISIONAL,v0.22_population_ledger
2022,401405128,2022-11-05T16:00:00.000Z,Nebraska,Minnesota,13,20,False,PRIMARY_REGULAR_PROVISIONAL,v0.22_population_ledger
2022,401405129,2022-11-05T16:00:00.000Z,Northwestern,Ohio State,7,21,False,PRIMARY_REGULAR_PROVISIONAL,v0.22_population_ledger
2022,401405130,2022-11-05T16:00:00.000Z,Purdue,Iowa,3,24,False,PRIMARY_REGULAR_PROVISIONAL,v0.22_population_ledger
2022,401405131,2022-11-05T16:00:00.000Z,Wisconsin,Maryland,23,10,False,PRIMARY_REGULAR_PROVISIONAL,v0.22_population_ledger
2022,401411156,2022-11-05T16:00:00.000Z,Virginia,North Carolina,28,31,False,PRIMARY_REGULAR_PROVISIONAL,v0.22_population_ledger
2022,401415649,2022-11-05T16:00:00.000Z,Tulsa,Tulane,13,27,False,PRIMARY_REGULAR_PROVISIONAL,v0.22_population_ledger
2022,401426598,2022-11-05T16:00:00.000Z,Charlotte,Western Kentucky,7,59,False,PRIMARY_REGULAR_PROVISIONAL,v0.22_population_ledger
2022,401411157,2022-11-05T16:30:00.000Z,Virginia Tech,Georgia Tech,27,28,False,PRIMARY_REGULAR_PROVISIONAL,v0.22_population_ledger
2022,401415648,2022-11-05T18:00:00.000Z,Temple,South Florida,54,28,False,PRIMARY_REGULAR_PROVISIONAL,v0.22_population_ledger
2022,401426366,2022-11-05T18:00:00.000Z,Old Dominion,Marshall,0,12,False,PRIMARY_REGULAR_PROVISIONAL,v0.22_population_ledger
2022,401404104,2022-11-05T19:00:00.000Z,Oklahoma,Baylor,35,38,False,PRIMARY_REGULAR_PROVISIONAL,v0.22_population_ledger
2022,401426369,2022-11-05T19:00:00.000Z,Southern Miss,Georgia State,14,42,False,PRIMARY_REGULAR_PROVISIONAL,v0.22_population_ledger
2022,401426600,2022-11-05T19:00:00.000Z,Louisiana Tech,Middle Tennessee,40,24,False,PRIMARY_REGULAR_PROVISIONAL,v0.22_population_ledger
2022,401403933,2022-11-05T19:30:00.000Z,Georgia,Tennessee,27,13,False,PRIMARY_REGULAR_PROVISIONAL,v0.22_population_ledger
2022,401404030,2022-11-05T19:30:00.000Z,Colorado,Oregon,10,49,False,PRIMARY_REGULAR_PROVISIONAL,v0.22_population_ledger
2022,401404032,2022-11-05T19:30:00.000Z,Stanford,Washington State,14,52,False,PRIMARY_REGULAR_PROVISIONAL,v0.22_population_ledger
2022,401404105,2022-11-05T19:30:00.000Z,Iowa State,West Virginia,31,14,False,PRIMARY_REGULAR_PROVISIONAL,v0.22_population_ledger
2022,401404106,2022-11-05T19:30:00.000Z,Kansas,Oklahoma State,37,16,False,PRIMARY_REGULAR_PROVISIONAL,v0.22_population_ledger
2022,401405127,2022-11-05T19:30:00.000Z,Illinois,Michigan State,15,23,False,PRIMARY_REGULAR_PROVISIONAL,v0.22_population_ledger
2022,401405132,2022-11-05T19:30:00.000Z,Indiana,Penn State,14,45,False,PRIMARY_REGULAR_PROVISIONAL,v0.22_population_ledger
2022,401411155,2022-11-05T19:30:00.000Z,Pittsburgh,Syracuse,19,9,False,PRIMARY_REGULAR_PROVISIONAL,v0.22_population_ledger
2022,401415252,2022-11-05T19:30:00.000Z,Utah State,New Mexico,27,10,False,PRIMARY_REGULAR_PROVISIONAL,v0.22_population_ledger
2022,401415651,2022-11-05T19:30:00.000Z,Memphis,UCF,28,35,False,PRIMARY_REGULAR_PROVISIONAL,v0.22_population_ledger
2022,401426602,2022-11-05T19:30:00.000Z,UAB,UTSA,38,44,False,PRIMARY_REGULAR_PROVISIONAL,v0.22_population_ledger
2022,401403932,2022-11-05T20:00:00.000Z,Arkansas,Liberty,19,21,False,PRIMARY_REGULAR_PROVISIONAL,v0.22_population_ledger
2022,401415650,2022-11-05T20:00:00.000Z,Cincinnati,Navy,20,10,False,PRIMARY_REGULAR_PROVISIONAL,v0.22_population_ledger
2022,401426365,2022-11-05T20:00:00.000Z,Georgia Southern,South Alabama,31,38,False,PRIMARY_REGULAR_PROVISIONAL,v0.22_population_ledger
2022,401426599,2022-11-05T20:00:00.000Z,North Texas,FIU,52,14,False,PRIMARY_REGULAR_PROVISIONAL,v0.22_population_ledger
2022,401426367,2022-11-05T21:00:00.000Z,Louisiana,Troy,17,23,False,PRIMARY_REGULAR_PROVISIONAL,v0.22_population_ledger
2022,401426368,2022-11-05T21:00:00.000Z,UL Monroe,Texas State,31,30,False,PRIMARY_REGULAR_PROVISIONAL,v0.22_population_ledger
2022,401403934,2022-11-05T23:00:00.000Z,LSU,Alabama,32,31,False,PRIMARY_REGULAR_PROVISIONAL,v0.22_population_ledger
2022,401404107,2022-11-05T23:00:00.000Z,Kansas State,Texas,27,34,False,PRIMARY_REGULAR_PROVISIONAL,v0.22_population_ledger
2022,401415250,2022-11-05T23:00:00.000Z,Boise State,BYU,28,31,False,PRIMARY_REGULAR_PROVISIONAL,v0.22_population_ledger
2022,401415254,2022-11-05T23:00:00.000Z,San Diego State,UNLV,14,10,False,PRIMARY_REGULAR_PROVISIONAL,v0.22_population_ledger
2022,401415652,2022-11-05T23:00:00.000Z,SMU,Houston,77,63,False,PRIMARY_REGULAR_PROVISIONAL,v0.22_population_ledger
2022,401403935,2022-11-05T23:30:00.000Z,Mississippi State,Auburn,39,33,False,PRIMARY_REGULAR_PROVISIONAL,v0.22_population_ledger
2022,401403938,2022-11-05T23:30:00.000Z,Vanderbilt,South Carolina,27,38,False,PRIMARY_REGULAR_PROVISIONAL,v0.22_population_ledger
2022,401404027,2022-11-05T23:30:00.000Z,Utah,Arizona,45,20,False,PRIMARY_REGULAR_PROVISIONAL,v0.22_population_ledger
2022,401404130,2022-11-05T23:30:00.000Z,Notre Dame,Clemson,35,14,False,PRIMARY_REGULAR_PROVISIONAL,v0.22_population_ledger
2022,401405133,2022-11-05T23:30:00.000Z,Rutgers,Michigan,17,52,False,PRIMARY_REGULAR_PROVISIONAL,v0.22_population_ledger
2022,401411152,2022-11-05T23:30:00.000Z,Louisville,James Madison,34,10,False,PRIMARY_REGULAR_PROVISIONAL,v0.22_population_ledger
2022,401411153,2022-11-05T23:30:00.000Z,Miami (FL),Florida State,3,45,False,PRIMARY_REGULAR_PROVISIONAL,v0.22_population_ledger
2022,401411154,2022-11-06T00:00:00.000Z,NC State,Wake Forest,30,21,False,PRIMARY_REGULAR_PROVISIONAL,v0.22_population_ledger
2022,401404028,2022-11-06T02:30:00.000Z,Arizona State,UCLA,36,50,False,PRIMARY_REGULAR_PROVISIONAL,v0.22_population_ledger
2022,401404029,2022-11-06T02:30:00.000Z,USC,California,41,35,False,PRIMARY_REGULAR_PROVISIONAL,v0.22_population_ledger
2022,401415251,2022-11-06T02:30:00.000Z,San Jose State,Colorado State,28,16,False,PRIMARY_REGULAR_PROVISIONAL,v0.22_population_ledger
2022,401415253,2022-11-06T02:30:00.000Z,Fresno State,Hawaii,55,13,False,PRIMARY_REGULAR_PROVISIONAL,v0.22_population_ledger
2022,401416637,2022-11-09T00:00:00.000Z,Akron,Eastern Michigan,28,34,False,PRIMARY_REGULAR_PROVISIONAL,v0.22_population_ledger
2022,401416638,2022-11-09T00:30:00.000Z,Miami (OH),Ohio,21,37,False,PRIMARY_REGULAR_PROVISIONAL,v0.22_population_ledger
2022,401416636,2022-11-09T01:00:00.000Z,Toledo,Ball State,28,21,False,PRIMARY_REGULAR_PROVISIONAL,v0.22_population_ledger
2022,401416639,2022-11-10T00:00:00.000Z,Western Michigan,Northern Illinois,21,24,False,PRIMARY_REGULAR_PROVISIONAL,v0.22_population_ledger
2022,401416640,2022-11-10T00:00:00.000Z,Central Michigan,Buffalo,31,27,False,PRIMARY_REGULAR_PROVISIONAL,v0.22_population_ledger
2022,401416641,2022-11-10T00:00:00.000Z,Bowling Green,Kent State,6,40,False,PRIMARY_REGULAR_PROVISIONAL,v0.22_population_ledger
2022,401415653,2022-11-11T00:30:00.000Z,Memphis,Tulsa,26,10,False,PRIMARY_REGULAR_PROVISIONAL,v0.22_population_ledger
2022,401426370,2022-11-11T00:30:00.000Z,Louisiana,Georgia Southern,36,17,False,PRIMARY_REGULAR_PROVISIONAL,v0.22_population_ledger
2022,401415654,2022-11-12T01:00:00.000Z,Cincinnati,East Carolina,27,25,False,PRIMARY_REGULAR_PROVISIONAL,v0.22_population_ledger
2022,401404033,2022-11-12T02:30:00.000Z,USC,Colorado,55,17,False,PRIMARY_REGULAR_PROVISIONAL,v0.22_population_ledger
2022,401415259,2022-11-12T03:30:00.000Z,UNLV,Fresno State,30,37,False,PRIMARY_REGULAR_PROVISIONAL,v0.22_population_ledger
2022,401403939,2022-11-12T17:00:00.000Z,Arkansas,LSU,10,13,False,PRIMARY_REGULAR_PROVISIONAL,v0.22_population_ledger
2022,401403942,2022-11-12T17:00:00.000Z,Kentucky,Vanderbilt,21,24,False,PRIMARY_REGULAR_PROVISIONAL,v0.22_population_ledger
2022,401403945,2022-11-12T17:00:00.000Z,Tennessee,Missouri,66,24,False,PRIMARY_REGULAR_PROVISIONAL,v0.22_population_ledger
2022,401404112,2022-11-12T17:00:00.000Z,West Virginia,Oklahoma,23,20,False,PRIMARY_REGULAR_PROVISIONAL,v0.22_population_ledger
2022,401404131,2022-11-12T17:00:00.000Z,Navy,Notre Dame,32,35,True,PRIMARY_REGULAR_PROVISIONAL,v0.22_population_ledger
2022,401404156,2022-11-12T17:00:00.000Z,UConn,Liberty,36,33,False,PRIMARY_REGULAR_PROVISIONAL,v0.22_population_ledger
2022,401405134,2022-11-12T17:00:00.000Z,Illinois,Purdue,24,31,False,PRIMARY_REGULAR_PROVISIONAL,v0.22_population_ledger
2022,401405138,2022-11-12T17:00:00.000Z,Michigan State,Rutgers,27,21,False,PRIMARY_REGULAR_PROVISIONAL,v0.22_population_ledger
2022,401405139,2022-11-12T17:00:00.000Z,Ohio State,Indiana,56,14,False,PRIMARY_REGULAR_PROVISIONAL,v0.22_population_ledger
2022,401411159,2022-11-12T17:00:00.000Z,Duke,Virginia Tech,24,7,False,PRIMARY_REGULAR_PROVISIONAL,v0.22_population_ledger
2022,401411163,2022-11-12T17:00:00.000Z,Virginia,Pittsburgh,7,37,False,PRIMARY_REGULAR_PROVISIONAL,v0.22_population_ledger
2022,401415656,2022-11-12T17:00:00.000Z,South Florida,SMU,23,41,False,PRIMARY_REGULAR_PROVISIONAL,v0.22_population_ledger
2022,401426372,2022-11-12T18:00:00.000Z,Georgia State,UL Monroe,28,31,False,PRIMARY_REGULAR_PROVISIONAL,v0.22_population_ledger
2022,401426374,2022-11-12T18:00:00.000Z,Old Dominion,James Madison,3,37,False,PRIMARY_REGULAR_PROVISIONAL,v0.22_population_ledger
2022,401426607,2022-11-12T19:00:00.000Z,Western Kentucky,Rice,45,10,False,PRIMARY_REGULAR_PROVISIONAL,v0.22_population_ledger
2022,401414784,2022-11-12T20:00:00.000Z,Arkansas State,UMass,35,33,False,PRIMARY_REGULAR_PROVISIONAL,v0.22_population_ledger
2022,401415655,2022-11-12T20:00:00.000Z,Houston,Temple,43,36,False,PRIMARY_REGULAR_PROVISIONAL,v0.22_population_ledger
2022,401403943,2022-11-12T20:30:00.000Z,Ole Miss,Alabama,24,30,False,PRIMARY_REGULAR_PROVISIONAL,v0.22_population_ledger
2022,401404035,2022-11-12T20:30:00.000Z,Washington State,Arizona State,28,18,False,PRIMARY_REGULAR_PROVISIONAL,v0.22_population_ledger
2022,401404110,2022-11-12T20:30:00.000Z,Oklahoma State,Iowa State,20,14,False,PRIMARY_REGULAR_PROVISIONAL,v0.22_population_ledger
2022,401404142,2022-11-12T20:30:00.000Z,Troy,Army,10,9,False,PRIMARY_REGULAR_PROVISIONAL,v0.22_population_ledger
2022,401405135,2022-11-12T20:30:00.000Z,Iowa,Wisconsin,24,10,False,PRIMARY_REGULAR_PROVISIONAL,v0.22_population_ledger
2022,401405136,2022-11-12T20:30:00.000Z,Minnesota,Northwestern,31,3,False,PRIMARY_REGULAR_PROVISIONAL,v0.22_population_ledger
2022,401405137,2022-11-12T20:30:00.000Z,Michigan,Nebraska,34,3,False,PRIMARY_REGULAR_PROVISIONAL,v0.22_population_ledger
2022,401405140,2022-11-12T20:30:00.000Z,Penn State,Maryland,30,0,False,PRIMARY_REGULAR_PROVISIONAL,v0.22_population_ledger
2022,401411158,2022-11-12T20:30:00.000Z,Clemson,Louisville,31,16,False,PRIMARY_REGULAR_PROVISIONAL,v0.22_population_ledger
2022,401411160,2022-11-12T20:30:00.000Z,Georgia Tech,Miami (FL),14,35,False,PRIMARY_REGULAR_PROVISIONAL,v0.22_population_ledger
2022,401411161,2022-11-12T20:30:00.000Z,NC State,Boston College,20,21,False,PRIMARY_REGULAR_PROVISIONAL,v0.22_population_ledger
2022,401415256,2022-11-12T20:30:00.000Z,Air Force,New Mexico,35,3,False,PRIMARY_REGULAR_PROVISIONAL,v0.22_population_ledger
2022,401415657,2022-11-12T20:30:00.000Z,Tulane,UCF,31,38,False,PRIMARY_REGULAR_PROVISIONAL,v0.22_population_ledger
2022,401426373,2022-11-12T20:30:00.000Z,Marshall,Appalachian State,28,21,False,PRIMARY_REGULAR_PROVISIONAL,v0.22_population_ledger
2022,401426603,2022-11-12T20:30:00.000Z,Middle Tennessee,Charlotte,24,14,False,PRIMARY_REGULAR_PROVISIONAL,v0.22_population_ledger
2022,401426605,2022-11-12T20:30:00.000Z,UTSA,Louisiana Tech,51,7,False,PRIMARY_REGULAR_PROVISIONAL,v0.22_population_ledger
2022,401426606,2022-11-12T20:30:00.000Z,UAB,North Texas,41,21,False,PRIMARY_REGULAR_PROVISIONAL,v0.22_population_ledger
2022,401403941,2022-11-12T21:00:00.000Z,Florida,South Carolina,38,6,False,PRIMARY_REGULAR_PROVISIONAL,v0.22_population_ledger
2022,401426375,2022-11-12T22:00:00.000Z,South Alabama,Texas State,38,21,False,PRIMARY_REGULAR_PROVISIONAL,v0.22_population_ledger
2022,401403944,2022-11-13T00:00:00.000Z,Mississippi State,Georgia,19,45,False,PRIMARY_REGULAR_PROVISIONAL,v0.22_population_ledger
2022,401404037,2022-11-13T00:00:00.000Z,Oregon,Washington,34,37,False,PRIMARY_REGULAR_PROVISIONAL,v0.22_population_ledger
2022,401404109,2022-11-13T00:00:00.000Z,Baylor,Kansas State,3,31,False,PRIMARY_REGULAR_PROVISIONAL,v0.22_population_ledger
2022,401404111,2022-11-13T00:00:00.000Z,Texas Tech,Kansas,43,28,False,PRIMARY_REGULAR_PROVISIONAL,v0.22_population_ledger
2022,401415258,2022-11-13T00:00:00.000Z,Colorado State,Wyoming,13,14,False,PRIMARY_REGULAR_PROVISIONAL,v0.22_population_ledger
2022,401426604,2022-11-13T00:00:00.000Z,FIU,Florida Atlantic,7,52,False,PRIMARY_REGULAR_PROVISIONAL,v0.22_population_ledger
2022,401403940,2022-11-13T00:30:00.000Z,Auburn,Texas A&M,13,10,False,PRIMARY_REGULAR_PROVISIONAL,v0.22_population_ledger
2022,401404113,2022-11-13T00:30:00.000Z,Texas,TCU,10,17,False,PRIMARY_REGULAR_PROVISIONAL,v0.22_population_ledger
2022,401411164,2022-11-13T00:30:00.000Z,Wake Forest,North Carolina,34,36,False,PRIMARY_REGULAR_PROVISIONAL,v0.22_population_ledger
2022,401426371,2022-11-13T00:30:00.000Z,Coastal Carolina,Southern Miss,26,23,False,PRIMARY_REGULAR_PROVISIONAL,v0.22_population_ledger
2022,401411162,2022-11-13T01:00:00.000Z,Syracuse,Florida State,3,38,False,PRIMARY_REGULAR_PROVISIONAL,v0.22_population_ledger
2022,401404036,2022-11-13T02:00:00.000Z,Oregon State,California,38,10,False,PRIMARY_REGULAR_PROVISIONAL,v0.22_population_ledger
2022,401404038,2022-11-13T03:00:00.000Z,Utah,Stanford,42,7,False,PRIMARY_REGULAR_PROVISIONAL,v0.22_population_ledger
2022,401404034,2022-11-13T03:30:00.000Z,UCLA,Arizona,28,34,False,PRIMARY_REGULAR_PROVISIONAL,v0.22_population_ledger
2022,401415255,2022-11-13T03:30:00.000Z,Nevada,Boise State,3,41,False,PRIMARY_REGULAR_PROVISIONAL,v0.22_population_ledger
2022,401415260,2022-11-13T03:30:00.000Z,San Diego State,San Jose State,43,27,False,PRIMARY_REGULAR_PROVISIONAL,v0.22_population_ledger
2022,401415257,2022-11-13T04:00:00.000Z,Hawaii,Utah State,34,41,False,PRIMARY_REGULAR_PROVISIONAL,v0.22_population_ledger
2022,401416642,2022-11-16T00:00:00.000Z,Toledo,Bowling Green,35,42,False,PRIMARY_REGULAR_PROVISIONAL,v0.22_population_ledger
2022,401416643,2022-11-16T00:00:00.000Z,Ball State,Ohio,18,32,False,PRIMARY_REGULAR_PROVISIONAL,v0.22_population_ledger
2022,401416644,2022-11-16T23:00:00.000Z,Kent State,Eastern Michigan,24,31,False,PRIMARY_REGULAR_PROVISIONAL,v0.22_population_ledger
2022,401416646,2022-11-17T00:00:00.000Z,Northern Illinois,Miami (OH),23,29,False,PRIMARY_REGULAR_PROVISIONAL,v0.22_population_ledger
2022,401416645,2022-11-17T01:00:00.000Z,Central Michigan,Western Michigan,10,12,False,PRIMARY_REGULAR_PROVISIONAL,v0.22_population_ledger
2022,401415658,2022-11-18T00:30:00.000Z,Tulane,SMU,59,24,False,PRIMARY_REGULAR_PROVISIONAL,v0.22_population_ledger
2022,401415659,2022-11-19T02:00:00.000Z,Tulsa,South Florida,48,42,False,PRIMARY_REGULAR_PROVISIONAL,v0.22_population_ledger
2022,401415264,2022-11-19T02:45:00.000Z,New Mexico,San Diego State,10,34,False,PRIMARY_REGULAR_PROVISIONAL,v0.22_population_ledger
2022,401415661,2022-11-19T16:00:00.000Z,UCF,Navy,14,17,False,PRIMARY_REGULAR_PROVISIONAL,v0.22_population_ledger
2022,401403954,2022-11-19T17:00:00.000Z,Texas A&M,UMass,20,3,False,PRIMARY_REGULAR_PROVISIONAL,v0.22_population_ledger
2022,401403955,2022-11-19T17:00:00.000Z,Vanderbilt,Florida,31,24,False,PRIMARY_REGULAR_PROVISIONAL,v0.22_population_ledger
2022,401404114,2022-11-19T17:00:00.000Z,Baylor,TCU,28,29,False,PRIMARY_REGULAR_PROVISIONAL,v0.22_population_ledger
2022,401404143,2022-11-19T17:00:00.000Z,Army,UConn,34,17,False,PRIMARY_REGULAR_PROVISIONAL,v0.22_population_ledger
2022,401404165,2022-11-19T17:00:00.000Z,Liberty,Virginia Tech,22,23,False,PRIMARY_REGULAR_PROVISIONAL,v0.22_population_ledger
2022,401405142,2022-11-19T17:00:00.000Z,Nebraska,Wisconsin,14,15,False,PRIMARY_REGULAR_PROVISIONAL,v0.22_population_ledger
2022,401405143,2022-11-19T17:00:00.000Z,Purdue,Northwestern,17,9,False,PRIMARY_REGULAR_PROVISIONAL,v0.22_population_ledger
2022,401405145,2022-11-19T17:00:00.000Z,Michigan,Illinois,19,17,False,PRIMARY_REGULAR_PROVISIONAL,v0.22_population_ledger
2022,401405146,2022-11-19T17:00:00.000Z,Michigan State,Indiana,31,39,False,PRIMARY_REGULAR_PROVISIONAL,v0.22_population_ledger
2022,401411166,2022-11-19T17:00:00.000Z,Florida State,Louisiana,49,17,False,PRIMARY_REGULAR_PROVISIONAL,v0.22_population_ledger
2022,401411169,2022-11-19T17:00:00.000Z,Pittsburgh,Duke,28,26,False,PRIMARY_REGULAR_PROVISIONAL,v0.22_population_ledger
2022,401426611,2022-11-19T18:00:00.000Z,Rice,UTSA,7,41,False,PRIMARY_REGULAR_PROVISIONAL,v0.22_population_ledger
2022,401404039,2022-11-19T19:00:00.000Z,Arizona,Washington State,20,31,False,PRIMARY_REGULAR_PROVISIONAL,v0.22_population_ledger
2022,401404117,2022-11-19T19:00:00.000Z,West Virginia,Kansas State,31,48,False,PRIMARY_REGULAR_PROVISIONAL,v0.22_population_ledger
2022,401415660,2022-11-19T19:00:00.000Z,East Carolina,Houston,3,42,False,PRIMARY_REGULAR_PROVISIONAL,v0.22_population_ledger
2022,401426378,2022-11-19T19:00:00.000Z,James Madison,Georgia State,42,40,False,PRIMARY_REGULAR_PROVISIONAL,v0.22_population_ledger
2022,401404040,2022-11-19T19:15:00.000Z,Arizona State,Oregon State,7,31,False,PRIMARY_REGULAR_PROVISIONAL,v0.22_population_ledger
2022,401404132,2022-11-19T19:30:00.000Z,Notre Dame,Boston College,44,0,False,PRIMARY_REGULAR_PROVISIONAL,v0.22_population_ledger
2022,401426376,2022-11-19T19:30:00.000Z,Appalachian State,Old Dominion,27,14,False,PRIMARY_REGULAR_PROVISIONAL,v0.22_population_ledger
2022,401403949,2022-11-19T20:30:00.000Z,Kentucky,Georgia,6,16,False,PRIMARY_REGULAR_PROVISIONAL,v0.22_population_ledger
2022,401404116,2022-11-19T20:30:00.000Z,Kansas,Texas,14,55,False,PRIMARY_REGULAR_PROVISIONAL,v0.22_population_ledger
2022,401405144,2022-11-19T20:30:00.000Z,Maryland,Ohio State,30,43,False,PRIMARY_REGULAR_PROVISIONAL,v0.22_population_ledger
2022,401405147,2022-11-19T20:30:00.000Z,Rutgers,Penn State,10,55,False,PRIMARY_REGULAR_PROVISIONAL,v0.22_population_ledger
2022,401411165,2022-11-19T20:30:00.000Z,Clemson,Miami (FL),40,10,False,PRIMARY_REGULAR_PROVISIONAL,v0.22_population_ledger
2022,401411167,2022-11-19T20:30:00.000Z,Louisville,NC State,25,10,False,PRIMARY_REGULAR_PROVISIONAL,v0.22_population_ledger
2022,401426379,2022-11-19T20:30:00.000Z,Southern Miss,South Alabama,20,27,False,PRIMARY_REGULAR_PROVISIONAL,v0.22_population_ledger
2022,401426381,2022-11-19T20:30:00.000Z,Troy,UL Monroe,34,16,False,PRIMARY_REGULAR_PROVISIONAL,v0.22_population_ledger
2022,401426608,2022-11-19T20:30:00.000Z,Charlotte,Louisiana Tech,26,21,False,PRIMARY_REGULAR_PROVISIONAL,v0.22_population_ledger
2022,401426610,2022-11-19T20:30:00.000Z,Middle Tennessee,Florida Atlantic,49,21,False,PRIMARY_REGULAR_PROVISIONAL,v0.22_population_ledger
2022,401405141,2022-11-19T21:00:00.000Z,Minnesota,Iowa,10,13,False,PRIMARY_REGULAR_PROVISIONAL,v0.22_population_ledger
2022,401415663,2022-11-19T21:00:00.000Z,Temple,Cincinnati,3,23,False,PRIMARY_REGULAR_PROVISIONAL,v0.22_population_ledger
2022,401426609,2022-11-19T21:00:00.000Z,UTEP,FIU,40,6,False,PRIMARY_REGULAR_PROVISIONAL,v0.22_population_ledger
2022,401426613,2022-11-19T21:00:00.000Z,Auburn,Western Kentucky,41,17,False,PRIMARY_REGULAR_PROVISIONAL,v0.22_population_ledger
2022,401426380,2022-11-19T22:00:00.000Z,Texas State,Arkansas State,16,13,False,PRIMARY_REGULAR_PROVISIONAL,v0.22_population_ledger
2022,401404041,2022-11-19T22:30:00.000Z,California,Stanford,27,20,False,PRIMARY_REGULAR_PROVISIONAL,v0.22_population_ledger
2022,401411168,2022-11-19T22:30:00.000Z,North Carolina,Georgia Tech,17,21,False,PRIMARY_REGULAR_PROVISIONAL,v0.22_population_ledger
2022,401426377,2022-11-19T23:00:00.000Z,Georgia Southern,Marshall,10,23,False,PRIMARY_REGULAR_PROVISIONAL,v0.22_population_ledger
2022,401403953,2022-11-20T00:00:00.000Z,South Carolina,Tennessee,63,38,False,PRIMARY_REGULAR_PROVISIONAL,v0.22_population_ledger
2022,401404115,2022-11-20T00:00:00.000Z,Iowa State,Texas Tech,10,14,False,PRIMARY_REGULAR_PROVISIONAL,v0.22_population_ledger
2022,401415261,2022-11-20T00:00:00.000Z,Wyoming,Boise State,17,20,False,PRIMARY_REGULAR_PROVISIONAL,v0.22_population_ledger
2022,401403947,2022-11-20T00:30:00.000Z,Arkansas,Ole Miss,42,27,False,PRIMARY_REGULAR_PROVISIONAL,v0.22_population_ledger
2022,401403952,2022-11-20T00:30:00.000Z,Missouri,New Mexico State,45,14,False,PRIMARY_REGULAR_PROVISIONAL,v0.22_population_ledger
2022,401404118,2022-11-20T00:30:00.000Z,Oklahoma,Oklahoma State,28,13,False,PRIMARY_REGULAR_PROVISIONAL,v0.22_population_ledger
2022,401404044,2022-11-20T01:00:00.000Z,UCLA,USC,45,48,False,PRIMARY_REGULAR_PROVISIONAL,v0.22_population_ledger
2022,401411171,2022-11-20T01:00:00.000Z,Wake Forest,Syracuse,45,35,False,PRIMARY_REGULAR_PROVISIONAL,v0.22_population_ledger
2022,401404042,2022-11-20T02:00:00.000Z,Washington,Colorado,54,7,False,PRIMARY_REGULAR_PROVISIONAL,v0.22_population_ledger
2022,401415262,2022-11-20T02:00:00.000Z,Air Force,Colorado State,24,12,False,PRIMARY_REGULAR_PROVISIONAL,v0.22_population_ledger
2022,401426612,2022-11-20T02:00:00.000Z,LSU,UAB,41,10,False,PRIMARY_REGULAR_PROVISIONAL,v0.22_population_ledger
2022,401415265,2022-11-20T02:45:00.000Z,Utah State,San Jose State,35,31,False,PRIMARY_REGULAR_PROVISIONAL,v0.22_population_ledger
2022,401404043,2022-11-20T03:30:00.000Z,Oregon,Utah,20,17,False,PRIMARY_REGULAR_PROVISIONAL,v0.22_population_ledger
2022,401415263,2022-11-20T03:30:00.000Z,Nevada,Fresno State,14,41,False,PRIMARY_REGULAR_PROVISIONAL,v0.22_population_ledger
2022,401415266,2022-11-20T04:00:00.000Z,Hawaii,UNLV,31,25,False,PRIMARY_REGULAR_PROVISIONAL,v0.22_population_ledger
2022,401416648,2022-11-23T00:00:00.000Z,Miami (OH),Ball State,18,17,False,PRIMARY_REGULAR_PROVISIONAL,v0.22_population_ledger
2022,401416649,2022-11-23T00:00:00.000Z,Ohio,Bowling Green,38,14,False,PRIMARY_REGULAR_PROVISIONAL,v0.22_population_ledger
2022,401403956,2022-11-25T00:00:00.000Z,Ole Miss,Mississippi State,22,24,False,PRIMARY_REGULAR_PROVISIONAL,v0.22_population_ledger
2022,401404119,2022-11-25T17:00:00.000Z,Texas,Baylor,38,27,False,PRIMARY_REGULAR_PROVISIONAL,v0.22_population_ledger
2022,401415269,2022-11-25T17:00:00.000Z,Boise State,Utah State,42,23,False,PRIMARY_REGULAR_PROVISIONAL,v0.22_population_ledger
2022,401415665,2022-11-25T17:00:00.000Z,Cincinnati,Tulane,24,27,False,PRIMARY_REGULAR_PROVISIONAL,v0.22_population_ledger
2022,401416650,2022-11-25T17:00:00.000Z,Eastern Michigan,Central Michigan,38,19,False,PRIMARY_REGULAR_PROVISIONAL,v0.22_population_ledger
2022,401416651,2022-11-25T17:00:00.000Z,Western Michigan,Toledo,20,14,False,PRIMARY_REGULAR_PROVISIONAL,v0.22_population_ledger
2022,401404045,2022-11-25T20:00:00.000Z,Arizona,Arizona State,38,35,False,PRIMARY_REGULAR_PROVISIONAL,v0.22_population_ledger
2022,401403961,2022-11-25T20:30:00.000Z,Missouri,Arkansas,29,27,False,PRIMARY_REGULAR_PROVISIONAL,v0.22_population_ledger
2022,401411172,2022-11-25T20:30:00.000Z,North Carolina,NC State,27,30,False,PRIMARY_REGULAR_PROVISIONAL,v0.22_population_ledger
2022,401415268,2022-11-25T20:30:00.000Z,Colorado State,New Mexico,17,0,False,PRIMARY_REGULAR_PROVISIONAL,v0.22_population_ledger
2022,401405148,2022-11-25T21:00:00.000Z,Iowa,Nebraska,17,24,False,PRIMARY_REGULAR_PROVISIONAL,v0.22_population_ledger
2022,401404046,2022-11-25T21:30:00.000Z,California,UCLA,28,35,False,PRIMARY_REGULAR_PROVISIONAL,v0.22_population_ledger
2022,401403958,2022-11-26T00:30:00.000Z,Florida State,Florida,45,38,False,PRIMARY_REGULAR_PROVISIONAL,v0.22_population_ledger
2022,401415270,2022-11-26T03:00:00.000Z,Fresno State,Wyoming,30,0,False,PRIMARY_REGULAR_PROVISIONAL,v0.22_population_ledger
2022,401403959,2022-11-26T17:00:00.000Z,Georgia,Georgia Tech,37,14,False,PRIMARY_REGULAR_PROVISIONAL,v0.22_population_ledger
2022,401403962,2022-11-26T17:00:00.000Z,Clemson,South Carolina,30,31,False,PRIMARY_REGULAR_PROVISIONAL,v0.22_population_ledger
2022,401404123,2022-11-26T17:00:00.000Z,Oklahoma State,West Virginia,19,24,False,PRIMARY_REGULAR_PROVISIONAL,v0.22_population_ledger
2022,401404144,2022-11-26T17:00:00.000Z,UMass,Army,7,44,False,PRIMARY_REGULAR_PROVISIONAL,v0.22_population_ledger
2022,401404166,2022-11-26T17:00:00.000Z,Liberty,New Mexico State,14,49,False,PRIMARY_REGULAR_PROVISIONAL,v0.22_population_ledger
2022,401405152,2022-11-26T17:00:00.000Z,Maryland,Rutgers,37,0,False,PRIMARY_REGULAR_PROVISIONAL,v0.22_population_ledger
2022,401405153,2022-11-26T17:00:00.000Z,Ohio State,Michigan,23,45,False,PRIMARY_REGULAR_PROVISIONAL,v0.22_population_ledger
2022,401426383,2022-11-26T17:00:00.000Z,James Madison,Coastal Carolina,47,7,False,PRIMARY_REGULAR_PROVISIONAL,v0.22_population_ledger
2022,401426389,2022-11-26T17:00:00.000Z,South Alabama,Old Dominion,27,20,False,PRIMARY_REGULAR_PROVISIONAL,v0.22_population_ledger
2022,401426390,2022-11-26T17:00:00.000Z,Marshall,Georgia State,28,23,False,PRIMARY_REGULAR_PROVISIONAL,v0.22_population_ledger
2022,401426615,2022-11-26T17:00:00.000Z,Florida Atlantic,Western Kentucky,31,32,False,PRIMARY_REGULAR_PROVISIONAL,v0.22_population_ledger
2022,401415664,2022-11-26T18:00:00.000Z,Temple,East Carolina,46,49,False,PRIMARY_REGULAR_PROVISIONAL,v0.22_population_ledger
2022,401416653,2022-11-26T18:00:00.000Z,Buffalo,Kent State,27,30,False,PRIMARY_REGULAR_PROVISIONAL,v0.22_population_ledger
2022,401416652,2022-11-26T18:30:00.000Z,Northern Illinois,Akron,12,44,False,PRIMARY_REGULAR_PROVISIONAL,v0.22_population_ledger
2022,401426617,2022-11-26T19:00:00.000Z,North Texas,Rice,21,17,False,PRIMARY_REGULAR_PROVISIONAL,v0.22_population_ledger
2022,401403960,2022-11-26T20:00:00.000Z,Kentucky,Louisville,26,13,False,PRIMARY_REGULAR_PROVISIONAL,v0.22_population_ledger
2022,401403957,2022-11-26T20:30:00.000Z,Alabama,Auburn,49,27,False,PRIMARY_REGULAR_PROVISIONAL,v0.22_population_ledger
2022,401404047,2022-11-26T20:30:00.000Z,Oregon State,Oregon,38,34,False,PRIMARY_REGULAR_PROVISIONAL,v0.22_population_ledger
2022,401405149,2022-11-26T20:30:00.000Z,Northwestern,Illinois,3,41,False,PRIMARY_REGULAR_PROVISIONAL,v0.22_population_ledger
2022,401405150,2022-11-26T20:30:00.000Z,Wisconsin,Minnesota,16,23,False,PRIMARY_REGULAR_PROVISIONAL,v0.22_population_ledger
2022,401405151,2022-11-26T20:30:00.000Z,Indiana,Purdue,16,30,False,PRIMARY_REGULAR_PROVISIONAL,v0.22_population_ledger
2022,401411174,2022-11-26T20:30:00.000Z,Duke,Wake Forest,34,31,False,PRIMARY_REGULAR_PROVISIONAL,v0.22_population_ledger
2022,401415271,2022-11-26T20:30:00.000Z,San Jose State,Hawaii,27,14,False,PRIMARY_REGULAR_PROVISIONAL,v0.22_population_ledger
2022,401415666,2022-11-26T20:30:00.000Z,SMU,Memphis,34,31,False,PRIMARY_REGULAR_PROVISIONAL,v0.22_population_ledger
2022,401426384,2022-11-26T20:30:00.000Z,Arkansas State,Troy,19,48,False,PRIMARY_REGULAR_PROVISIONAL,v0.22_population_ledger
2022,401426616,2022-11-26T20:30:00.000Z,Louisiana Tech,UAB,27,37,False,PRIMARY_REGULAR_PROVISIONAL,v0.22_population_ledger
2022,401426618,2022-11-26T20:30:00.000Z,UTSA,UTEP,34,31,False,PRIMARY_REGULAR_PROVISIONAL,v0.22_population_ledger
2022,401404048,2022-11-26T21:00:00.000Z,Colorado,Utah,21,63,False,PRIMARY_REGULAR_PROVISIONAL,v0.22_population_ledger
2022,401404120,2022-11-26T21:00:00.000Z,TCU,Iowa State,62,14,False,PRIMARY_REGULAR_PROVISIONAL,v0.22_population_ledger
2022,401405154,2022-11-26T21:00:00.000Z,Penn State,Michigan State,35,16,False,PRIMARY_REGULAR_PROVISIONAL,v0.22_population_ledger
2022,401426385,2022-11-26T22:00:00.000Z,UL Monroe,Southern Miss,10,20,False,PRIMARY_REGULAR_PROVISIONAL,v0.22_population_ledger
2022,401426386,2022-11-26T22:00:00.000Z,Texas State,Louisiana,13,41,False,PRIMARY_REGULAR_PROVISIONAL,v0.22_population_ledger
2022,401415272,2022-11-26T23:00:00.000Z,UNLV,Nevada,27,22,False,PRIMARY_REGULAR_PROVISIONAL,v0.22_population_ledger
2022,401426382,2022-11-26T23:00:00.000Z,Georgia Southern,Appalachian State,51,48,False,PRIMARY_REGULAR_PROVISIONAL,v0.22_population_ledger
2022,401426614,2022-11-26T23:00:00.000Z,FIU,Middle Tennessee,28,33,False,PRIMARY_REGULAR_PROVISIONAL,v0.22_population_ledger
2022,401403963,2022-11-27T00:00:00.000Z,Texas A&M,LSU,38,23,False,PRIMARY_REGULAR_PROVISIONAL,v0.22_population_ledger
2022,401415667,2022-11-27T00:00:00.000Z,South Florida,UCF,39,46,False,PRIMARY_REGULAR_PROVISIONAL,v0.22_population_ledger
2022,401403964,2022-11-27T00:30:00.000Z,Vanderbilt,Tennessee,0,56,False,PRIMARY_REGULAR_PROVISIONAL,v0.22_population_ledger
2022,401404122,2022-11-27T00:30:00.000Z,Texas Tech,Oklahoma,51,48,False,PRIMARY_REGULAR_PROVISIONAL,v0.22_population_ledger
2022,401404133,2022-11-27T00:30:00.000Z,USC,Notre Dame,38,27,False,PRIMARY_REGULAR_PROVISIONAL,v0.22_population_ledger
2022,401411173,2022-11-27T00:30:00.000Z,Boston College,Syracuse,23,32,False,PRIMARY_REGULAR_PROVISIONAL,v0.22_population_ledger
2022,401415668,2022-11-27T00:30:00.000Z,Houston,Tulsa,30,37,False,PRIMARY_REGULAR_PROVISIONAL,v0.22_population_ledger
2022,401404121,2022-11-27T01:00:00.000Z,Kansas State,Kansas,47,27,False,PRIMARY_REGULAR_PROVISIONAL,v0.22_population_ledger
2022,401411175,2022-11-27T01:00:00.000Z,Miami (FL),Pittsburgh,16,42,False,PRIMARY_REGULAR_PROVISIONAL,v0.22_population_ledger
2022,401415267,2022-11-27T02:00:00.000Z,San Diego State,Air Force,3,13,False,PRIMARY_REGULAR_PROVISIONAL,v0.22_population_ledger
2022,401404051,2022-11-27T03:30:00.000Z,Washington State,Washington,33,51,False,PRIMARY_REGULAR_PROVISIONAL,v0.22_population_ledger
2022,401404049,2022-11-27T04:00:00.000Z,Stanford,BYU,26,35,False,PRIMARY_REGULAR_PROVISIONAL,v0.22_population_ledger
2022,401506450,2022-12-02T18:00:00.000Z,Buffalo,Akron,23,22,False,PRIMARY_REGULAR_PROVISIONAL,v0.22_population_ledger
2022,401437032,2022-12-03T00:30:00.000Z,UTSA,North Texas,48,27,False,CONFERENCE_CHAMPIONSHIP_PENDING,v0.22_population_ledger
2022,401437035,2022-12-03T01:00:00.000Z,USC,Utah,24,47,True,CONFERENCE_CHAMPIONSHIP_PENDING,v0.22_population_ledger
2022,401437030,2022-12-03T17:00:00.000Z,TCU,Kansas State,28,31,True,CONFERENCE_CHAMPIONSHIP_PENDING,v0.22_population_ledger
2022,401437033,2022-12-03T17:00:00.000Z,Ohio,Toledo,7,17,True,CONFERENCE_CHAMPIONSHIP_PENDING,v0.22_population_ledger
2022,401437037,2022-12-03T20:30:00.000Z,Troy,Coastal Carolina,45,26,False,CONFERENCE_CHAMPIONSHIP_PENDING,v0.22_population_ledger
2022,401437008,2022-12-03T21:00:00.000Z,Tulane,UCF,45,28,False,CONFERENCE_CHAMPIONSHIP_PENDING,v0.22_population_ledger
2022,401437034,2022-12-03T21:00:00.000Z,Boise State,Fresno State,16,28,False,CONFERENCE_CHAMPIONSHIP_PENDING,v0.22_population_ledger
2022,401437036,2022-12-03T21:00:00.000Z,Georgia,LSU,50,30,True,CONFERENCE_CHAMPIONSHIP_PENDING,v0.22_population_ledger
2022,401437009,2022-12-04T01:00:00.000Z,North Carolina,Clemson,10,39,True,CONFERENCE_CHAMPIONSHIP_PENDING,v0.22_population_ledger
2022,401437031,2022-12-04T01:00:00.000Z,Michigan,Purdue,43,22,True,CONFERENCE_CHAMPIONSHIP_PENDING,v0.22_population_ledger
2022,401404145,2022-12-10T20:00:00.000Z,Army,Navy,20,17,True,PRIMARY_REGULAR_PROVISIONAL,v0.22_population_ledger
2023,401525434,2023-08-26T18:30:00.000Z,Notre Dame,Navy,42,3,True,PRIMARY_REGULAR_PROVISIONAL,v0.22_population_ledger
2023,401520145,2023-08-26T21:30:00.000Z,Jacksonville State,UTEP,17,14,False,PRIMARY_REGULAR_PROVISIONAL,v0.22_population_ledger
2023,401525450,2023-08-26T23:00:00.000Z,New Mexico State,UMass,30,41,False,PRIMARY_REGULAR_PROVISIONAL,v0.22_population_ledger
2023,401532392,2023-08-26T23:00:00.000Z,San Diego State,Ohio,20,13,False,PRIMARY_REGULAR_PROVISIONAL,v0.22_population_ledger
2023,401520147,2023-08-26T23:30:00.000Z,Vanderbilt,Hawaii,35,28,False,PRIMARY_REGULAR_PROVISIONAL,v0.22_population_ledger
2023,401523986,2023-08-27T00:00:00.000Z,USC,San Jose State,56,28,False,PRIMARY_REGULAR_PROVISIONAL,v0.22_population_ledger
2023,401520146,2023-08-27T01:00:00.000Z,Louisiana Tech,FIU,22,17,False,PRIMARY_REGULAR_PROVISIONAL,v0.22_population_ledger
2023,401525816,2023-08-31T23:00:00.000Z,UCF,Kent State,56,6,False,PRIMARY_REGULAR_PROVISIONAL,v0.22_population_ledger
2023,401520174,2023-08-31T23:30:00.000Z,UConn,NC State,14,24,False,PRIMARY_REGULAR_PROVISIONAL,v0.22_population_ledger
2023,401520148,2023-09-01T00:00:00.000Z,Minnesota,Nebraska,13,10,False,PRIMARY_REGULAR_PROVISIONAL,v0.22_population_ledger
2023,401520176,2023-09-01T00:00:00.000Z,Utah,Florida,24,11,False,PRIMARY_REGULAR_PROVISIONAL,v0.22_population_ledger
2023,401520163,2023-09-01T23:00:00.000Z,Michigan State,Central Michigan,31,7,False,PRIMARY_REGULAR_PROVISIONAL,v0.22_population_ledger
2023,401525463,2023-09-01T23:00:00.000Z,Miami (FL),Miami (OH),38,3,False,PRIMARY_REGULAR_PROVISIONAL,v0.22_population_ledger
2023,401525462,2023-09-01T23:30:00.000Z,Georgia Tech,Louisville,34,39,True,PRIMARY_REGULAR_PROVISIONAL,v0.22_population_ledger
2023,401523988,2023-09-02T03:00:00.000Z,Hawaii,Stanford,24,37,False,PRIMARY_REGULAR_PROVISIONAL,v0.22_population_ledger
2023,401520157,2023-09-02T16:00:00.000Z,Iowa,Utah State,24,14,False,PRIMARY_REGULAR_PROVISIONAL,v0.22_population_ledger
2023,401520159,2023-09-02T16:00:00.000Z,Kentucky,Ball State,44,14,False,PRIMARY_REGULAR_PROVISIONAL,v0.22_population_ledger
2023,401520160,2023-09-02T16:00:00.000Z,Liberty,Bowling Green,34,24,False,PRIMARY_REGULAR_PROVISIONAL,v0.22_population_ledger
2023,401520162,2023-09-02T16:00:00.000Z,Michigan,East Carolina,30,3,False,PRIMARY_REGULAR_PROVISIONAL,v0.22_population_ledger
2023,401520170,2023-09-02T16:00:00.000Z,Purdue,Fresno State,35,39,False,PRIMARY_REGULAR_PROVISIONAL,v0.22_population_ledger
2023,401520172,2023-09-02T16:00:00.000Z,SMU,Louisiana Tech,38,14,False,PRIMARY_REGULAR_PROVISIONAL,v0.22_population_ledger
2023,401520179,2023-09-02T16:00:00.000Z,Tennessee,Virginia,49,13,True,PRIMARY_REGULAR_PROVISIONAL,v0.22_population_ledger
2023,401523994,2023-09-02T16:00:00.000Z,TCU,Colorado,42,45,False,PRIMARY_REGULAR_PROVISIONAL,v0.22_population_ledger
2023,401525464,2023-09-02T16:00:00.000Z,Boston College,Northern Illinois,24,27,False,PRIMARY_REGULAR_PROVISIONAL,v0.22_population_ledger
2023,401525822,2023-09-02T16:00:00.000Z,Oklahoma,Arkansas State,73,0,False,PRIMARY_REGULAR_PROVISIONAL,v0.22_population_ledger
2023,401531387,2023-09-02T18:00:00.000Z,Temple,Akron,24,21,False,PRIMARY_REGULAR_PROVISIONAL,v0.22_population_ledger
2023,401520151,2023-09-02T19:30:00.000Z,Auburn,UMass,59,14,False,PRIMARY_REGULAR_PROVISIONAL,v0.22_population_ledger
2023,401520156,2023-09-02T19:30:00.000Z,Indiana,Ohio State,3,23,False,PRIMARY_REGULAR_PROVISIONAL,v0.22_population_ledger
2023,401520180,2023-09-02T19:30:00.000Z,Wisconsin,Buffalo,38,17,False,PRIMARY_REGULAR_PROVISIONAL,v0.22_population_ledger
2023,401520181,2023-09-02T19:30:00.000Z,Western Kentucky,South Florida,41,24,False,PRIMARY_REGULAR_PROVISIONAL,v0.22_population_ledger
2023,401523997,2023-09-02T19:30:00.000Z,Washington,Boise State,56,19,False,PRIMARY_REGULAR_PROVISIONAL,v0.22_population_ledger
2023,401525824,2023-09-02T19:30:00.000Z,Texas,Rice,37,10,False,PRIMARY_REGULAR_PROVISIONAL,v0.22_population_ledger
2023,401523991,2023-09-02T20:00:00.000Z,North Texas,California,21,58,False,PRIMARY_REGULAR_PROVISIONAL,v0.22_population_ledger
2023,401523996,2023-09-02T22:30:00.000Z,USC,Nevada,66,14,False,PRIMARY_REGULAR_PROVISIONAL,v0.22_population_ledger
2023,401520173,2023-09-02T23:00:00.000Z,Texas A&M,New Mexico,52,10,False,PRIMARY_REGULAR_PROVISIONAL,v0.22_population_ledger
2023,401520175,2023-09-02T23:00:00.000Z,UL Monroe,Army,17,13,False,PRIMARY_REGULAR_PROVISIONAL,v0.22_population_ledger
2023,401523990,2023-09-02T23:00:00.000Z,Colorado State,Washington State,24,50,False,PRIMARY_REGULAR_PROVISIONAL,v0.22_population_ledger
2023,401525817,2023-09-02T23:00:00.000Z,Baylor,Texas State,31,42,False,PRIMARY_REGULAR_PROVISIONAL,v0.22_population_ledger
2023,401525819,2023-09-02T23:00:00.000Z,Houston,UTSA,17,14,False,PRIMARY_REGULAR_PROVISIONAL,v0.22_population_ledger
2023,401520149,2023-09-02T23:30:00.000Z,Alabama,Middle Tennessee,56,7,False,PRIMARY_REGULAR_PROVISIONAL,v0.22_population_ledger
2023,401520155,2023-09-02T23:30:00.000Z,Illinois,Toledo,30,28,False,PRIMARY_REGULAR_PROVISIONAL,v0.22_population_ledger
2023,401520167,2023-09-02T23:30:00.000Z,North Carolina,South Carolina,31,17,True,PRIMARY_REGULAR_PROVISIONAL,v0.22_population_ledger
2023,401520169,2023-09-02T23:30:00.000Z,Penn State,West Virginia,38,15,False,PRIMARY_REGULAR_PROVISIONAL,v0.22_population_ledger
2023,401525825,2023-09-02T23:30:00.000Z,Wyoming,Texas Tech,35,33,False,PRIMARY_REGULAR_PROVISIONAL,v0.22_population_ledger
2023,401525467,2023-09-03T00:00:00.000Z,Virginia Tech,Old Dominion,36,17,False,PRIMARY_REGULAR_PROVISIONAL,v0.22_population_ledger
2023,401531347,2023-09-03T00:00:00.000Z,Tulane,South Alabama,37,17,False,PRIMARY_REGULAR_PROVISIONAL,v0.22_population_ledger
2023,401520152,2023-09-03T02:15:00.000Z,BYU,Sam Houston,14,0,False,PRIMARY_REGULAR_PROVISIONAL,v0.22_population_ledger
2023,401523995,2023-09-03T02:30:00.000Z,UCLA,Coastal Carolina,27,13,False,PRIMARY_REGULAR_PROVISIONAL,v0.22_population_ledger
2023,401520171,2023-09-03T16:00:00.000Z,Rutgers,Northwestern,24,7,False,PRIMARY_REGULAR_PROVISIONAL,v0.22_population_ledger
2023,401532573,2023-09-03T19:30:00.000Z,San Jose State,Oregon State,17,42,False,PRIMARY_REGULAR_PROVISIONAL,v0.22_population_ledger
2023,401520182,2023-09-03T23:30:00.000Z,Florida State,LSU,45,24,True,PRIMARY_REGULAR_PROVISIONAL,v0.22_population_ledger
2023,401525468,2023-09-05T00:00:00.000Z,Duke,Clemson,28,7,False,PRIMARY_REGULAR_PROVISIONAL,v0.22_population_ledger
2023,401520195,2023-09-08T23:30:00.000Z,Kansas,Illinois,34,23,False,PRIMARY_REGULAR_PROVISIONAL,v0.22_population_ledger
2023,401520216,2023-09-09T15:00:00.000Z,Wake Forest,Vanderbilt,36,20,False,PRIMARY_REGULAR_PROVISIONAL,v0.22_population_ledger
2023,401520188,2023-09-09T16:00:00.000Z,Colorado,Nebraska,36,14,False,PRIMARY_REGULAR_PROVISIONAL,v0.22_population_ledger
2023,401520191,2023-09-09T16:00:00.000Z,Georgia,Ball State,45,3,False,PRIMARY_REGULAR_PROVISIONAL,v0.22_population_ledger
2023,401520215,2023-09-09T16:00:00.000Z,Virginia Tech,Purdue,17,24,False,PRIMARY_REGULAR_PROVISIONAL,v0.22_population_ledger
2023,401523999,2023-09-09T16:00:00.000Z,Baylor,Utah,13,20,False,PRIMARY_REGULAR_PROVISIONAL,v0.22_population_ledger
2023,401525436,2023-09-09T16:00:00.000Z,NC State,Notre Dame,24,45,False,PRIMARY_REGULAR_PROVISIONAL,v0.22_population_ledger
2023,401525498,2023-09-09T16:00:00.000Z,Virginia,James Madison,35,36,False,PRIMARY_REGULAR_PROVISIONAL,v0.22_population_ledger
2023,401525829,2023-09-09T16:00:00.000Z,Kansas State,Troy,42,13,False,PRIMARY_REGULAR_PROVISIONAL,v0.22_population_ledger
2023,401520194,2023-09-09T19:30:00.000Z,Iowa State,Iowa,13,20,False,PRIMARY_REGULAR_PROVISIONAL,v0.22_population_ledger
2023,401520201,2023-09-09T19:30:00.000Z,Miami (FL),Texas A&M,48,33,False,PRIMARY_REGULAR_PROVISIONAL,v0.22_population_ledger
2023,401520202,2023-09-09T19:30:00.000Z,Michigan,UNLV,35,7,False,PRIMARY_REGULAR_PROVISIONAL,v0.22_population_ledger
2023,401520207,2023-09-09T19:30:00.000Z,Northwestern,UTEP,38,7,False,PRIMARY_REGULAR_PROVISIONAL,v0.22_population_ledger
2023,401520214,2023-09-09T19:30:00.000Z,Tulane,Ole Miss,20,37,False,PRIMARY_REGULAR_PROVISIONAL,v0.22_population_ledger
2023,401525497,2023-09-09T19:30:00.000Z,Syracuse,Western Michigan,48,7,False,PRIMARY_REGULAR_PROVISIONAL,v0.22_population_ledger
2023,401526833,2023-09-09T19:30:00.000Z,UMass,Miami (OH),28,41,False,PRIMARY_REGULAR_PROVISIONAL,v0.22_population_ledger
2023,401531395,2023-09-09T19:30:00.000Z,UTSA,Texas State,20,13,False,PRIMARY_REGULAR_PROVISIONAL,v0.22_population_ledger
2023,401520184,2023-09-09T20:00:00.000Z,Arkansas,Kent State,28,6,False,PRIMARY_REGULAR_PROVISIONAL,v0.22_population_ledger
2023,401531411,2023-09-09T20:00:00.000Z,East Carolina,Marshall,13,31,False,PRIMARY_REGULAR_PROVISIONAL,v0.22_population_ledger
2023,401524004,2023-09-09T21:00:00.000Z,Washington,Tulsa,43,10,False,PRIMARY_REGULAR_PROVISIONAL,v0.22_population_ledger
2023,401525495,2023-09-09T21:15:00.000Z,North Carolina,Appalachian State,40,34,False,PRIMARY_REGULAR_PROVISIONAL,v0.22_population_ledger
2023,401520198,2023-09-09T22:00:00.000Z,Liberty,New Mexico State,33,17,False,PRIMARY_REGULAR_PROVISIONAL,v0.22_population_ledger
2023,401525830,2023-09-09T22:00:00.000Z,Oklahoma,SMU,28,11,False,PRIMARY_REGULAR_PROVISIONAL,v0.22_population_ledger
2023,401531378,2023-09-09T22:00:00.000Z,Georgia Southern,UAB,49,35,False,PRIMARY_REGULAR_PROVISIONAL,v0.22_population_ledger
2023,401531419,2023-09-09T22:00:00.000Z,Florida Atlantic,Ohio,10,17,False,PRIMARY_REGULAR_PROVISIONAL,v0.22_population_ledger
2023,401531842,2023-09-09T22:00:00.000Z,Old Dominion,Louisiana,38,31,False,PRIMARY_REGULAR_PROVISIONAL,v0.22_population_ledger
2023,401520189,2023-09-09T22:30:00.000Z,FIU,North Texas,46,39,False,PRIMARY_REGULAR_PROVISIONAL,v0.22_population_ledger
2023,401525496,2023-09-09T22:30:00.000Z,Pittsburgh,Cincinnati,21,27,False,PRIMARY_REGULAR_PROVISIONAL,v0.22_population_ledger
2023,401520183,2023-09-09T23:00:00.000Z,Alabama,Texas,24,34,False,PRIMARY_REGULAR_PROVISIONAL,v0.22_population_ledger
2023,401520187,2023-09-09T23:00:00.000Z,Coastal Carolina,Jacksonville State,30,16,False,PRIMARY_REGULAR_PROVISIONAL,v0.22_population_ledger
2023,401520192,2023-09-09T23:00:00.000Z,Georgia State,UConn,35,14,False,PRIMARY_REGULAR_PROVISIONAL,v0.22_population_ledger
2023,401520206,2023-09-09T23:00:00.000Z,Missouri,Middle Tennessee,23,19,False,PRIMARY_REGULAR_PROVISIONAL,v0.22_population_ledger
2023,401524002,2023-09-09T23:00:00.000Z,Texas Tech,Oregon,30,38,False,PRIMARY_REGULAR_PROVISIONAL,v0.22_population_ledger
2023,401525827,2023-09-09T23:00:00.000Z,Boise State,UCF,16,18,False,PRIMARY_REGULAR_PROVISIONAL,v0.22_population_ledger
2023,401525831,2023-09-09T23:00:00.000Z,Rice,Houston,43,41,False,PRIMARY_REGULAR_PROVISIONAL,v0.22_population_ledger
2023,401531427,2023-09-09T23:00:00.000Z,Arkansas State,Memphis,3,37,False,PRIMARY_REGULAR_PROVISIONAL,v0.22_population_ledger
2023,401520200,2023-09-09T23:30:00.000Z,Maryland,Charlotte,38,20,False,PRIMARY_REGULAR_PROVISIONAL,v0.22_population_ledger
2023,401520204,2023-09-09T23:30:00.000Z,Minnesota,Eastern Michigan,25,6,False,PRIMARY_REGULAR_PROVISIONAL,v0.22_population_ledger
2023,401520205,2023-09-09T23:30:00.000Z,Mississippi State,Arizona,31,24,False,PRIMARY_REGULAR_PROVISIONAL,v0.22_population_ledger
2023,401520210,2023-09-09T23:30:00.000Z,Rutgers,Temple,36,7,False,PRIMARY_REGULAR_PROVISIONAL,v0.22_population_ledger
2023,401520217,2023-09-09T23:30:00.000Z,Washington State,Wisconsin,31,22,False,PRIMARY_REGULAR_PROVISIONAL,v0.22_population_ledger
2023,401524001,2023-09-09T23:30:00.000Z,San Diego State,UCLA,10,35,False,PRIMARY_REGULAR_PROVISIONAL,v0.22_population_ledger
2023,401520211,2023-09-10T00:00:00.000Z,Sam Houston,Air Force,3,13,True,PRIMARY_REGULAR_PROVISIONAL,v0.22_population_ledger
2023,401525493,2023-09-10T00:30:00.000Z,Florida State,Southern Miss,66,13,False,PRIMARY_REGULAR_PROVISIONAL,v0.22_population_ledger
2023,401520186,2023-09-10T02:30:00.000Z,California,Auburn,10,14,False,PRIMARY_REGULAR_PROVISIONAL,v0.22_population_ledger
2023,401523998,2023-09-10T02:30:00.000Z,Arizona State,Oklahoma State,15,27,False,PRIMARY_REGULAR_PROVISIONAL,v0.22_population_ledger
2023,401524003,2023-09-10T02:30:00.000Z,USC,Stanford,56,10,False,PRIMARY_REGULAR_PROVISIONAL,v0.22_population_ledger
2023,401531428,2023-09-14T23:30:00.000Z,Memphis,Navy,28,24,False,PRIMARY_REGULAR_PROVISIONAL,v0.22_population_ledger
2023,401520231,2023-09-15T23:00:00.000Z,Maryland,Virginia,42,14,False,PRIMARY_REGULAR_PROVISIONAL,v0.22_population_ledger
2023,401531396,2023-09-15T23:00:00.000Z,UTSA,Army,29,37,False,PRIMARY_REGULAR_PROVISIONAL,v0.22_population_ledger
2023,401532581,2023-09-16T00:00:00.000Z,Air Force,Utah State,39,21,False,PRIMARY_REGULAR_PROVISIONAL,v0.22_population_ledger
2023,401520222,2023-09-16T16:00:00.000Z,Buffalo,Liberty,27,55,False,PRIMARY_REGULAR_PROVISIONAL,v0.22_population_ledger
2023,401520226,2023-09-16T16:00:00.000Z,Illinois,Penn State,13,30,False,PRIMARY_REGULAR_PROVISIONAL,v0.22_population_ledger
2023,401520230,2023-09-16T16:00:00.000Z,Indiana,Louisville,14,21,True,PRIMARY_REGULAR_PROVISIONAL,v0.22_population_ledger
2023,401520235,2023-09-16T16:00:00.000Z,Mississippi State,LSU,14,41,False,PRIMARY_REGULAR_PROVISIONAL,v0.22_population_ledger
2023,401520236,2023-09-16T16:00:00.000Z,Missouri,Kansas State,30,27,False,PRIMARY_REGULAR_PROVISIONAL,v0.22_population_ledger
2023,401520249,2023-09-16T16:00:00.000Z,Wisconsin,Georgia Southern,35,14,False,PRIMARY_REGULAR_PROVISIONAL,v0.22_population_ledger
2023,401525500,2023-09-16T16:00:00.000Z,Boston College,Florida State,29,31,False,PRIMARY_REGULAR_PROVISIONAL,v0.22_population_ledger
2023,401525504,2023-09-16T16:00:00.000Z,Old Dominion,Wake Forest,24,27,False,PRIMARY_REGULAR_PROVISIONAL,v0.22_population_ledger
2023,401525838,2023-09-16T16:00:00.000Z,Ohio,Iowa State,10,7,False,PRIMARY_REGULAR_PROVISIONAL,v0.22_population_ledger
2023,401526834,2023-09-16T18:00:00.000Z,Eastern Michigan,UMass,19,17,False,PRIMARY_REGULAR_PROVISIONAL,v0.22_population_ledger
2023,401525437,2023-09-16T18:30:00.000Z,Notre Dame,Central Michigan,41,17,False,PRIMARY_REGULAR_PROVISIONAL,v0.22_population_ledger
2023,401520223,2023-09-16T19:30:00.000Z,Duke,Northwestern,38,14,False,PRIMARY_REGULAR_PROVISIONAL,v0.22_population_ledger
2023,401520225,2023-09-16T19:30:00.000Z,Georgia,South Carolina,24,14,False,PRIMARY_REGULAR_PROVISIONAL,v0.22_population_ledger
2023,401520227,2023-09-16T19:30:00.000Z,Iowa,Western Michigan,41,10,False,PRIMARY_REGULAR_PROVISIONAL,v0.22_population_ledger
2023,401520239,2023-09-16T19:30:00.000Z,North Carolina,Minnesota,31,13,False,PRIMARY_REGULAR_PROVISIONAL,v0.22_population_ledger
2023,401520243,2023-09-16T19:30:00.000Z,Rutgers,Virginia Tech,35,16,False,PRIMARY_REGULAR_PROVISIONAL,v0.22_population_ledger
2023,401520244,2023-09-16T19:30:00.000Z,South Florida,Alabama,3,17,False,PRIMARY_REGULAR_PROVISIONAL,v0.22_population_ledger
2023,401520246,2023-09-16T19:30:00.000Z,UConn,FIU,17,24,False,PRIMARY_REGULAR_PROVISIONAL,v0.22_population_ledger
2023,401524009,2023-09-16T19:30:00.000Z,Oregon State,San Diego State,26,9,False,PRIMARY_REGULAR_PROVISIONAL,v0.22_population_ledger
2023,401525842,2023-09-16T19:30:00.000Z,Tulsa,Oklahoma,17,66,False,PRIMARY_REGULAR_PROVISIONAL,v0.22_population_ledger
2023,401531412,2023-09-16T19:30:00.000Z,Appalachian State,East Carolina,43,28,False,PRIMARY_REGULAR_PROVISIONAL,v0.22_population_ledger
2023,401520240,2023-09-16T20:00:00.000Z,Ohio State,Western Kentucky,63,10,False,PRIMARY_REGULAR_PROVISIONAL,v0.22_population_ledger
2023,401520245,2023-09-16T20:00:00.000Z,Texas A&M,UL Monroe,47,3,False,PRIMARY_REGULAR_PROVISIONAL,v0.22_population_ledger
2023,401531348,2023-09-16T20:00:00.000Z,Southern Miss,Tulane,3,21,False,PRIMARY_REGULAR_PROVISIONAL,v0.22_population_ledger
2023,401520233,2023-09-16T21:00:00.000Z,Michigan State,Washington,7,41,False,PRIMARY_REGULAR_PROVISIONAL,v0.22_population_ledger
2023,401531403,2023-09-16T22:00:00.000Z,Charlotte,Georgia State,25,41,False,PRIMARY_REGULAR_PROVISIONAL,v0.22_population_ledger
2023,401520224,2023-09-16T23:00:00.000Z,Florida,Tennessee,29,16,False,PRIMARY_REGULAR_PROVISIONAL,v0.22_population_ledger
2023,401520229,2023-09-16T23:00:00.000Z,Louisiana Tech,North Texas,37,40,False,PRIMARY_REGULAR_PROVISIONAL,v0.22_population_ledger
2023,401520237,2023-09-16T23:00:00.000Z,Nebraska,Northern Illinois,35,11,False,PRIMARY_REGULAR_PROVISIONAL,v0.22_population_ledger
2023,401520247,2023-09-16T23:00:00.000Z,UNLV,Vanderbilt,40,37,False,PRIMARY_REGULAR_PROVISIONAL,v0.22_population_ledger
2023,401525835,2023-09-16T23:00:00.000Z,Cincinnati,Miami (OH),24,31,False,PRIMARY_REGULAR_PROVISIONAL,v0.22_population_ledger
2023,401525839,2023-09-16T23:00:00.000Z,Oklahoma State,South Alabama,7,33,False,PRIMARY_REGULAR_PROVISIONAL,v0.22_population_ledger
2023,401531379,2023-09-16T23:00:00.000Z,UAB,Louisiana,21,41,False,PRIMARY_REGULAR_PROVISIONAL,v0.22_population_ledger
2023,401531848,2023-09-16T23:00:00.000Z,Troy,James Madison,14,16,False,PRIMARY_REGULAR_PROVISIONAL,v0.22_population_ledger
2023,401532403,2023-09-16T23:00:00.000Z,Toledo,San Jose State,21,17,False,PRIMARY_REGULAR_PROVISIONAL,v0.22_population_ledger
2023,401520220,2023-09-16T23:30:00.000Z,Arkansas,BYU,31,38,False,PRIMARY_REGULAR_PROVISIONAL,v0.22_population_ledger
2023,401520228,2023-09-16T23:30:00.000Z,Kentucky,Akron,35,3,False,PRIMARY_REGULAR_PROVISIONAL,v0.22_population_ledger
2023,401520232,2023-09-16T23:30:00.000Z,Michigan,Bowling Green,31,6,False,PRIMARY_REGULAR_PROVISIONAL,v0.22_population_ledger
2023,401520241,2023-09-16T23:30:00.000Z,Ole Miss,Georgia Tech,48,23,False,PRIMARY_REGULAR_PROVISIONAL,v0.22_population_ledger
2023,401520242,2023-09-16T23:30:00.000Z,Purdue,Syracuse,20,35,False,PRIMARY_REGULAR_PROVISIONAL,v0.22_population_ledger
2023,401525503,2023-09-16T23:30:00.000Z,West Virginia,Pittsburgh,17,6,False,PRIMARY_REGULAR_PROVISIONAL,v0.22_population_ledger
2023,401520238,2023-09-17T00:00:00.000Z,New Mexico,New Mexico State,17,27,False,PRIMARY_REGULAR_PROVISIONAL,v0.22_population_ledger
2023,401524008,2023-09-17T00:00:00.000Z,Oregon,Hawaii,55,10,False,PRIMARY_REGULAR_PROVISIONAL,v0.22_population_ledger
2023,401525501,2023-09-17T00:00:00.000Z,Clemson,Florida Atlantic,48,14,False,PRIMARY_REGULAR_PROVISIONAL,v0.22_population_ledger
2023,401525836,2023-09-17T00:00:00.000Z,Houston,TCU,13,36,False,PRIMARY_REGULAR_PROVISIONAL,v0.22_population_ledger
2023,401525840,2023-09-17T00:00:00.000Z,Texas,Wyoming,31,10,False,PRIMARY_REGULAR_PROVISIONAL,v0.22_population_ledger
2023,401524007,2023-09-17T02:00:00.000Z,Colorado,Colorado State,43,35,False,PRIMARY_REGULAR_PROVISIONAL,v0.22_population_ledger
2023,401524005,2023-09-17T02:30:00.000Z,Arizona State,Fresno State,0,29,False,PRIMARY_REGULAR_PROVISIONAL,v0.22_population_ledger
2023,401525837,2023-09-17T02:30:00.000Z,Nevada,Kansas,24,31,False,PRIMARY_REGULAR_PROVISIONAL,v0.22_population_ledger
2023,401520219,2023-09-17T03:00:00.000Z,Arizona,UTEP,31,10,False,PRIMARY_REGULAR_PROVISIONAL,v0.22_population_ledger
2023,401531849,2023-09-21T23:30:00.000Z,Coastal Carolina,Georgia State,17,30,False,PRIMARY_REGULAR_PROVISIONAL,v0.22_population_ledger
2023,401520266,2023-09-22T23:00:00.000Z,Purdue,Wisconsin,17,38,False,PRIMARY_REGULAR_PROVISIONAL,v0.22_population_ledger
2023,401525505,2023-09-22T23:30:00.000Z,Virginia,NC State,21,24,False,PRIMARY_REGULAR_PROVISIONAL,v0.22_population_ledger
2023,401532583,2023-09-23T02:30:00.000Z,San Diego State,Boise State,31,34,False,PRIMARY_REGULAR_PROVISIONAL,v0.22_population_ledger
2023,401532584,2023-09-23T02:30:00.000Z,San Jose State,Air Force,20,45,False,PRIMARY_REGULAR_PROVISIONAL,v0.22_population_ledger
2023,401520260,2023-09-23T16:00:00.000Z,Michigan,Rutgers,31,7,False,PRIMARY_REGULAR_PROVISIONAL,v0.22_population_ledger
2023,401520268,2023-09-23T16:00:00.000Z,Syracuse,Army,29,16,False,PRIMARY_REGULAR_PROVISIONAL,v0.22_population_ledger
2023,401520270,2023-09-23T16:00:00.000Z,Texas A&M,Auburn,27,10,False,PRIMARY_REGULAR_PROVISIONAL,v0.22_population_ledger
2023,401520271,2023-09-23T16:00:00.000Z,Troy,Western Kentucky,27,24,False,PRIMARY_REGULAR_PROVISIONAL,v0.22_population_ledger
2023,401520274,2023-09-23T16:00:00.000Z,Vanderbilt,Kentucky,28,45,False,PRIMARY_REGULAR_PROVISIONAL,v0.22_population_ledger
2023,401525507,2023-09-23T16:00:00.000Z,Clemson,Florida State,24,31,False,PRIMARY_REGULAR_PROVISIONAL,v0.22_population_ledger
2023,401525511,2023-09-23T16:00:00.000Z,Marshall,Virginia Tech,24,17,False,PRIMARY_REGULAR_PROVISIONAL,v0.22_population_ledger
2023,401525845,2023-09-23T16:00:00.000Z,Cincinnati,Oklahoma,6,20,False,PRIMARY_REGULAR_PROVISIONAL,v0.22_population_ledger
2023,401525849,2023-09-23T16:00:00.000Z,TCU,SMU,34,17,False,PRIMARY_REGULAR_PROVISIONAL,v0.22_population_ledger
2023,401531338,2023-09-23T16:00:00.000Z,Northern Illinois,Tulsa,14,22,False,PRIMARY_REGULAR_PROVISIONAL,v0.22_population_ledger
2023,401532406,2023-09-23T17:30:00.000Z,Toledo,Western Michigan,49,31,False,PRIMARY_REGULAR_PROVISIONAL,v0.22_population_ledger
2023,401531871,2023-09-23T18:00:00.000Z,Ball State,Georgia Southern,3,40,False,PRIMARY_REGULAR_PROVISIONAL,v0.22_population_ledger
2023,401520250,2023-09-23T19:30:00.000Z,Alabama,Ole Miss,24,10,False,PRIMARY_REGULAR_PROVISIONAL,v0.22_population_ledger
2023,401520255,2023-09-23T19:30:00.000Z,Illinois,Florida Atlantic,23,17,False,PRIMARY_REGULAR_PROVISIONAL,v0.22_population_ledger
2023,401520261,2023-09-23T19:30:00.000Z,Michigan State,Maryland,9,31,False,PRIMARY_REGULAR_PROVISIONAL,v0.22_population_ledger
2023,401520263,2023-09-23T19:30:00.000Z,Nebraska,Louisiana Tech,28,14,False,PRIMARY_REGULAR_PROVISIONAL,v0.22_population_ledger
2023,401520272,2023-09-23T19:30:00.000Z,UConn,Duke,7,41,False,PRIMARY_REGULAR_PROVISIONAL,v0.22_population_ledger
2023,401524015,2023-09-23T19:30:00.000Z,Oregon,Colorado,42,6,False,PRIMARY_REGULAR_PROVISIONAL,v0.22_population_ledger
2023,401524017,2023-09-23T19:30:00.000Z,Utah,UCLA,14,7,False,PRIMARY_REGULAR_PROVISIONAL,v0.22_population_ledger
2023,401525506,2023-09-23T19:30:00.000Z,Louisville,Boston College,56,28,False,PRIMARY_REGULAR_PROVISIONAL,v0.22_population_ledger
2023,401525509,2023-09-23T19:30:00.000Z,Temple,Miami (FL),7,41,False,PRIMARY_REGULAR_PROVISIONAL,v0.22_population_ledger
2023,401525847,2023-09-23T19:30:00.000Z,Kansas,BYU,38,27,False,PRIMARY_REGULAR_PROVISIONAL,v0.22_population_ledger
2023,401525850,2023-09-23T19:30:00.000Z,West Virginia,Texas Tech,20,13,False,PRIMARY_REGULAR_PROVISIONAL,v0.22_population_ledger
2023,401526835,2023-09-23T19:30:00.000Z,UMass,New Mexico,31,34,False,PRIMARY_REGULAR_PROVISIONAL,v0.22_population_ledger
2023,401532405,2023-09-23T19:30:00.000Z,Bowling Green,Ohio,7,38,False,PRIMARY_REGULAR_PROVISIONAL,v0.22_population_ledger
2023,401520269,2023-09-23T20:00:00.000Z,Tennessee,UTSA,45,14,False,PRIMARY_REGULAR_PROVISIONAL,v0.22_population_ledger
2023,401525846,2023-09-23T20:00:00.000Z,Iowa State,Oklahoma State,34,27,False,PRIMARY_REGULAR_PROVISIONAL,v0.22_population_ledger
2023,401531423,2023-09-23T20:00:00.000Z,South Florida,Rice,42,29,False,PRIMARY_REGULAR_PROVISIONAL,v0.22_population_ledger
2023,401520257,2023-09-23T21:00:00.000Z,Jacksonville State,Eastern Michigan,21,0,False,PRIMARY_REGULAR_PROVISIONAL,v0.22_population_ledger
2023,401531876,2023-09-23T21:00:00.000Z,South Alabama,Central Michigan,30,34,False,PRIMARY_REGULAR_PROVISIONAL,v0.22_population_ledger
2023,401520275,2023-09-23T22:30:00.000Z,FIU,Liberty,6,38,False,PRIMARY_REGULAR_PROVISIONAL,v0.22_population_ledger
2023,401525508,2023-09-23T22:30:00.000Z,Wake Forest,Georgia Tech,16,30,False,PRIMARY_REGULAR_PROVISIONAL,v0.22_population_ledger
2023,401520251,2023-09-23T23:00:00.000Z,Florida,Charlotte,22,7,False,PRIMARY_REGULAR_PROVISIONAL,v0.22_population_ledger
2023,401520254,2023-09-23T23:00:00.000Z,Houston,Sam Houston,38,7,False,PRIMARY_REGULAR_PROVISIONAL,v0.22_population_ledger
2023,401520258,2023-09-23T23:00:00.000Z,LSU,Arkansas,34,31,False,PRIMARY_REGULAR_PROVISIONAL,v0.22_population_ledger
2023,401520262,2023-09-23T23:00:00.000Z,Middle Tennessee,Colorado State,23,31,False,PRIMARY_REGULAR_PROVISIONAL,v0.22_population_ledger
2023,401524016,2023-09-23T23:00:00.000Z,Stanford,Arizona,20,21,False,PRIMARY_REGULAR_PROVISIONAL,v0.22_population_ledger
2023,401524019,2023-09-23T23:00:00.000Z,Washington State,Oregon State,38,35,False,PRIMARY_REGULAR_PROVISIONAL,v0.22_population_ledger
2023,401531870,2023-09-23T23:00:00.000Z,Wyoming,Appalachian State,22,19,False,PRIMARY_REGULAR_PROVISIONAL,v0.22_population_ledger
2023,401531874,2023-09-23T23:00:00.000Z,Arkansas State,Southern Miss,44,37,False,PRIMARY_REGULAR_PROVISIONAL,v0.22_population_ledger
2023,401531877,2023-09-23T23:00:00.000Z,Texas State,Nevada,35,24,False,PRIMARY_REGULAR_PROVISIONAL,v0.22_population_ledger
2023,401520252,2023-09-23T23:30:00.000Z,Georgia,UAB,49,21,False,PRIMARY_REGULAR_PROVISIONAL,v0.22_population_ledger
2023,401520256,2023-09-23T23:30:00.000Z,Indiana,Akron,29,27,False,PRIMARY_REGULAR_PROVISIONAL,v0.22_population_ledger
2023,401520259,2023-09-23T23:30:00.000Z,Missouri,Memphis,34,27,True,PRIMARY_REGULAR_PROVISIONAL,v0.22_population_ledger
2023,401520264,2023-09-23T23:30:00.000Z,Northwestern,Minnesota,37,34,False,PRIMARY_REGULAR_PROVISIONAL,v0.22_population_ledger
2023,401520265,2023-09-23T23:30:00.000Z,Penn State,Iowa,31,0,False,PRIMARY_REGULAR_PROVISIONAL,v0.22_population_ledger
2023,401520267,2023-09-23T23:30:00.000Z,South Carolina,Mississippi State,37,30,False,PRIMARY_REGULAR_PROVISIONAL,v0.22_population_ledger
2023,401521330,2023-09-23T23:30:00.000Z,Notre Dame,Ohio State,14,17,False,PRIMARY_REGULAR_PROVISIONAL,v0.22_population_ledger
2023,401525844,2023-09-23T23:30:00.000Z,Baylor,Texas,6,38,False,PRIMARY_REGULAR_PROVISIONAL,v0.22_population_ledger
2023,401531875,2023-09-23T23:30:00.000Z,Louisiana,Buffalo,45,38,False,PRIMARY_REGULAR_PROVISIONAL,v0.22_population_ledger
2023,401525510,2023-09-24T00:00:00.000Z,Pittsburgh,North Carolina,24,41,False,PRIMARY_REGULAR_PROVISIONAL,v0.22_population_ledger
2023,401525848,2023-09-24T00:00:00.000Z,Kansas State,UCF,44,31,False,PRIMARY_REGULAR_PROVISIONAL,v0.22_population_ledger
2023,401531872,2023-09-24T00:00:00.000Z,Utah State,James Madison,38,45,False,PRIMARY_REGULAR_PROVISIONAL,v0.22_population_ledger
2023,401520273,2023-09-24T01:00:00.000Z,UTEP,UNLV,28,45,False,PRIMARY_REGULAR_PROVISIONAL,v0.22_population_ledger
2023,401524014,2023-09-24T02:30:00.000Z,Arizona State,USC,28,42,False,PRIMARY_REGULAR_PROVISIONAL,v0.22_population_ledger
2023,401524018,2023-09-24T02:30:00.000Z,Washington,California,59,32,False,PRIMARY_REGULAR_PROVISIONAL,v0.22_population_ledger
2023,401532407,2023-09-24T02:30:00.000Z,Fresno State,Kent State,53,10,False,PRIMARY_REGULAR_PROVISIONAL,v0.22_population_ledger
2023,401520253,2023-09-24T03:59:00.000Z,Hawaii,New Mexico State,20,17,False,PRIMARY_REGULAR_PROVISIONAL,v0.22_population_ledger
2023,401520277,2023-09-28T23:30:00.000Z,Western Kentucky,Middle Tennessee,31,10,False,PRIMARY_REGULAR_PROVISIONAL,v0.22_population_ledger
2023,401531339,2023-09-28T23:30:00.000Z,Tulsa,Temple,48,26,False,PRIMARY_REGULAR_PROVISIONAL,v0.22_population_ledger
2023,401520276,2023-09-29T00:00:00.000Z,Sam Houston,Jacksonville State,28,35,False,PRIMARY_REGULAR_PROVISIONAL,v0.22_population_ledger
2023,401525512,2023-09-29T23:00:00.000Z,NC State,Louisville,10,13,False,PRIMARY_REGULAR_PROVISIONAL,v0.22_population_ledger
2023,401520278,2023-09-30T01:00:00.000Z,UTEP,Louisiana Tech,10,24,False,PRIMARY_REGULAR_PROVISIONAL,v0.22_population_ledger
2023,401524020,2023-09-30T01:00:00.000Z,Oregon State,Utah,21,7,False,PRIMARY_REGULAR_PROVISIONAL,v0.22_population_ledger
2023,401525851,2023-09-30T02:15:00.000Z,BYU,Cincinnati,35,27,False,PRIMARY_REGULAR_PROVISIONAL,v0.22_population_ledger
2023,401520279,2023-09-30T16:00:00.000Z,Arkansas,Texas A&M,22,34,True,PRIMARY_REGULAR_PROVISIONAL,v0.22_population_ledger
2023,401520282,2023-09-30T16:00:00.000Z,Kentucky,Florida,33,14,False,PRIMARY_REGULAR_PROVISIONAL,v0.22_population_ledger
2023,401520284,2023-09-30T16:00:00.000Z,Minnesota,Louisiana,35,24,False,PRIMARY_REGULAR_PROVISIONAL,v0.22_population_ledger
2023,401520287,2023-09-30T16:00:00.000Z,Northwestern,Penn State,13,41,False,PRIMARY_REGULAR_PROVISIONAL,v0.22_population_ledger
2023,401520292,2023-09-30T16:00:00.000Z,UConn,Utah State,33,34,False,PRIMARY_REGULAR_PROVISIONAL,v0.22_population_ledger
2023,401524023,2023-09-30T16:00:00.000Z,Colorado,USC,41,48,False,PRIMARY_REGULAR_PROVISIONAL,v0.22_population_ledger
2023,401525514,2023-09-30T16:00:00.000Z,Syracuse,Clemson,14,31,False,PRIMARY_REGULAR_PROVISIONAL,v0.22_population_ledger
2023,401531370,2023-09-30T16:00:00.000Z,Tulane,UAB,35,23,False,PRIMARY_REGULAR_PROVISIONAL,v0.22_population_ledger
2023,401531880,2023-09-30T16:00:00.000Z,James Madison,South Alabama,31,23,False,PRIMARY_REGULAR_PROVISIONAL,v0.22_population_ledger
2023,401532412,2023-09-30T16:00:00.000Z,Akron,Buffalo,10,13,False,PRIMARY_REGULAR_PROVISIONAL,v0.22_population_ledger
2023,401532410,2023-09-30T17:30:00.000Z,Central Michigan,Eastern Michigan,26,23,False,PRIMARY_REGULAR_PROVISIONAL,v0.22_population_ledger
2023,401525513,2023-09-30T18:00:00.000Z,Boston College,Virginia,27,24,False,PRIMARY_REGULAR_PROVISIONAL,v0.22_population_ledger
2023,401532413,2023-09-30T18:30:00.000Z,Kent State,Miami (OH),3,23,False,PRIMARY_REGULAR_PROVISIONAL,v0.22_population_ledger
2023,401524022,2023-09-30T19:00:00.000Z,California,Arizona State,24,21,False,PRIMARY_REGULAR_PROVISIONAL,v0.22_population_ledger
2023,401520280,2023-09-30T19:30:00.000Z,Auburn,Georgia,20,27,False,PRIMARY_REGULAR_PROVISIONAL,v0.22_population_ledger
2023,401520283,2023-09-30T19:30:00.000Z,Maryland,Indiana,44,17,False,PRIMARY_REGULAR_PROVISIONAL,v0.22_population_ledger
2023,401520286,2023-09-30T19:30:00.000Z,Nebraska,Michigan,7,45,False,PRIMARY_REGULAR_PROVISIONAL,v0.22_population_ledger
2023,401520289,2023-09-30T19:30:00.000Z,Purdue,Illinois,44,19,False,PRIMARY_REGULAR_PROVISIONAL,v0.22_population_ledger
2023,401525515,2023-09-30T19:30:00.000Z,Georgia Tech,Bowling Green,27,38,False,PRIMARY_REGULAR_PROVISIONAL,v0.22_population_ledger
2023,401525854,2023-09-30T19:30:00.000Z,Texas,Kansas,40,14,False,PRIMARY_REGULAR_PROVISIONAL,v0.22_population_ledger
2023,401525855,2023-09-30T19:30:00.000Z,Texas Tech,Houston,49,28,False,PRIMARY_REGULAR_PROVISIONAL,v0.22_population_ledger
2023,401525856,2023-09-30T19:30:00.000Z,UCF,Baylor,35,36,False,PRIMARY_REGULAR_PROVISIONAL,v0.22_population_ledger
2023,401526836,2023-09-30T19:30:00.000Z,UMass,Arkansas State,28,52,False,PRIMARY_REGULAR_PROVISIONAL,v0.22_population_ledger
2023,401531424,2023-09-30T19:30:00.000Z,Navy,South Florida,30,44,False,PRIMARY_REGULAR_PROVISIONAL,v0.22_population_ledger
2023,401531881,2023-09-30T19:30:00.000Z,Marshall,Old Dominion,41,35,False,PRIMARY_REGULAR_PROVISIONAL,v0.22_population_ledger
2023,401532409,2023-09-30T19:30:00.000Z,Western Michigan,Ball State,42,24,False,PRIMARY_REGULAR_PROVISIONAL,v0.22_population_ledger
2023,401532411,2023-09-30T19:30:00.000Z,Toledo,Northern Illinois,35,33,False,PRIMARY_REGULAR_PROVISIONAL,v0.22_population_ledger
2023,401520293,2023-09-30T20:00:00.000Z,Vanderbilt,Missouri,21,38,False,PRIMARY_REGULAR_PROVISIONAL,v0.22_population_ledger
2023,401531429,2023-09-30T20:00:00.000Z,Memphis,Boise State,35,32,False,PRIMARY_REGULAR_PROVISIONAL,v0.22_population_ledger
2023,401532586,2023-09-30T20:00:00.000Z,UNLV,Hawaii,44,20,False,PRIMARY_REGULAR_PROVISIONAL,v0.22_population_ledger
2023,401532588,2023-09-30T20:00:00.000Z,Wyoming,New Mexico,35,26,False,PRIMARY_REGULAR_PROVISIONAL,v0.22_population_ledger
2023,401520288,2023-09-30T22:00:00.000Z,Ole Miss,LSU,55,49,False,PRIMARY_REGULAR_PROVISIONAL,v0.22_population_ledger
2023,401524024,2023-09-30T22:30:00.000Z,Stanford,Oregon,6,42,False,PRIMARY_REGULAR_PROVISIONAL,v0.22_population_ledger
2023,401525852,2023-09-30T23:00:00.000Z,Oklahoma,Iowa State,50,20,False,PRIMARY_REGULAR_PROVISIONAL,v0.22_population_ledger
2023,401531414,2023-09-30T23:00:00.000Z,Rice,East Carolina,24,17,False,PRIMARY_REGULAR_PROVISIONAL,v0.22_population_ledger
2023,401531878,2023-09-30T23:00:00.000Z,Georgia Southern,Coastal Carolina,38,28,False,PRIMARY_REGULAR_PROVISIONAL,v0.22_population_ledger
2023,401531879,2023-09-30T23:00:00.000Z,Georgia State,Troy,7,28,False,PRIMARY_REGULAR_PROVISIONAL,v0.22_population_ledger
2023,401531883,2023-09-30T23:00:00.000Z,Southern Miss,Texas State,36,50,False,PRIMARY_REGULAR_PROVISIONAL,v0.22_population_ledger
2023,401520281,2023-09-30T23:30:00.000Z,Iowa,Michigan State,26,16,False,PRIMARY_REGULAR_PROVISIONAL,v0.22_population_ledger
2023,401520291,2023-09-30T23:30:00.000Z,Tennessee,South Carolina,41,20,False,PRIMARY_REGULAR_PROVISIONAL,v0.22_population_ledger
2023,401525438,2023-09-30T23:30:00.000Z,Duke,Notre Dame,14,21,False,PRIMARY_REGULAR_PROVISIONAL,v0.22_population_ledger
2023,401531404,2023-09-30T23:30:00.000Z,SMU,Charlotte,34,16,False,PRIMARY_REGULAR_PROVISIONAL,v0.22_population_ledger
2023,401525516,2023-10-01T00:00:00.000Z,Virginia Tech,Pittsburgh,38,21,False,PRIMARY_REGULAR_PROVISIONAL,v0.22_population_ledger
2023,401525853,2023-10-01T00:00:00.000Z,TCU,West Virginia,21,24,False,PRIMARY_REGULAR_PROVISIONAL,v0.22_population_ledger
2023,401531882,2023-10-01T00:00:00.000Z,UL Monroe,Appalachian State,40,41,False,PRIMARY_REGULAR_PROVISIONAL,v0.22_population_ledger
2023,401532589,2023-10-01T00:00:00.000Z,Air Force,San Diego State,49,10,False,PRIMARY_REGULAR_PROVISIONAL,v0.22_population_ledger
2023,401520285,2023-10-01T01:00:00.000Z,Mississippi State,Alabama,17,40,False,PRIMARY_REGULAR_PROVISIONAL,v0.22_population_ledger
2023,401524021,2023-10-01T02:00:00.000Z,Arizona,Washington,24,31,False,PRIMARY_REGULAR_PROVISIONAL,v0.22_population_ledger
2023,401532587,2023-10-01T02:30:00.000Z,Fresno State,Nevada,27,9,False,PRIMARY_REGULAR_PROVISIONAL,v0.22_population_ledger
2023,401520294,2023-10-05T00:00:00.000Z,Middle Tennessee,Jacksonville State,30,45,False,PRIMARY_REGULAR_PROVISIONAL,v0.22_population_ledger
2023,401520297,2023-10-05T01:00:00.000Z,New Mexico State,FIU,34,17,False,PRIMARY_REGULAR_PROVISIONAL,v0.22_population_ledger
2023,401520296,2023-10-05T23:00:00.000Z,Liberty,Sam Houston,21,16,False,PRIMARY_REGULAR_PROVISIONAL,v0.22_population_ledger
2023,401520295,2023-10-06T00:00:00.000Z,Louisiana Tech,Western Kentucky,28,35,False,PRIMARY_REGULAR_PROVISIONAL,v0.22_population_ledger
2023,401525857,2023-10-06T23:30:00.000Z,Oklahoma State,Kansas State,29,21,False,PRIMARY_REGULAR_PROVISIONAL,v0.22_population_ledger
2023,401520301,2023-10-07T00:00:00.000Z,Illinois,Nebraska,7,20,False,PRIMARY_REGULAR_PROVISIONAL,v0.22_population_ledger
2023,401520298,2023-10-07T16:00:00.000Z,Army,Boston College,24,27,False,PRIMARY_REGULAR_PROVISIONAL,v0.22_population_ledger
2023,401520304,2023-10-07T16:00:00.000Z,Mississippi State,Western Michigan,41,28,False,PRIMARY_REGULAR_PROVISIONAL,v0.22_population_ledger
2023,401520305,2023-10-07T16:00:00.000Z,Missouri,LSU,39,49,False,PRIMARY_REGULAR_PROVISIONAL,v0.22_population_ledger
2023,401520307,2023-10-07T16:00:00.000Z,Ohio State,Maryland,37,17,False,PRIMARY_REGULAR_PROVISIONAL,v0.22_population_ledger
2023,401520311,2023-10-07T16:00:00.000Z,Wisconsin,Rutgers,24,13,False,PRIMARY_REGULAR_PROVISIONAL,v0.22_population_ledger
2023,401525861,2023-10-07T16:00:00.000Z,Texas,Oklahoma,30,34,True,PRIMARY_REGULAR_PROVISIONAL,v0.22_population_ledger
2023,401526837,2023-10-07T16:00:00.000Z,UMass,Toledo,24,41,False,PRIMARY_REGULAR_PROVISIONAL,v0.22_population_ledger
2023,401525521,2023-10-07T18:00:00.000Z,NC State,Marshall,48,41,False,PRIMARY_REGULAR_PROVISIONAL,v0.22_population_ledger
2023,401531389,2023-10-07T18:00:00.000Z,Temple,UTSA,34,49,False,PRIMARY_REGULAR_PROVISIONAL,v0.22_population_ledger
2023,401532415,2023-10-07T18:00:00.000Z,Buffalo,Central Michigan,37,13,False,PRIMARY_REGULAR_PROVISIONAL,v0.22_population_ledger
2023,401524028,2023-10-07T19:00:00.000Z,UCLA,Washington State,25,17,False,PRIMARY_REGULAR_PROVISIONAL,v0.22_population_ledger
2023,401520302,2023-10-07T19:30:00.000Z,Iowa,Purdue,20,14,False,PRIMARY_REGULAR_PROVISIONAL,v0.22_population_ledger
2023,401520310,2023-10-07T19:30:00.000Z,Texas A&M,Alabama,20,26,False,PRIMARY_REGULAR_PROVISIONAL,v0.22_population_ledger
2023,401525517,2023-10-07T19:30:00.000Z,Clemson,Wake Forest,17,12,False,PRIMARY_REGULAR_PROVISIONAL,v0.22_population_ledger
2023,401525518,2023-10-07T19:30:00.000Z,Florida State,Virginia Tech,39,17,False,PRIMARY_REGULAR_PROVISIONAL,v0.22_population_ledger
2023,401525520,2023-10-07T19:30:00.000Z,North Carolina,Syracuse,40,7,False,PRIMARY_REGULAR_PROVISIONAL,v0.22_population_ledger
2023,401531433,2023-10-07T19:30:00.000Z,Navy,North Texas,27,24,False,PRIMARY_REGULAR_PROVISIONAL,v0.22_population_ledger
2023,401531884,2023-10-07T19:30:00.000Z,Louisiana,Texas State,34,30,False,PRIMARY_REGULAR_PROVISIONAL,v0.22_population_ledger
2023,401532414,2023-10-07T19:30:00.000Z,Eastern Michigan,Ball State,24,10,False,PRIMARY_REGULAR_PROVISIONAL,v0.22_population_ledger
2023,401532416,2023-10-07T19:30:00.000Z,Miami (OH),Bowling Green,27,0,False,PRIMARY_REGULAR_PROVISIONAL,v0.22_population_ledger
2023,401532417,2023-10-07T19:30:00.000Z,Ohio,Kent State,42,17,False,PRIMARY_REGULAR_PROVISIONAL,v0.22_population_ledger
2023,401532418,2023-10-07T19:30:00.000Z,Akron,Northern Illinois,14,55,False,PRIMARY_REGULAR_PROVISIONAL,v0.22_population_ledger
2023,401520299,2023-10-07T20:00:00.000Z,Florida,Vanderbilt,38,14,False,PRIMARY_REGULAR_PROVISIONAL,v0.22_population_ledger
2023,401525860,2023-10-07T20:00:00.000Z,Kansas,UCF,51,22,False,PRIMARY_REGULAR_PROVISIONAL,v0.22_population_ledger
2023,401531380,2023-10-07T20:00:00.000Z,UAB,South Florida,56,35,False,PRIMARY_REGULAR_PROVISIONAL,v0.22_population_ledger
2023,401531887,2023-10-07T20:00:00.000Z,Troy,Arkansas State,37,3,False,PRIMARY_REGULAR_PROVISIONAL,v0.22_population_ledger
2023,401520309,2023-10-07T21:00:00.000Z,Rice,UConn,31,38,False,PRIMARY_REGULAR_PROVISIONAL,v0.22_population_ledger
2023,401531340,2023-10-07T22:00:00.000Z,Florida Atlantic,Tulsa,20,17,False,PRIMARY_REGULAR_PROVISIONAL,v0.22_population_ledger
2023,401524026,2023-10-07T22:30:00.000Z,Arizona State,Colorado,24,27,False,PRIMARY_REGULAR_PROVISIONAL,v0.22_population_ledger
2023,401520300,2023-10-07T23:00:00.000Z,Georgia,Kentucky,51,13,False,PRIMARY_REGULAR_PROVISIONAL,v0.22_population_ledger
2023,401531885,2023-10-07T23:00:00.000Z,UL Monroe,South Alabama,7,55,False,PRIMARY_REGULAR_PROVISIONAL,v0.22_population_ledger
2023,401531886,2023-10-07T23:00:00.000Z,Southern Miss,Old Dominion,13,17,False,PRIMARY_REGULAR_PROVISIONAL,v0.22_population_ledger
2023,401520303,2023-10-07T23:30:00.000Z,Minnesota,Michigan,10,52,False,PRIMARY_REGULAR_PROVISIONAL,v0.22_population_ledger
2023,401520308,2023-10-07T23:30:00.000Z,Ole Miss,Arkansas,27,20,False,PRIMARY_REGULAR_PROVISIONAL,v0.22_population_ledger
2023,401525439,2023-10-07T23:37:00.000Z,Louisville,Notre Dame,33,20,False,PRIMARY_REGULAR_PROVISIONAL,v0.22_population_ledger
2023,401525519,2023-10-08T00:00:00.000Z,Miami (FL),Georgia Tech,20,23,False,PRIMARY_REGULAR_PROVISIONAL,v0.22_population_ledger
2023,401525858,2023-10-08T00:00:00.000Z,Baylor,Texas Tech,14,39,False,PRIMARY_REGULAR_PROVISIONAL,v0.22_population_ledger
2023,401525859,2023-10-08T00:00:00.000Z,Iowa State,TCU,27,14,False,PRIMARY_REGULAR_PROVISIONAL,v0.22_population_ledger
2023,401532590,2023-10-08T00:00:00.000Z,Utah State,Colorado State,44,24,False,PRIMARY_REGULAR_PROVISIONAL,v0.22_population_ledger
2023,401532591,2023-10-08T00:00:00.000Z,Wyoming,Fresno State,24,19,False,PRIMARY_REGULAR_PROVISIONAL,v0.22_population_ledger
2023,401532592,2023-10-08T00:00:00.000Z,Boise State,San Jose State,35,27,False,PRIMARY_REGULAR_PROVISIONAL,v0.22_population_ledger
2023,401524027,2023-10-08T02:00:00.000Z,California,Oregon State,40,52,False,PRIMARY_REGULAR_PROVISIONAL,v0.22_population_ledger
2023,401524025,2023-10-08T02:30:00.000Z,USC,Arizona,43,41,False,PRIMARY_REGULAR_PROVISIONAL,v0.22_population_ledger
2023,401520313,2023-10-10T23:00:00.000Z,Middle Tennessee,Louisiana Tech,31,23,False,PRIMARY_REGULAR_PROVISIONAL,v0.22_population_ledger
2023,401520312,2023-10-10T23:30:00.000Z,Jacksonville State,Liberty,13,31,False,PRIMARY_REGULAR_PROVISIONAL,v0.22_population_ledger
2023,401531888,2023-10-10T23:30:00.000Z,Appalachian State,Coastal Carolina,24,27,False,PRIMARY_REGULAR_PROVISIONAL,v0.22_population_ledger
2023,401520314,2023-10-11T23:30:00.000Z,FIU,UTEP,14,27,False,PRIMARY_REGULAR_PROVISIONAL,v0.22_population_ledger
2023,401520315,2023-10-12T01:00:00.000Z,New Mexico State,Sam Houston,27,13,False,PRIMARY_REGULAR_PROVISIONAL,v0.22_population_ledger
2023,401525862,2023-10-12T23:00:00.000Z,Houston,West Virginia,41,39,False,PRIMARY_REGULAR_PROVISIONAL,v0.22_population_ledger
2023,401531415,2023-10-12T23:30:00.000Z,East Carolina,SMU,10,31,False,PRIMARY_REGULAR_PROVISIONAL,v0.22_population_ledger
2023,401531371,2023-10-13T23:00:00.000Z,Memphis,Tulane,21,31,False,PRIMARY_REGULAR_PROVISIONAL,v0.22_population_ledger
2023,401532594,2023-10-14T00:00:00.000Z,Utah State,Fresno State,32,37,False,PRIMARY_REGULAR_PROVISIONAL,v0.22_population_ledger
2023,401524029,2023-10-14T02:00:00.000Z,Colorado,Stanford,43,46,False,PRIMARY_REGULAR_PROVISIONAL,v0.22_population_ledger
2023,401520316,2023-10-14T16:00:00.000Z,Alabama,Arkansas,24,21,False,PRIMARY_REGULAR_PROVISIONAL,v0.22_population_ledger
2023,401520321,2023-10-14T16:00:00.000Z,Michigan,Indiana,52,7,False,PRIMARY_REGULAR_PROVISIONAL,v0.22_population_ledger
2023,401520323,2023-10-14T16:00:00.000Z,Purdue,Ohio State,7,41,False,PRIMARY_REGULAR_PROVISIONAL,v0.22_population_ledger
2023,401520324,2023-10-14T16:00:00.000Z,Rutgers,Michigan State,27,24,False,PRIMARY_REGULAR_PROVISIONAL,v0.22_population_ledger
2023,401520327,2023-10-14T16:00:00.000Z,Vanderbilt,Georgia,20,37,False,PRIMARY_REGULAR_PROVISIONAL,v0.22_population_ledger
2023,401525524,2023-10-14T16:00:00.000Z,Florida State,Syracuse,41,3,False,PRIMARY_REGULAR_PROVISIONAL,v0.22_population_ledger
2023,401525863,2023-10-14T16:00:00.000Z,Cincinnati,Iowa State,10,30,False,PRIMARY_REGULAR_PROVISIONAL,v0.22_population_ledger
2023,401531390,2023-10-14T16:00:00.000Z,North Texas,Temple,45,14,False,PRIMARY_REGULAR_PROVISIONAL,v0.22_population_ledger
2023,401531890,2023-10-14T16:00:00.000Z,James Madison,Georgia Southern,41,13,False,PRIMARY_REGULAR_PROVISIONAL,v0.22_population_ledger
2023,401532422,2023-10-14T16:00:00.000Z,Eastern Michigan,Kent State,28,14,False,PRIMARY_REGULAR_PROVISIONAL,v0.22_population_ledger
2023,401531405,2023-10-14T18:00:00.000Z,Charlotte,Navy,0,14,False,PRIMARY_REGULAR_PROVISIONAL,v0.22_population_ledger
2023,401532419,2023-10-14T18:00:00.000Z,Ball State,Toledo,6,13,False,PRIMARY_REGULAR_PROVISIONAL,v0.22_population_ledger
2023,401524033,2023-10-14T19:00:00.000Z,Utah,California,34,14,False,PRIMARY_REGULAR_PROVISIONAL,v0.22_population_ledger
2023,401520317,2023-10-14T19:30:00.000Z,Army,Troy,0,19,False,PRIMARY_REGULAR_PROVISIONAL,v0.22_population_ledger
2023,401520320,2023-10-14T19:30:00.000Z,Maryland,Illinois,24,27,False,PRIMARY_REGULAR_PROVISIONAL,v0.22_population_ledger
2023,401520322,2023-10-14T19:30:00.000Z,Penn State,UMass,63,0,False,PRIMARY_REGULAR_PROVISIONAL,v0.22_population_ledger
2023,401520325,2023-10-14T19:30:00.000Z,South Carolina,Florida,39,41,False,PRIMARY_REGULAR_PROVISIONAL,v0.22_population_ledger
2023,401520326,2023-10-14T19:30:00.000Z,Tennessee,Texas A&M,20,13,False,PRIMARY_REGULAR_PROVISIONAL,v0.22_population_ledger
2023,401524034,2023-10-14T19:30:00.000Z,Washington,Oregon,36,33,False,PRIMARY_REGULAR_PROVISIONAL,v0.22_population_ledger
2023,401525527,2023-10-14T19:30:00.000Z,Virginia Tech,Wake Forest,30,13,False,PRIMARY_REGULAR_PROVISIONAL,v0.22_population_ledger
2023,401525864,2023-10-14T19:30:00.000Z,Oklahoma State,Kansas,39,32,False,PRIMARY_REGULAR_PROVISIONAL,v0.22_population_ledger
2023,401525865,2023-10-14T19:30:00.000Z,TCU,BYU,44,11,False,PRIMARY_REGULAR_PROVISIONAL,v0.22_population_ledger
2023,401531420,2023-10-14T19:30:00.000Z,South Florida,Florida Atlantic,14,56,False,PRIMARY_REGULAR_PROVISIONAL,v0.22_population_ledger
2023,401532420,2023-10-14T19:30:00.000Z,Central Michigan,Akron,17,10,False,PRIMARY_REGULAR_PROVISIONAL,v0.22_population_ledger
2023,401532421,2023-10-14T19:30:00.000Z,Buffalo,Bowling Green,14,24,False,PRIMARY_REGULAR_PROVISIONAL,v0.22_population_ledger
2023,401532423,2023-10-14T19:30:00.000Z,Western Michigan,Miami (OH),21,34,False,PRIMARY_REGULAR_PROVISIONAL,v0.22_population_ledger
2023,401520328,2023-10-14T20:00:00.000Z,Wisconsin,Iowa,6,15,False,PRIMARY_REGULAR_PROVISIONAL,v0.22_population_ledger
2023,401532424,2023-10-14T20:00:00.000Z,Northern Illinois,Ohio,23,13,False,PRIMARY_REGULAR_PROVISIONAL,v0.22_population_ledger
2023,401532597,2023-10-14T21:00:00.000Z,Nevada,UNLV,27,45,False,PRIMARY_REGULAR_PROVISIONAL,v0.22_population_ledger
2023,401532596,2023-10-14T22:00:00.000Z,New Mexico,San Jose State,24,52,False,PRIMARY_REGULAR_PROVISIONAL,v0.22_population_ledger
2023,401525525,2023-10-14T22:30:00.000Z,Pittsburgh,Louisville,38,21,False,PRIMARY_REGULAR_PROVISIONAL,v0.22_population_ledger
2023,401520319,2023-10-14T23:00:00.000Z,LSU,Auburn,48,18,False,PRIMARY_REGULAR_PROVISIONAL,v0.22_population_ledger
2023,401524030,2023-10-14T23:00:00.000Z,Washington State,Arizona,6,44,False,PRIMARY_REGULAR_PROVISIONAL,v0.22_population_ledger
2023,401525866,2023-10-14T23:00:00.000Z,Texas Tech,Kansas State,21,38,False,PRIMARY_REGULAR_PROVISIONAL,v0.22_population_ledger
2023,401531889,2023-10-14T23:00:00.000Z,Georgia State,Marshall,41,24,False,PRIMARY_REGULAR_PROVISIONAL,v0.22_population_ledger
2023,401531891,2023-10-14T23:00:00.000Z,Texas State,UL Monroe,21,20,False,PRIMARY_REGULAR_PROVISIONAL,v0.22_population_ledger
2023,401532598,2023-10-14T23:00:00.000Z,Air Force,Wyoming,34,27,False,PRIMARY_REGULAR_PROVISIONAL,v0.22_population_ledger
2023,401520318,2023-10-14T23:30:00.000Z,Kentucky,Missouri,21,38,False,PRIMARY_REGULAR_PROVISIONAL,v0.22_population_ledger
2023,401524031,2023-10-14T23:30:00.000Z,Notre Dame,USC,48,20,False,PRIMARY_REGULAR_PROVISIONAL,v0.22_population_ledger
2023,401525526,2023-10-14T23:30:00.000Z,North Carolina,Miami (FL),41,31,False,PRIMARY_REGULAR_PROVISIONAL,v0.22_population_ledger
2023,401524032,2023-10-15T00:00:00.000Z,Oregon State,UCLA,36,24,False,PRIMARY_REGULAR_PROVISIONAL,v0.22_population_ledger
2023,401525523,2023-10-15T00:00:00.000Z,Duke,NC State,24,3,False,PRIMARY_REGULAR_PROVISIONAL,v0.22_population_ledger
2023,401531381,2023-10-15T00:00:00.000Z,UTSA,UAB,41,20,False,PRIMARY_REGULAR_PROVISIONAL,v0.22_population_ledger
2023,401532593,2023-10-15T01:45:00.000Z,Colorado State,Boise State,31,30,False,PRIMARY_REGULAR_PROVISIONAL,v0.22_population_ledger
2023,401532595,2023-10-15T03:00:00.000Z,Hawaii,San Diego State,34,41,False,PRIMARY_REGULAR_PROVISIONAL,v0.22_population_ledger
2023,401520330,2023-10-17T23:00:00.000Z,Liberty,Middle Tennessee,42,35,False,PRIMARY_REGULAR_PROVISIONAL,v0.22_population_ledger
2023,401520329,2023-10-17T23:30:00.000Z,Jacksonville State,Western Kentucky,20,17,False,PRIMARY_REGULAR_PROVISIONAL,v0.22_population_ledger
2023,401531892,2023-10-17T23:30:00.000Z,South Alabama,Southern Miss,55,3,False,PRIMARY_REGULAR_PROVISIONAL,v0.22_population_ledger
2023,401520331,2023-10-18T23:00:00.000Z,Sam Houston,FIU,27,33,False,PRIMARY_REGULAR_PROVISIONAL,v0.22_population_ledger
2023,401520332,2023-10-19T01:00:00.000Z,UTEP,New Mexico State,7,28,False,PRIMARY_REGULAR_PROVISIONAL,v0.22_population_ledger
2023,401531341,2023-10-19T23:00:00.000Z,Tulsa,Rice,10,42,False,PRIMARY_REGULAR_PROVISIONAL,v0.22_population_ledger
2023,401531893,2023-10-19T23:00:00.000Z,Marshall,James Madison,9,20,False,PRIMARY_REGULAR_PROVISIONAL,v0.22_population_ledger
2023,401531391,2023-10-20T23:00:00.000Z,Temple,SMU,0,55,False,PRIMARY_REGULAR_PROVISIONAL,v0.22_population_ledger
2023,401520334,2023-10-21T16:00:00.000Z,Arkansas,Mississippi State,3,7,False,PRIMARY_REGULAR_PROVISIONAL,v0.22_population_ledger
2023,401520337,2023-10-21T16:00:00.000Z,Indiana,Rutgers,14,31,False,PRIMARY_REGULAR_PROVISIONAL,v0.22_population_ledger
2023,401520343,2023-10-21T16:00:00.000Z,Ohio State,Penn State,20,12,False,PRIMARY_REGULAR_PROVISIONAL,v0.22_population_ledger
2023,401525528,2023-10-21T16:00:00.000Z,Georgia Tech,Boston College,23,38,False,PRIMARY_REGULAR_PROVISIONAL,v0.22_population_ledger
2023,401525868,2023-10-21T16:00:00.000Z,Cincinnati,Baylor,29,32,False,PRIMARY_REGULAR_PROVISIONAL,v0.22_population_ledger
2023,401525871,2023-10-21T16:00:00.000Z,Oklahoma,UCF,31,29,False,PRIMARY_REGULAR_PROVISIONAL,v0.22_population_ledger
2023,401531382,2023-10-21T16:00:00.000Z,UAB,Memphis,21,45,False,PRIMARY_REGULAR_PROVISIONAL,v0.22_population_ledger
2023,401531434,2023-10-21T16:00:00.000Z,Navy,Air Force,6,17,False,PRIMARY_REGULAR_PROVISIONAL,v0.22_population_ledger
2023,401532428,2023-10-21T16:00:00.000Z,Ohio,Western Michigan,20,17,False,PRIMARY_REGULAR_PROVISIONAL,v0.22_population_ledger
2023,401531406,2023-10-21T18:00:00.000Z,East Carolina,Charlotte,7,10,False,PRIMARY_REGULAR_PROVISIONAL,v0.22_population_ledger
2023,401531894,2023-10-21T18:00:00.000Z,Georgia Southern,UL Monroe,38,28,False,PRIMARY_REGULAR_PROVISIONAL,v0.22_population_ledger
2023,401532429,2023-10-21T18:00:00.000Z,Bowling Green,Akron,41,14,False,PRIMARY_REGULAR_PROVISIONAL,v0.22_population_ledger
2023,401520333,2023-10-21T19:30:00.000Z,Alabama,Tennessee,34,20,False,PRIMARY_REGULAR_PROVISIONAL,v0.22_population_ledger
2023,401520336,2023-10-21T19:30:00.000Z,Illinois,Wisconsin,21,25,False,PRIMARY_REGULAR_PROVISIONAL,v0.22_population_ledger
2023,401520338,2023-10-21T19:30:00.000Z,Iowa,Minnesota,10,12,False,PRIMARY_REGULAR_PROVISIONAL,v0.22_population_ledger
2023,401520341,2023-10-21T19:30:00.000Z,Missouri,South Carolina,34,12,False,PRIMARY_REGULAR_PROVISIONAL,v0.22_population_ledger
2023,401520342,2023-10-21T19:30:00.000Z,Nebraska,Northwestern,17,9,False,PRIMARY_REGULAR_PROVISIONAL,v0.22_population_ledger
2023,401520344,2023-10-21T19:30:00.000Z,UConn,South Florida,21,24,False,PRIMARY_REGULAR_PROVISIONAL,v0.22_population_ledger
2023,401524035,2023-10-21T19:30:00.000Z,Oregon,Washington State,38,24,False,PRIMARY_REGULAR_PROVISIONAL,v0.22_population_ledger
2023,401525532,2023-10-21T19:30:00.000Z,Wake Forest,Pittsburgh,21,17,False,PRIMARY_REGULAR_PROVISIONAL,v0.22_population_ledger
2023,401525872,2023-10-21T19:30:00.000Z,West Virginia,Oklahoma State,34,48,False,PRIMARY_REGULAR_PROVISIONAL,v0.22_population_ledger
2023,401531372,2023-10-21T19:30:00.000Z,Tulane,North Texas,35,28,False,PRIMARY_REGULAR_PROVISIONAL,v0.22_population_ledger
2023,401532425,2023-10-21T19:30:00.000Z,Ball State,Central Michigan,24,17,False,PRIMARY_REGULAR_PROVISIONAL,v0.22_population_ledger
2023,401532426,2023-10-21T19:30:00.000Z,Northern Illinois,Eastern Michigan,20,13,False,PRIMARY_REGULAR_PROVISIONAL,v0.22_population_ledger
2023,401532430,2023-10-21T19:30:00.000Z,Kent State,Buffalo,6,24,False,PRIMARY_REGULAR_PROVISIONAL,v0.22_population_ledger
2023,401525869,2023-10-21T20:00:00.000Z,Houston,Texas,24,31,False,PRIMARY_REGULAR_PROVISIONAL,v0.22_population_ledger
2023,401532427,2023-10-21T20:00:00.000Z,Miami (OH),Toledo,17,21,False,PRIMARY_REGULAR_PROVISIONAL,v0.22_population_ledger
2023,401531397,2023-10-21T22:00:00.000Z,Florida Atlantic,UTSA,10,36,False,PRIMARY_REGULAR_PROVISIONAL,v0.22_population_ledger
2023,401532600,2023-10-21T22:00:00.000Z,New Mexico,Hawaii,42,21,False,PRIMARY_REGULAR_PROVISIONAL,v0.22_population_ledger
2023,401525531,2023-10-21T22:30:00.000Z,North Carolina,Virginia,27,31,False,PRIMARY_REGULAR_PROVISIONAL,v0.22_population_ledger
2023,401520335,2023-10-21T23:00:00.000Z,Auburn,Ole Miss,21,28,False,PRIMARY_REGULAR_PROVISIONAL,v0.22_population_ledger
2023,401525867,2023-10-21T23:00:00.000Z,BYU,Texas Tech,27,14,False,PRIMARY_REGULAR_PROVISIONAL,v0.22_population_ledger
2023,401525870,2023-10-21T23:00:00.000Z,Kansas State,TCU,41,3,False,PRIMARY_REGULAR_PROVISIONAL,v0.22_population_ledger
2023,401531895,2023-10-21T23:00:00.000Z,Old Dominion,Appalachian State,28,21,False,PRIMARY_REGULAR_PROVISIONAL,v0.22_population_ledger
2023,401531896,2023-10-21T23:00:00.000Z,Arkansas State,Coastal Carolina,17,27,False,PRIMARY_REGULAR_PROVISIONAL,v0.22_population_ledger
2023,401532599,2023-10-21T23:00:00.000Z,UNLV,Colorado State,25,23,False,PRIMARY_REGULAR_PROVISIONAL,v0.22_population_ledger
2023,401532602,2023-10-21T23:00:00.000Z,San Jose State,Utah State,42,21,False,PRIMARY_REGULAR_PROVISIONAL,v0.22_population_ledger
2023,401520339,2023-10-21T23:30:00.000Z,LSU,Army,62,0,False,PRIMARY_REGULAR_PROVISIONAL,v0.22_population_ledger
2023,401520340,2023-10-21T23:30:00.000Z,Michigan State,Michigan,0,49,False,PRIMARY_REGULAR_PROVISIONAL,v0.22_population_ledger
2023,401525530,2023-10-21T23:30:00.000Z,Florida State,Duke,38,20,False,PRIMARY_REGULAR_PROVISIONAL,v0.22_population_ledger
2023,401524037,2023-10-22T00:00:00.000Z,USC,Utah,32,34,False,PRIMARY_REGULAR_PROVISIONAL,v0.22_population_ledger
2023,401525529,2023-10-22T00:00:00.000Z,Miami (FL),Clemson,28,20,False,PRIMARY_REGULAR_PROVISIONAL,v0.22_population_ledger
2023,401531897,2023-10-22T00:00:00.000Z,Louisiana,Georgia State,17,20,False,PRIMARY_REGULAR_PROVISIONAL,v0.22_population_ledger
2023,401532601,2023-10-22T01:00:00.000Z,San Diego State,Nevada,0,6,False,PRIMARY_REGULAR_PROVISIONAL,v0.22_population_ledger
2023,401524036,2023-10-22T02:30:00.000Z,Stanford,UCLA,7,42,False,PRIMARY_REGULAR_PROVISIONAL,v0.22_population_ledger
2023,401524038,2023-10-22T02:30:00.000Z,Washington,Arizona State,15,7,False,PRIMARY_REGULAR_PROVISIONAL,v0.22_population_ledger
2023,401520345,2023-10-24T23:00:00.000Z,Louisiana Tech,New Mexico State,24,27,False,PRIMARY_REGULAR_PROVISIONAL,v0.22_population_ledger
2023,401520346,2023-10-24T23:30:00.000Z,Western Kentucky,Liberty,29,42,False,PRIMARY_REGULAR_PROVISIONAL,v0.22_population_ledger
2023,401520347,2023-10-25T23:00:00.000Z,FIU,Jacksonville State,16,41,False,PRIMARY_REGULAR_PROVISIONAL,v0.22_population_ledger
2023,401520348,2023-10-26T00:00:00.000Z,Sam Houston,UTEP,34,37,False,PRIMARY_REGULAR_PROVISIONAL,v0.22_population_ledger
2023,401525533,2023-10-26T23:30:00.000Z,Virginia Tech,Syracuse,38,10,False,PRIMARY_REGULAR_PROVISIONAL,v0.22_population_ledger
2023,401531929,2023-10-26T23:30:00.000Z,Georgia Southern,Georgia State,44,27,False,PRIMARY_REGULAR_PROVISIONAL,v0.22_population_ledger
2023,401531407,2023-10-27T23:30:00.000Z,Charlotte,Florida Atlantic,16,38,False,PRIMARY_REGULAR_PROVISIONAL,v0.22_population_ledger
2023,401520349,2023-10-28T16:00:00.000Z,Army,UMass,14,21,False,PRIMARY_REGULAR_PROVISIONAL,v0.22_population_ledger
2023,401520351,2023-10-28T16:00:00.000Z,Boston College,UConn,21,14,False,PRIMARY_REGULAR_PROVISIONAL,v0.22_population_ledger
2023,401520356,2023-10-28T16:00:00.000Z,Northwestern,Maryland,33,27,False,PRIMARY_REGULAR_PROVISIONAL,v0.22_population_ledger
2023,401520358,2023-10-28T16:00:00.000Z,Penn State,Indiana,33,24,False,PRIMARY_REGULAR_PROVISIONAL,v0.22_population_ledger
2023,401520359,2023-10-28T16:00:00.000Z,Texas A&M,South Carolina,30,17,False,PRIMARY_REGULAR_PROVISIONAL,v0.22_population_ledger
2023,401525536,2023-10-28T16:00:00.000Z,Wake Forest,Florida State,16,41,False,PRIMARY_REGULAR_PROVISIONAL,v0.22_population_ledger
2023,401525874,2023-10-28T16:00:00.000Z,Kansas,Oklahoma,38,33,False,PRIMARY_REGULAR_PROVISIONAL,v0.22_population_ledger
2023,401525875,2023-10-28T16:00:00.000Z,Kansas State,Houston,41,0,False,PRIMARY_REGULAR_PROVISIONAL,v0.22_population_ledger
2023,401525878,2023-10-28T16:00:00.000Z,UCF,West Virginia,28,41,False,PRIMARY_REGULAR_PROVISIONAL,v0.22_population_ledger
2023,401531342,2023-10-28T16:00:00.000Z,SMU,Tulsa,69,10,False,PRIMARY_REGULAR_PROVISIONAL,v0.22_population_ledger
2023,401532431,2023-10-28T17:00:00.000Z,Eastern Michigan,Western Michigan,21,45,False,PRIMARY_REGULAR_PROVISIONAL,v0.22_population_ledger
2023,401525534,2023-10-28T18:00:00.000Z,NC State,Clemson,24,17,False,PRIMARY_REGULAR_PROVISIONAL,v0.22_population_ledger
2023,401531430,2023-10-28T19:00:00.000Z,North Texas,Memphis,42,45,False,PRIMARY_REGULAR_PROVISIONAL,v0.22_population_ledger
2023,401520350,2023-10-28T19:30:00.000Z,Auburn,Mississippi State,27,13,False,PRIMARY_REGULAR_PROVISIONAL,v0.22_population_ledger
2023,401520352,2023-10-28T19:30:00.000Z,Florida,Georgia,20,43,True,PRIMARY_REGULAR_PROVISIONAL,v0.22_population_ledger
2023,401520354,2023-10-28T19:30:00.000Z,Minnesota,Michigan State,27,12,False,PRIMARY_REGULAR_PROVISIONAL,v0.22_population_ledger
2023,401520355,2023-10-28T19:30:00.000Z,Nebraska,Purdue,31,14,False,PRIMARY_REGULAR_PROVISIONAL,v0.22_population_ledger
2023,401524044,2023-10-28T19:30:00.000Z,Utah,Oregon,6,35,False,PRIMARY_REGULAR_PROVISIONAL,v0.22_population_ledger
2023,401525440,2023-10-28T19:30:00.000Z,Notre Dame,Pittsburgh,58,7,False,PRIMARY_REGULAR_PROVISIONAL,v0.22_population_ledger
2023,401525535,2023-10-28T19:30:00.000Z,Louisville,Duke,23,0,False,PRIMARY_REGULAR_PROVISIONAL,v0.22_population_ledger
2023,401525538,2023-10-28T19:30:00.000Z,Miami (FL),Virginia,29,26,False,PRIMARY_REGULAR_PROVISIONAL,v0.22_population_ledger
2023,401525873,2023-10-28T19:30:00.000Z,Baylor,Iowa State,18,30,False,PRIMARY_REGULAR_PROVISIONAL,v0.22_population_ledger
2023,401525877,2023-10-28T19:30:00.000Z,Texas,BYU,35,6,False,PRIMARY_REGULAR_PROVISIONAL,v0.22_population_ledger
2023,401531398,2023-10-28T19:30:00.000Z,UTSA,East Carolina,41,27,False,PRIMARY_REGULAR_PROVISIONAL,v0.22_population_ledger
2023,401531898,2023-10-28T19:30:00.000Z,Appalachian State,Southern Miss,48,38,False,PRIMARY_REGULAR_PROVISIONAL,v0.22_population_ledger
2023,401532432,2023-10-28T19:30:00.000Z,Ohio,Miami (OH),16,30,False,PRIMARY_REGULAR_PROVISIONAL,v0.22_population_ledger
2023,401524041,2023-10-28T20:00:00.000Z,California,USC,49,50,False,PRIMARY_REGULAR_PROVISIONAL,v0.22_population_ledger
2023,401531373,2023-10-28T20:00:00.000Z,Rice,Tulane,28,30,False,PRIMARY_REGULAR_PROVISIONAL,v0.22_population_ledger
2023,401531901,2023-10-28T21:00:00.000Z,UL Monroe,Arkansas State,24,34,False,PRIMARY_REGULAR_PROVISIONAL,v0.22_population_ledger
2023,401531902,2023-10-28T21:00:00.000Z,South Alabama,Louisiana,20,33,False,PRIMARY_REGULAR_PROVISIONAL,v0.22_population_ledger
2023,401532607,2023-10-28T21:30:00.000Z,Boise State,Wyoming,32,7,False,PRIMARY_REGULAR_PROVISIONAL,v0.22_population_ledger
2023,401531899,2023-10-28T22:00:00.000Z,Coastal Carolina,Marshall,34,6,False,PRIMARY_REGULAR_PROVISIONAL,v0.22_population_ledger
2023,401520353,2023-10-28T23:00:00.000Z,Kentucky,Tennessee,27,33,False,PRIMARY_REGULAR_PROVISIONAL,v0.22_population_ledger
2023,401524042,2023-10-28T23:00:00.000Z,Stanford,Washington,33,42,False,PRIMARY_REGULAR_PROVISIONAL,v0.22_population_ledger
2023,401531903,2023-10-28T23:00:00.000Z,Texas State,Troy,13,31,False,PRIMARY_REGULAR_PROVISIONAL,v0.22_population_ledger
2023,401532603,2023-10-28T23:00:00.000Z,Colorado State,Air Force,13,30,False,PRIMARY_REGULAR_PROVISIONAL,v0.22_population_ledger
2023,401520357,2023-10-28T23:30:00.000Z,Ole Miss,Vanderbilt,33,7,False,PRIMARY_REGULAR_PROVISIONAL,v0.22_population_ledger
2023,401520360,2023-10-28T23:30:00.000Z,Wisconsin,Ohio State,10,24,False,PRIMARY_REGULAR_PROVISIONAL,v0.22_population_ledger
2023,401524043,2023-10-28T23:30:00.000Z,UCLA,Colorado,28,16,False,PRIMARY_REGULAR_PROVISIONAL,v0.22_population_ledger
2023,401524040,2023-10-29T00:00:00.000Z,Arizona State,Washington State,38,27,False,PRIMARY_REGULAR_PROVISIONAL,v0.22_population_ledger
2023,401525537,2023-10-29T00:00:00.000Z,Georgia Tech,North Carolina,46,42,False,PRIMARY_REGULAR_PROVISIONAL,v0.22_population_ledger
2023,401525876,2023-10-29T00:00:00.000Z,Oklahoma State,Cincinnati,45,13,False,PRIMARY_REGULAR_PROVISIONAL,v0.22_population_ledger
2023,401531900,2023-10-29T00:00:00.000Z,James Madison,Old Dominion,30,27,False,PRIMARY_REGULAR_PROVISIONAL,v0.22_population_ledger
2023,401524039,2023-10-29T02:30:00.000Z,Arizona,Oregon State,27,24,False,PRIMARY_REGULAR_PROVISIONAL,v0.22_population_ledger
2023,401532604,2023-10-29T02:30:00.000Z,Nevada,New Mexico,34,24,False,PRIMARY_REGULAR_PROVISIONAL,v0.22_population_ledger
2023,401532606,2023-10-29T02:30:00.000Z,Fresno State,UNLV,31,24,False,PRIMARY_REGULAR_PROVISIONAL,v0.22_population_ledger
2023,401532605,2023-10-29T03:59:00.000Z,Hawaii,San Jose State,0,35,False,PRIMARY_REGULAR_PROVISIONAL,v0.22_population_ledger
2023,401532433,2023-10-31T23:00:00.000Z,Central Michigan,Northern Illinois,37,31,False,PRIMARY_REGULAR_PROVISIONAL,v0.22_population_ledger
2023,401532434,2023-10-31T23:30:00.000Z,Toledo,Buffalo,31,13,False,PRIMARY_REGULAR_PROVISIONAL,v0.22_population_ledger
2023,401532435,2023-11-01T23:00:00.000Z,Bowling Green,Ball State,24,21,False,PRIMARY_REGULAR_PROVISIONAL,v0.22_population_ledger
2023,401532436,2023-11-01T23:30:00.000Z,Akron,Kent State,31,27,False,PRIMARY_REGULAR_PROVISIONAL,v0.22_population_ledger
2023,401525879,2023-11-02T23:00:00.000Z,Texas Tech,TCU,35,28,False,PRIMARY_REGULAR_PROVISIONAL,v0.22_population_ledger
2023,401525539,2023-11-02T23:30:00.000Z,Duke,Wake Forest,24,21,False,PRIMARY_REGULAR_PROVISIONAL,v0.22_population_ledger
2023,401531904,2023-11-02T23:30:00.000Z,Troy,South Alabama,28,10,False,PRIMARY_REGULAR_PROVISIONAL,v0.22_population_ledger
2023,401525540,2023-11-03T23:30:00.000Z,Syracuse,Boston College,10,17,False,PRIMARY_REGULAR_PROVISIONAL,v0.22_population_ledger
2023,401532609,2023-11-04T00:00:00.000Z,Wyoming,Colorado State,24,15,False,PRIMARY_REGULAR_PROVISIONAL,v0.22_population_ledger
2023,401520363,2023-11-04T16:00:00.000Z,Florida,Arkansas,36,39,False,PRIMARY_REGULAR_PROVISIONAL,v0.22_population_ledger
2023,401520365,2023-11-04T16:00:00.000Z,Indiana,Wisconsin,20,14,False,PRIMARY_REGULAR_PROVISIONAL,v0.22_population_ledger
2023,401520369,2023-11-04T16:00:00.000Z,Michigan State,Nebraska,20,17,False,PRIMARY_REGULAR_PROVISIONAL,v0.22_population_ledger
2023,401520374,2023-11-04T16:00:00.000Z,Ole Miss,Texas A&M,38,35,False,PRIMARY_REGULAR_PROVISIONAL,v0.22_population_ledger
2023,401520375,2023-11-04T16:00:00.000Z,Rutgers,Ohio State,16,35,False,PRIMARY_REGULAR_PROVISIONAL,v0.22_population_ledger
2023,401520376,2023-11-04T16:00:00.000Z,South Carolina,Jacksonville State,38,28,False,PRIMARY_REGULAR_PROVISIONAL,v0.22_population_ledger
2023,401520377,2023-11-04T16:00:00.000Z,Tennessee,UConn,59,3,False,PRIMARY_REGULAR_PROVISIONAL,v0.22_population_ledger
2023,401525441,2023-11-04T16:00:00.000Z,Clemson,Notre Dame,31,23,False,PRIMARY_REGULAR_PROVISIONAL,v0.22_population_ledger
2023,401525884,2023-11-04T16:00:00.000Z,Texas,Kansas State,33,30,False,PRIMARY_REGULAR_PROVISIONAL,v0.22_population_ledger
2023,401524049,2023-11-04T18:00:00.000Z,Utah,Arizona State,55,3,False,PRIMARY_REGULAR_PROVISIONAL,v0.22_population_ledger
2023,401525542,2023-11-04T18:00:00.000Z,Virginia,Georgia Tech,17,45,False,PRIMARY_REGULAR_PROVISIONAL,v0.22_population_ledger
2023,401531392,2023-11-04T18:00:00.000Z,Temple,Navy,32,18,False,PRIMARY_REGULAR_PROVISIONAL,v0.22_population_ledger
2023,401520361,2023-11-04T18:30:00.000Z,Air Force,Army,3,23,True,PRIMARY_REGULAR_PROVISIONAL,v0.22_population_ledger
2023,401531383,2023-11-04T19:00:00.000Z,UAB,Florida Atlantic,45,42,False,PRIMARY_REGULAR_PROVISIONAL,v0.22_population_ledger
2023,401531399,2023-11-04T19:00:00.000Z,North Texas,UTSA,29,37,False,PRIMARY_REGULAR_PROVISIONAL,v0.22_population_ledger
2023,401531425,2023-11-04T19:00:00.000Z,Memphis,South Florida,59,50,False,PRIMARY_REGULAR_PROVISIONAL,v0.22_population_ledger
2023,401531908,2023-11-04T19:00:00.000Z,Arkansas State,Louisiana,37,17,False,PRIMARY_REGULAR_PROVISIONAL,v0.22_population_ledger
2023,401520364,2023-11-04T19:30:00.000Z,Georgia,Missouri,30,21,False,PRIMARY_REGULAR_PROVISIONAL,v0.22_population_ledger
2023,401520367,2023-11-04T19:30:00.000Z,Maryland,Penn State,15,51,False,PRIMARY_REGULAR_PROVISIONAL,v0.22_population_ledger
2023,401520370,2023-11-04T19:30:00.000Z,Minnesota,Illinois,26,27,False,PRIMARY_REGULAR_PROVISIONAL,v0.22_population_ledger
2023,401520373,2023-11-04T19:30:00.000Z,Northwestern,Iowa,7,10,True,PRIMARY_REGULAR_PROVISIONAL,v0.22_population_ledger
2023,401525541,2023-11-04T19:30:00.000Z,Pittsburgh,Florida State,7,24,False,PRIMARY_REGULAR_PROVISIONAL,v0.22_population_ledger
2023,401525543,2023-11-04T19:30:00.000Z,Louisville,Virginia Tech,34,3,False,PRIMARY_REGULAR_PROVISIONAL,v0.22_population_ledger
2023,401525880,2023-11-04T19:30:00.000Z,Baylor,Houston,24,25,False,PRIMARY_REGULAR_PROVISIONAL,v0.22_population_ledger
2023,401525881,2023-11-04T19:30:00.000Z,Cincinnati,UCF,26,28,False,PRIMARY_REGULAR_PROVISIONAL,v0.22_population_ledger
2023,401525883,2023-11-04T19:30:00.000Z,Oklahoma State,Oklahoma,27,24,False,PRIMARY_REGULAR_PROVISIONAL,v0.22_population_ledger
2023,401531374,2023-11-04T19:30:00.000Z,East Carolina,Tulane,10,13,False,PRIMARY_REGULAR_PROVISIONAL,v0.22_population_ledger
2023,401531906,2023-11-04T19:30:00.000Z,Georgia State,James Madison,14,42,False,PRIMARY_REGULAR_PROVISIONAL,v0.22_population_ledger
2023,401531907,2023-11-04T19:30:00.000Z,Old Dominion,Coastal Carolina,24,28,False,PRIMARY_REGULAR_PROVISIONAL,v0.22_population_ledger
2023,401520379,2023-11-04T20:00:00.000Z,Vanderbilt,Auburn,15,31,False,PRIMARY_REGULAR_PROVISIONAL,v0.22_population_ledger
2023,401531343,2023-11-04T20:00:00.000Z,Tulsa,Charlotte,26,33,False,PRIMARY_REGULAR_PROVISIONAL,v0.22_population_ledger
2023,401531909,2023-11-04T20:00:00.000Z,Southern Miss,UL Monroe,24,7,False,PRIMARY_REGULAR_PROVISIONAL,v0.22_population_ledger
2023,401532610,2023-11-04T20:00:00.000Z,Nevada,Hawaii,14,27,False,PRIMARY_REGULAR_PROVISIONAL,v0.22_population_ledger
2023,401531910,2023-11-04T21:00:00.000Z,Texas State,Georgia Southern,45,24,False,PRIMARY_REGULAR_PROVISIONAL,v0.22_population_ledger
2023,401524047,2023-11-04T21:30:00.000Z,Oregon,California,63,19,False,PRIMARY_REGULAR_PROVISIONAL,v0.22_population_ledger
2023,401520366,2023-11-04T22:00:00.000Z,Liberty,Louisiana Tech,56,30,False,PRIMARY_REGULAR_PROVISIONAL,v0.22_population_ledger
2023,401520372,2023-11-04T22:00:00.000Z,New Mexico State,Middle Tennessee,13,7,False,PRIMARY_REGULAR_PROVISIONAL,v0.22_population_ledger
2023,401531905,2023-11-04T22:00:00.000Z,Appalachian State,Marshall,31,9,False,PRIMARY_REGULAR_PROVISIONAL,v0.22_population_ledger
2023,401532611,2023-11-04T22:00:00.000Z,New Mexico,UNLV,14,56,False,PRIMARY_REGULAR_PROVISIONAL,v0.22_population_ledger
2023,401525882,2023-11-04T23:00:00.000Z,Iowa State,Kansas,21,28,False,PRIMARY_REGULAR_PROVISIONAL,v0.22_population_ledger
2023,401525885,2023-11-04T23:00:00.000Z,West Virginia,BYU,37,7,False,PRIMARY_REGULAR_PROVISIONAL,v0.22_population_ledger
2023,401532612,2023-11-04T23:00:00.000Z,San Diego State,Utah State,24,32,False,PRIMARY_REGULAR_PROVISIONAL,v0.22_population_ledger
2023,401520368,2023-11-04T23:30:00.000Z,Michigan,Purdue,41,13,False,PRIMARY_REGULAR_PROVISIONAL,v0.22_population_ledger
2023,401520371,2023-11-04T23:30:00.000Z,Mississippi State,Kentucky,3,24,False,PRIMARY_REGULAR_PROVISIONAL,v0.22_population_ledger
2023,401524048,2023-11-04T23:30:00.000Z,USC,Washington,42,52,False,PRIMARY_REGULAR_PROVISIONAL,v0.22_population_ledger
2023,401531440,2023-11-04T23:30:00.000Z,Rice,SMU,31,36,False,PRIMARY_REGULAR_PROVISIONAL,v0.22_population_ledger
2023,401520362,2023-11-04T23:45:00.000Z,Alabama,LSU,42,28,False,PRIMARY_REGULAR_PROVISIONAL,v0.22_population_ledger
2023,401525544,2023-11-05T00:00:00.000Z,NC State,Miami (FL),20,6,False,PRIMARY_REGULAR_PROVISIONAL,v0.22_population_ledger
2023,401520378,2023-11-05T01:00:00.000Z,UTEP,Western Kentucky,13,21,False,PRIMARY_REGULAR_PROVISIONAL,v0.22_population_ledger
2023,401524050,2023-11-05T01:00:00.000Z,Washington State,Stanford,7,10,False,PRIMARY_REGULAR_PROVISIONAL,v0.22_population_ledger
2023,401524046,2023-11-05T02:00:00.000Z,Colorado,Oregon State,19,26,False,PRIMARY_REGULAR_PROVISIONAL,v0.22_population_ledger
2023,401532608,2023-11-05T02:00:00.000Z,Fresno State,Boise State,37,30,False,PRIMARY_REGULAR_PROVISIONAL,v0.22_population_ledger
2023,401524045,2023-11-05T02:30:00.000Z,Arizona,UCLA,27,10,False,PRIMARY_REGULAR_PROVISIONAL,v0.22_population_ledger
2023,401532437,2023-11-08T00:00:00.000Z,Northern Illinois,Ball State,17,20,False,PRIMARY_REGULAR_PROVISIONAL,v0.22_population_ledger
2023,401532438,2023-11-08T00:00:00.000Z,Western Michigan,Central Michigan,38,28,False,PRIMARY_REGULAR_PROVISIONAL,v0.22_population_ledger
2023,401532439,2023-11-08T00:30:00.000Z,Buffalo,Ohio,10,20,False,PRIMARY_REGULAR_PROVISIONAL,v0.22_population_ledger
2023,401532441,2023-11-09T00:00:00.000Z,Miami (OH),Akron,19,0,False,PRIMARY_REGULAR_PROVISIONAL,v0.22_population_ledger
2023,401532442,2023-11-09T00:00:00.000Z,Kent State,Bowling Green,19,49,False,PRIMARY_REGULAR_PROVISIONAL,v0.22_population_ledger
2023,401532440,2023-11-09T00:30:00.000Z,Toledo,Eastern Michigan,49,23,False,PRIMARY_REGULAR_PROVISIONAL,v0.22_population_ledger
2023,401525546,2023-11-10T00:30:00.000Z,Louisville,Virginia,31,24,False,PRIMARY_REGULAR_PROVISIONAL,v0.22_population_ledger
2023,401531911,2023-11-10T00:30:00.000Z,Louisiana,Southern Miss,31,34,False,PRIMARY_REGULAR_PROVISIONAL,v0.22_population_ledger
2023,401531437,2023-11-11T02:00:00.000Z,SMU,North Texas,45,21,False,PRIMARY_REGULAR_PROVISIONAL,v0.22_population_ledger
2023,401532618,2023-11-11T03:45:00.000Z,UNLV,Wyoming,34,14,False,PRIMARY_REGULAR_PROVISIONAL,v0.22_population_ledger
2023,401520383,2023-11-11T17:00:00.000Z,Illinois,Indiana,48,45,False,PRIMARY_REGULAR_PROVISIONAL,v0.22_population_ledger
2023,401520386,2023-11-11T17:00:00.000Z,Kentucky,Alabama,21,49,False,PRIMARY_REGULAR_PROVISIONAL,v0.22_population_ledger
2023,401520392,2023-11-11T17:00:00.000Z,Nebraska,Maryland,10,13,False,PRIMARY_REGULAR_PROVISIONAL,v0.22_population_ledger
2023,401520394,2023-11-11T17:00:00.000Z,Penn State,Michigan,15,24,False,PRIMARY_REGULAR_PROVISIONAL,v0.22_population_ledger
2023,401520396,2023-11-11T17:00:00.000Z,South Carolina,Vanderbilt,47,6,False,PRIMARY_REGULAR_PROVISIONAL,v0.22_population_ledger
2023,401525547,2023-11-11T17:00:00.000Z,Boston College,Virginia Tech,22,48,False,PRIMARY_REGULAR_PROVISIONAL,v0.22_population_ledger
2023,401525548,2023-11-11T17:00:00.000Z,Clemson,Georgia Tech,42,21,False,PRIMARY_REGULAR_PROVISIONAL,v0.22_population_ledger
2023,401525888,2023-11-11T17:00:00.000Z,Kansas,Texas Tech,13,16,False,PRIMARY_REGULAR_PROVISIONAL,v0.22_population_ledger
2023,401531344,2023-11-11T17:00:00.000Z,Tulane,Tulsa,24,22,False,PRIMARY_REGULAR_PROVISIONAL,v0.22_population_ledger
2023,401531393,2023-11-11T17:00:00.000Z,South Florida,Temple,27,23,False,PRIMARY_REGULAR_PROVISIONAL,v0.22_population_ledger
2023,401520388,2023-11-11T18:00:00.000Z,Liberty,Old Dominion,38,10,False,PRIMARY_REGULAR_PROVISIONAL,v0.22_population_ledger
2023,401520385,2023-11-11T19:00:00.000Z,James Madison,UConn,44,6,False,PRIMARY_REGULAR_PROVISIONAL,v0.22_population_ledger
2023,401524052,2023-11-11T19:00:00.000Z,Colorado,Arizona,31,34,False,PRIMARY_REGULAR_PROVISIONAL,v0.22_population_ledger
2023,401525551,2023-11-11T19:00:00.000Z,Wake Forest,NC State,6,26,False,PRIMARY_REGULAR_PROVISIONAL,v0.22_population_ledger
2023,401531408,2023-11-11T19:00:00.000Z,Charlotte,Memphis,38,44,False,PRIMARY_REGULAR_PROVISIONAL,v0.22_population_ledger
2023,401531913,2023-11-11T19:00:00.000Z,Georgia State,Appalachian State,14,42,False,PRIMARY_REGULAR_PROVISIONAL,v0.22_population_ledger
2023,401531915,2023-11-11T19:00:00.000Z,UL Monroe,Troy,14,45,False,PRIMARY_REGULAR_PROVISIONAL,v0.22_population_ledger
2023,401520387,2023-11-11T20:00:00.000Z,Louisiana Tech,Sam Houston,27,42,False,PRIMARY_REGULAR_PROVISIONAL,v0.22_population_ledger
2023,401525889,2023-11-11T20:00:00.000Z,Kansas State,Baylor,59,25,False,PRIMARY_REGULAR_PROVISIONAL,v0.22_population_ledger
2023,401532615,2023-11-11T20:00:00.000Z,Utah State,Nevada,41,24,False,PRIMARY_REGULAR_PROVISIONAL,v0.22_population_ledger
2023,401520384,2023-11-11T20:30:00.000Z,Iowa,Rutgers,22,0,False,PRIMARY_REGULAR_PROVISIONAL,v0.22_population_ledger
2023,401520390,2023-11-11T20:30:00.000Z,Middle Tennessee,FIU,40,6,False,PRIMARY_REGULAR_PROVISIONAL,v0.22_population_ledger
2023,401520391,2023-11-11T20:30:00.000Z,Missouri,Tennessee,36,7,False,PRIMARY_REGULAR_PROVISIONAL,v0.22_population_ledger
2023,401520395,2023-11-11T20:30:00.000Z,Purdue,Minnesota,49,30,False,PRIMARY_REGULAR_PROVISIONAL,v0.22_population_ledger
2023,401520398,2023-11-11T20:30:00.000Z,Wisconsin,Northwestern,10,24,False,PRIMARY_REGULAR_PROVISIONAL,v0.22_population_ledger
2023,401520399,2023-11-11T20:30:00.000Z,Western Kentucky,New Mexico State,29,38,False,PRIMARY_REGULAR_PROVISIONAL,v0.22_population_ledger
2023,401524056,2023-11-11T20:30:00.000Z,Washington,Utah,35,28,False,PRIMARY_REGULAR_PROVISIONAL,v0.22_population_ledger
2023,401525550,2023-11-11T20:30:00.000Z,Florida State,Miami (FL),27,20,False,PRIMARY_REGULAR_PROVISIONAL,v0.22_population_ledger
2023,401525552,2023-11-11T20:30:00.000Z,Syracuse,Pittsburgh,28,13,True,PRIMARY_REGULAR_PROVISIONAL,v0.22_population_ledger
2023,401525892,2023-11-11T20:30:00.000Z,UCF,Oklahoma State,45,3,False,PRIMARY_REGULAR_PROVISIONAL,v0.22_population_ledger
2023,401531384,2023-11-11T20:30:00.000Z,Navy,UAB,31,6,False,PRIMARY_REGULAR_PROVISIONAL,v0.22_population_ledger
2023,401531912,2023-11-11T20:30:00.000Z,Coastal Carolina,Texas State,31,23,False,PRIMARY_REGULAR_PROVISIONAL,v0.22_population_ledger
2023,401520380,2023-11-11T21:00:00.000Z,Arkansas,Auburn,10,48,False,PRIMARY_REGULAR_PROVISIONAL,v0.22_population_ledger
2023,401524051,2023-11-11T21:00:00.000Z,California,Washington State,42,39,False,PRIMARY_REGULAR_PROVISIONAL,v0.22_population_ledger
2023,401531416,2023-11-11T21:00:00.000Z,Florida Atlantic,East Carolina,7,22,False,PRIMARY_REGULAR_PROVISIONAL,v0.22_population_ledger
2023,401531916,2023-11-11T22:00:00.000Z,South Alabama,Arkansas State,21,14,False,PRIMARY_REGULAR_PROVISIONAL,v0.22_population_ledger
2023,401524054,2023-11-11T22:30:00.000Z,Oregon State,Stanford,62,17,False,PRIMARY_REGULAR_PROVISIONAL,v0.22_population_ledger
2023,401520382,2023-11-12T00:00:00.000Z,Georgia,Ole Miss,52,17,False,PRIMARY_REGULAR_PROVISIONAL,v0.22_population_ledger
2023,401525887,2023-11-12T00:00:00.000Z,Houston,Cincinnati,14,24,False,PRIMARY_REGULAR_PROVISIONAL,v0.22_population_ledger
2023,401525890,2023-11-12T00:00:00.000Z,Oklahoma,West Virginia,59,20,False,PRIMARY_REGULAR_PROVISIONAL,v0.22_population_ledger
2023,401531914,2023-11-12T00:00:00.000Z,Marshall,Georgia Southern,38,33,False,PRIMARY_REGULAR_PROVISIONAL,v0.22_population_ledger
2023,401532617,2023-11-12T00:00:00.000Z,Colorado State,San Diego State,22,19,False,PRIMARY_REGULAR_PROVISIONAL,v0.22_population_ledger
2023,401520389,2023-11-12T00:30:00.000Z,LSU,Florida,52,35,False,PRIMARY_REGULAR_PROVISIONAL,v0.22_population_ledger
2023,401520393,2023-11-12T00:30:00.000Z,Ohio State,Michigan State,38,3,False,PRIMARY_REGULAR_PROVISIONAL,v0.22_population_ledger
2023,401520397,2023-11-12T00:30:00.000Z,Texas A&M,Mississippi State,51,10,False,PRIMARY_REGULAR_PROVISIONAL,v0.22_population_ledger
2023,401525891,2023-11-12T00:30:00.000Z,TCU,Texas,26,29,False,PRIMARY_REGULAR_PROVISIONAL,v0.22_population_ledger
2023,401531400,2023-11-12T00:30:00.000Z,UTSA,Rice,34,14,False,PRIMARY_REGULAR_PROVISIONAL,v0.22_population_ledger
2023,401525549,2023-11-12T01:00:00.000Z,North Carolina,Duke,47,45,False,PRIMARY_REGULAR_PROVISIONAL,v0.22_population_ledger
2023,401524055,2023-11-12T02:00:00.000Z,UCLA,Arizona State,7,17,False,PRIMARY_REGULAR_PROVISIONAL,v0.22_population_ledger
2023,401532616,2023-11-12T03:00:00.000Z,Boise State,New Mexico,42,14,False,PRIMARY_REGULAR_PROVISIONAL,v0.22_population_ledger
2023,401525886,2023-11-12T03:15:00.000Z,BYU,Iowa State,13,45,False,PRIMARY_REGULAR_PROVISIONAL,v0.22_population_ledger
2023,401524053,2023-11-12T03:30:00.000Z,Oregon,USC,36,27,False,PRIMARY_REGULAR_PROVISIONAL,v0.22_population_ledger
2023,401532614,2023-11-12T03:30:00.000Z,San Jose State,Fresno State,42,18,False,PRIMARY_REGULAR_PROVISIONAL,v0.22_population_ledger
2023,401532613,2023-11-12T04:00:00.000Z,Hawaii,Air Force,27,13,False,PRIMARY_REGULAR_PROVISIONAL,v0.22_population_ledger
2023,401532443,2023-11-15T00:00:00.000Z,Bowling Green,Toledo,31,32,False,PRIMARY_REGULAR_PROVISIONAL,v0.22_population_ledger
2023,401532444,2023-11-15T00:00:00.000Z,Northern Illinois,Western Michigan,24,0,False,PRIMARY_REGULAR_PROVISIONAL,v0.22_population_ledger
2023,401532445,2023-11-15T00:00:00.000Z,Eastern Michigan,Akron,30,27,False,PRIMARY_REGULAR_PROVISIONAL,v0.22_population_ledger
2023,401532446,2023-11-16T00:00:00.000Z,Ohio,Central Michigan,34,20,False,PRIMARY_REGULAR_PROVISIONAL,v0.22_population_ledger
2023,401532447,2023-11-16T00:00:00.000Z,Miami (OH),Buffalo,23,10,False,PRIMARY_REGULAR_PROVISIONAL,v0.22_population_ledger
2023,401525553,2023-11-17T00:00:00.000Z,Pittsburgh,Boston College,24,16,False,PRIMARY_REGULAR_PROVISIONAL,v0.22_population_ledger
2023,401531401,2023-11-18T02:00:00.000Z,UTSA,South Florida,49,21,False,PRIMARY_REGULAR_PROVISIONAL,v0.22_population_ledger
2023,401524057,2023-11-18T03:30:00.000Z,Washington State,Colorado,56,14,False,PRIMARY_REGULAR_PROVISIONAL,v0.22_population_ledger
2023,401520403,2023-11-18T17:00:00.000Z,Army,Coastal Carolina,28,21,False,PRIMARY_REGULAR_PROVISIONAL,v0.22_population_ledger
2023,401520405,2023-11-18T17:00:00.000Z,Indiana,Michigan State,21,24,False,PRIMARY_REGULAR_PROVISIONAL,v0.22_population_ledger
2023,401520410,2023-11-18T17:00:00.000Z,Maryland,Michigan,24,31,False,PRIMARY_REGULAR_PROVISIONAL,v0.22_population_ledger
2023,401520412,2023-11-18T17:00:00.000Z,Mississippi State,Southern Miss,41,20,False,PRIMARY_REGULAR_PROVISIONAL,v0.22_population_ledger
2023,401520414,2023-11-18T17:00:00.000Z,Northwestern,Purdue,23,15,False,PRIMARY_REGULAR_PROVISIONAL,v0.22_population_ledger
2023,401520416,2023-11-18T17:00:00.000Z,Ole Miss,UL Monroe,35,3,False,PRIMARY_REGULAR_PROVISIONAL,v0.22_population_ledger
2023,401520417,2023-11-18T17:00:00.000Z,Penn State,Rutgers,27,6,False,PRIMARY_REGULAR_PROVISIONAL,v0.22_population_ledger
2023,401525558,2023-11-18T17:00:00.000Z,Miami (FL),Louisville,31,38,False,PRIMARY_REGULAR_PROVISIONAL,v0.22_population_ledger
2023,401525893,2023-11-18T17:00:00.000Z,BYU,Oklahoma,24,31,False,PRIMARY_REGULAR_PROVISIONAL,v0.22_population_ledger
2023,401531375,2023-11-18T17:00:00.000Z,Florida Atlantic,Tulane,8,24,False,PRIMARY_REGULAR_PROVISIONAL,v0.22_population_ledger
2023,401531417,2023-11-18T17:00:00.000Z,Navy,East Carolina,10,0,False,PRIMARY_REGULAR_PROVISIONAL,v0.22_population_ledger
2023,401531431,2023-11-18T17:00:00.000Z,Memphis,SMU,34,38,False,PRIMARY_REGULAR_PROVISIONAL,v0.22_population_ledger
2023,401520408,2023-11-18T18:00:00.000Z,Liberty,UMass,49,25,False,PRIMARY_REGULAR_PROVISIONAL,v0.22_population_ledger
2023,401520407,2023-11-18T19:00:00.000Z,Jacksonville State,Louisiana Tech,56,17,False,PRIMARY_REGULAR_PROVISIONAL,v0.22_population_ledger
2023,401520411,2023-11-18T19:00:00.000Z,Middle Tennessee,UTEP,34,30,False,PRIMARY_REGULAR_PROVISIONAL,v0.22_population_ledger
2023,401531409,2023-11-18T19:00:00.000Z,Charlotte,Rice,7,28,False,PRIMARY_REGULAR_PROVISIONAL,v0.22_population_ledger
2023,401531918,2023-11-18T19:00:00.000Z,James Madison,Appalachian State,23,26,False,PRIMARY_REGULAR_PROVISIONAL,v0.22_population_ledger
2023,401532448,2023-11-18T19:00:00.000Z,Ball State,Kent State,34,3,False,PRIMARY_REGULAR_PROVISIONAL,v0.22_population_ledger
2023,401532620,2023-11-18T19:00:00.000Z,Wyoming,Hawaii,42,9,False,PRIMARY_REGULAR_PROVISIONAL,v0.22_population_ledger
2023,401524058,2023-11-18T19:30:00.000Z,Arizona,Utah,42,18,False,PRIMARY_REGULAR_PROVISIONAL,v0.22_population_ledger
2023,401525899,2023-11-18T19:30:00.000Z,West Virginia,Cincinnati,42,21,False,PRIMARY_REGULAR_PROVISIONAL,v0.22_population_ledger
2023,401525555,2023-11-18T20:00:00.000Z,Virginia,Duke,30,27,False,PRIMARY_REGULAR_PROVISIONAL,v0.22_population_ledger
2023,401531345,2023-11-18T20:00:00.000Z,Tulsa,North Texas,28,35,False,PRIMARY_REGULAR_PROVISIONAL,v0.22_population_ledger
2023,401531385,2023-11-18T20:00:00.000Z,UAB,Temple,34,24,False,PRIMARY_REGULAR_PROVISIONAL,v0.22_population_ledger
2023,401531919,2023-11-18T20:00:00.000Z,Arkansas State,Texas State,77,31,False,PRIMARY_REGULAR_PROVISIONAL,v0.22_population_ledger
2023,401532621,2023-11-18T20:00:00.000Z,Colorado State,Nevada,30,20,False,PRIMARY_REGULAR_PROVISIONAL,v0.22_population_ledger
2023,401520406,2023-11-18T20:30:00.000Z,Iowa,Illinois,15,13,False,PRIMARY_REGULAR_PROVISIONAL,v0.22_population_ledger
2023,401520419,2023-11-18T20:30:00.000Z,Tennessee,Georgia,10,38,False,PRIMARY_REGULAR_PROVISIONAL,v0.22_population_ledger
2023,401520423,2023-11-18T20:30:00.000Z,Western Kentucky,Sam Houston,28,23,False,PRIMARY_REGULAR_PROVISIONAL,v0.22_population_ledger
2023,401524062,2023-11-18T20:30:00.000Z,USC,UCLA,20,38,False,PRIMARY_REGULAR_PROVISIONAL,v0.22_population_ledger
2023,401525442,2023-11-18T20:30:00.000Z,Notre Dame,Wake Forest,45,7,False,PRIMARY_REGULAR_PROVISIONAL,v0.22_population_ledger
2023,401525554,2023-11-18T20:30:00.000Z,Clemson,North Carolina,31,20,False,PRIMARY_REGULAR_PROVISIONAL,v0.22_population_ledger
2023,401525559,2023-11-18T20:30:00.000Z,Virginia Tech,NC State,28,35,False,PRIMARY_REGULAR_PROVISIONAL,v0.22_population_ledger
2023,401525897,2023-11-18T20:30:00.000Z,TCU,Baylor,42,17,False,PRIMARY_REGULAR_PROVISIONAL,v0.22_population_ledger
2023,401531921,2023-11-18T20:30:00.000Z,Troy,Louisiana,31,24,False,PRIMARY_REGULAR_PROVISIONAL,v0.22_population_ledger
2023,401532624,2023-11-18T20:30:00.000Z,Air Force,UNLV,27,31,False,PRIMARY_REGULAR_PROVISIONAL,v0.22_population_ledger
2023,401520404,2023-11-18T21:00:00.000Z,Auburn,New Mexico State,10,31,False,PRIMARY_REGULAR_PROVISIONAL,v0.22_population_ledger
2023,401520415,2023-11-18T21:00:00.000Z,Ohio State,Minnesota,37,3,False,PRIMARY_REGULAR_PROVISIONAL,v0.22_population_ledger
2023,401524059,2023-11-18T21:00:00.000Z,Arizona State,Oregon,13,49,False,PRIMARY_REGULAR_PROVISIONAL,v0.22_population_ledger
2023,401525894,2023-11-18T21:00:00.000Z,Houston,Oklahoma State,30,43,False,PRIMARY_REGULAR_PROVISIONAL,v0.22_population_ledger
2023,401525898,2023-11-18T22:00:00.000Z,Texas Tech,UCF,24,23,False,PRIMARY_REGULAR_PROVISIONAL,v0.22_population_ledger
2023,401531920,2023-11-18T22:00:00.000Z,South Alabama,Marshall,28,0,False,PRIMARY_REGULAR_PROVISIONAL,v0.22_population_ledger
2023,401531917,2023-11-18T23:00:00.000Z,Georgia Southern,Old Dominion,17,20,False,PRIMARY_REGULAR_PROVISIONAL,v0.22_population_ledger
2023,401524061,2023-11-18T23:30:00.000Z,Stanford,California,15,27,False,PRIMARY_REGULAR_PROVISIONAL,v0.22_population_ledger
2023,401525896,2023-11-19T00:00:00.000Z,Kansas,Kansas State,27,31,False,PRIMARY_REGULAR_PROVISIONAL,v0.22_population_ledger
2023,401532619,2023-11-19T00:00:00.000Z,Utah State,Boise State,10,45,False,PRIMARY_REGULAR_PROVISIONAL,v0.22_population_ledger
2023,401520402,2023-11-19T00:30:00.000Z,Arkansas,FIU,44,20,False,PRIMARY_REGULAR_PROVISIONAL,v0.22_population_ledger
2023,401520413,2023-11-19T00:30:00.000Z,Missouri,Florida,33,31,False,PRIMARY_REGULAR_PROVISIONAL,v0.22_population_ledger
2023,401520418,2023-11-19T00:30:00.000Z,South Carolina,Kentucky,17,14,False,PRIMARY_REGULAR_PROVISIONAL,v0.22_population_ledger
2023,401520422,2023-11-19T00:30:00.000Z,Wisconsin,Nebraska,24,17,False,PRIMARY_REGULAR_PROVISIONAL,v0.22_population_ledger
2023,401524060,2023-11-19T00:30:00.000Z,Oregon State,Washington,20,22,False,PRIMARY_REGULAR_PROVISIONAL,v0.22_population_ledger
2023,401520409,2023-11-19T01:00:00.000Z,LSU,Georgia State,56,14,False,PRIMARY_REGULAR_PROVISIONAL,v0.22_population_ledger
2023,401525557,2023-11-19T01:00:00.000Z,Georgia Tech,Syracuse,31,22,False,PRIMARY_REGULAR_PROVISIONAL,v0.22_population_ledger
2023,401525895,2023-11-19T01:00:00.000Z,Iowa State,Texas,16,26,False,PRIMARY_REGULAR_PROVISIONAL,v0.22_population_ledger
2023,401532622,2023-11-19T03:30:00.000Z,Fresno State,New Mexico,17,25,False,PRIMARY_REGULAR_PROVISIONAL,v0.22_population_ledger
2023,401532623,2023-11-19T03:30:00.000Z,San Jose State,San Diego State,24,13,False,PRIMARY_REGULAR_PROVISIONAL,v0.22_population_ledger
2023,401532450,2023-11-22T00:00:00.000Z,Western Michigan,Bowling Green,10,34,False,PRIMARY_REGULAR_PROVISIONAL,v0.22_population_ledger
2023,401532449,2023-11-22T00:30:00.000Z,Buffalo,Eastern Michigan,11,24,False,PRIMARY_REGULAR_PROVISIONAL,v0.22_population_ledger
2023,401520424,2023-11-24T00:30:00.000Z,Mississippi State,Ole Miss,7,17,False,PRIMARY_REGULAR_PROVISIONAL,v0.22_population_ledger
2023,401520425,2023-11-24T17:00:00.000Z,Nebraska,Iowa,10,13,False,PRIMARY_REGULAR_PROVISIONAL,v0.22_population_ledger
2023,401525560,2023-11-24T17:00:00.000Z,Boston College,Miami (FL),20,45,False,PRIMARY_REGULAR_PROVISIONAL,v0.22_population_ledger
2023,401525900,2023-11-24T17:00:00.000Z,Oklahoma,TCU,69,45,False,PRIMARY_REGULAR_PROVISIONAL,v0.22_population_ledger
2023,401531394,2023-11-24T17:00:00.000Z,Temple,Memphis,21,45,False,PRIMARY_REGULAR_PROVISIONAL,v0.22_population_ledger
2023,401532451,2023-11-24T17:00:00.000Z,Central Michigan,Toledo,17,32,False,PRIMARY_REGULAR_PROVISIONAL,v0.22_population_ledger
2023,401532452,2023-11-24T17:00:00.000Z,Akron,Ohio,14,25,False,PRIMARY_REGULAR_PROVISIONAL,v0.22_population_ledger
2023,401531376,2023-11-24T20:30:00.000Z,Tulane,UTSA,29,16,False,PRIMARY_REGULAR_PROVISIONAL,v0.22_population_ledger
2023,401532629,2023-11-24T20:30:00.000Z,New Mexico,Utah State,41,44,False,PRIMARY_REGULAR_PROVISIONAL,v0.22_population_ledger
2023,401520426,2023-11-24T21:00:00.000Z,Arkansas,Missouri,14,48,False,PRIMARY_REGULAR_PROVISIONAL,v0.22_population_ledger
2023,401532625,2023-11-24T21:00:00.000Z,Boise State,Air Force,27,19,False,PRIMARY_REGULAR_PROVISIONAL,v0.22_population_ledger
2023,401520435,2023-11-25T00:30:00.000Z,Michigan State,Penn State,0,42,True,PRIMARY_REGULAR_PROVISIONAL,v0.22_population_ledger
2023,401525901,2023-11-25T00:30:00.000Z,Texas,Texas Tech,57,7,False,PRIMARY_REGULAR_PROVISIONAL,v0.22_population_ledger
2023,401524063,2023-11-25T01:30:00.000Z,Oregon,Oregon State,31,7,False,PRIMARY_REGULAR_PROVISIONAL,v0.22_population_ledger
2023,401520432,2023-11-25T17:00:00.000Z,Louisville,Kentucky,31,38,False,PRIMARY_REGULAR_PROVISIONAL,v0.22_population_ledger
2023,401520433,2023-11-25T17:00:00.000Z,LSU,Texas A&M,42,30,False,PRIMARY_REGULAR_PROVISIONAL,v0.22_population_ledger
2023,401520434,2023-11-25T17:00:00.000Z,Michigan,Ohio State,30,24,False,PRIMARY_REGULAR_PROVISIONAL,v0.22_population_ledger
2023,401520438,2023-11-25T17:00:00.000Z,Purdue,Indiana,35,31,False,PRIMARY_REGULAR_PROVISIONAL,v0.22_population_ledger
2023,401520440,2023-11-25T17:00:00.000Z,Sam Houston,Middle Tennessee,23,20,False,PRIMARY_REGULAR_PROVISIONAL,v0.22_population_ledger
2023,401520443,2023-11-25T17:00:00.000Z,UMass,UConn,18,31,False,PRIMARY_REGULAR_PROVISIONAL,v0.22_population_ledger
2023,401525561,2023-11-25T17:00:00.000Z,Duke,Pittsburgh,30,19,False,PRIMARY_REGULAR_PROVISIONAL,v0.22_population_ledger
2023,401525906,2023-11-25T17:00:00.000Z,UCF,Houston,27,13,False,PRIMARY_REGULAR_PROVISIONAL,v0.22_population_ledger
2023,401531435,2023-11-25T17:00:00.000Z,SMU,Navy,59,14,False,PRIMARY_REGULAR_PROVISIONAL,v0.22_population_ledger
2023,401531927,2023-11-25T17:00:00.000Z,Southern Miss,Troy,17,35,False,PRIMARY_REGULAR_PROVISIONAL,v0.22_population_ledger
2023,401532453,2023-11-25T17:00:00.000Z,Kent State,Northern Illinois,27,37,False,PRIMARY_REGULAR_PROVISIONAL,v0.22_population_ledger
2023,401532454,2023-11-25T17:00:00.000Z,Ball State,Miami (OH),15,17,False,PRIMARY_REGULAR_PROVISIONAL,v0.22_population_ledger
2023,401531421,2023-11-25T18:00:00.000Z,Rice,Florida Atlantic,24,21,False,PRIMARY_REGULAR_PROVISIONAL,v0.22_population_ledger
2023,401525563,2023-11-25T19:00:00.000Z,Syracuse,Wake Forest,35,31,False,PRIMARY_REGULAR_PROVISIONAL,v0.22_population_ledger
2023,401531346,2023-11-25T19:00:00.000Z,East Carolina,Tulsa,27,29,False,PRIMARY_REGULAR_PROVISIONAL,v0.22_population_ledger
2023,401531386,2023-11-25T19:00:00.000Z,North Texas,UAB,45,42,False,PRIMARY_REGULAR_PROVISIONAL,v0.22_population_ledger
2023,401531925,2023-11-25T19:00:00.000Z,Old Dominion,Georgia State,25,24,False,PRIMARY_REGULAR_PROVISIONAL,v0.22_population_ledger
2023,401520428,2023-11-25T20:00:00.000Z,FIU,Western Kentucky,28,41,False,PRIMARY_REGULAR_PROVISIONAL,v0.22_population_ledger
2023,401524067,2023-11-25T20:00:00.000Z,Utah,Colorado,23,17,False,PRIMARY_REGULAR_PROVISIONAL,v0.22_population_ledger
2023,401531926,2023-11-25T20:00:00.000Z,Louisiana,UL Monroe,52,21,False,PRIMARY_REGULAR_PROVISIONAL,v0.22_population_ledger
2023,401532628,2023-11-25T20:00:00.000Z,UNLV,San Jose State,31,37,False,PRIMARY_REGULAR_PROVISIONAL,v0.22_population_ledger
2023,401520427,2023-11-25T20:30:00.000Z,Auburn,Alabama,24,27,False,PRIMARY_REGULAR_PROVISIONAL,v0.22_population_ledger
2023,401520431,2023-11-25T20:30:00.000Z,Illinois,Northwestern,43,45,False,PRIMARY_REGULAR_PROVISIONAL,v0.22_population_ledger
2023,401520436,2023-11-25T20:30:00.000Z,Minnesota,Wisconsin,14,28,False,PRIMARY_REGULAR_PROVISIONAL,v0.22_population_ledger
2023,401520439,2023-11-25T20:30:00.000Z,Rutgers,Maryland,24,42,False,PRIMARY_REGULAR_PROVISIONAL,v0.22_population_ledger
2023,401520442,2023-11-25T20:30:00.000Z,Tennessee,Vanderbilt,48,24,False,PRIMARY_REGULAR_PROVISIONAL,v0.22_population_ledger
2023,401520444,2023-11-25T20:30:00.000Z,UTEP,Liberty,28,42,False,PRIMARY_REGULAR_PROVISIONAL,v0.22_population_ledger
2023,401524064,2023-11-25T20:30:00.000Z,Arizona State,Arizona,23,59,False,PRIMARY_REGULAR_PROVISIONAL,v0.22_population_ledger
2023,401525564,2023-11-25T20:30:00.000Z,Virginia,Virginia Tech,17,55,False,PRIMARY_REGULAR_PROVISIONAL,v0.22_population_ledger
2023,401525905,2023-11-25T20:30:00.000Z,Oklahoma State,BYU,40,34,False,PRIMARY_REGULAR_PROVISIONAL,v0.22_population_ledger
2023,401531922,2023-11-25T20:30:00.000Z,Appalachian State,Georgia Southern,55,27,False,PRIMARY_REGULAR_PROVISIONAL,v0.22_population_ledger
2023,401531923,2023-11-25T20:30:00.000Z,Coastal Carolina,James Madison,14,56,False,PRIMARY_REGULAR_PROVISIONAL,v0.22_population_ledger
2023,401531924,2023-11-25T20:30:00.000Z,Marshall,Arkansas State,35,21,False,PRIMARY_REGULAR_PROVISIONAL,v0.22_population_ledger
2023,401520437,2023-11-25T21:00:00.000Z,New Mexico State,Jacksonville State,20,17,False,PRIMARY_REGULAR_PROVISIONAL,v0.22_population_ledger
2023,401524068,2023-11-25T21:00:00.000Z,Washington,Washington State,24,21,False,PRIMARY_REGULAR_PROVISIONAL,v0.22_population_ledger
2023,401520429,2023-11-26T00:00:00.000Z,Florida,Florida State,15,24,False,PRIMARY_REGULAR_PROVISIONAL,v0.22_population_ledger
2023,401524065,2023-11-26T00:00:00.000Z,Stanford,Notre Dame,23,56,False,PRIMARY_REGULAR_PROVISIONAL,v0.22_population_ledger
2023,401525902,2023-11-26T00:00:00.000Z,Baylor,West Virginia,31,34,False,PRIMARY_REGULAR_PROVISIONAL,v0.22_population_ledger
2023,401531928,2023-11-26T00:00:00.000Z,Texas State,South Alabama,52,44,False,PRIMARY_REGULAR_PROVISIONAL,v0.22_population_ledger
2023,401520430,2023-11-26T00:30:00.000Z,Georgia Tech,Georgia,23,31,False,PRIMARY_REGULAR_PROVISIONAL,v0.22_population_ledger
2023,401520441,2023-11-26T00:30:00.000Z,South Carolina,Clemson,7,16,False,PRIMARY_REGULAR_PROVISIONAL,v0.22_population_ledger
2023,401525903,2023-11-26T00:30:00.000Z,Cincinnati,Kansas,16,49,False,PRIMARY_REGULAR_PROVISIONAL,v0.22_population_ledger
2023,401531410,2023-11-26T00:30:00.000Z,South Florida,Charlotte,48,14,False,PRIMARY_REGULAR_PROVISIONAL,v0.22_population_ledger
2023,401525562,2023-11-26T01:00:00.000Z,NC State,North Carolina,39,20,False,PRIMARY_REGULAR_PROVISIONAL,v0.22_population_ledger
2023,401525904,2023-11-26T01:00:00.000Z,Kansas State,Iowa State,35,42,False,PRIMARY_REGULAR_PROVISIONAL,v0.22_population_ledger
2023,401532630,2023-11-26T02:00:00.000Z,Nevada,Wyoming,6,42,False,PRIMARY_REGULAR_PROVISIONAL,v0.22_population_ledger
2023,401524066,2023-11-26T03:30:00.000Z,UCLA,California,7,33,False,PRIMARY_REGULAR_PROVISIONAL,v0.22_population_ledger
2023,401532627,2023-11-26T03:30:00.000Z,San Diego State,Fresno State,33,18,False,PRIMARY_REGULAR_PROVISIONAL,v0.22_population_ledger
2023,401532626,2023-11-26T04:00:00.000Z,Hawaii,Colorado State,27,24,False,PRIMARY_REGULAR_PROVISIONAL,v0.22_population_ledger
2023,401539476,2023-12-02T00:00:00.000Z,Liberty,New Mexico State,49,35,False,CONFERENCE_CHAMPIONSHIP_PENDING,v0.22_population_ledger
2023,401539475,2023-12-02T01:00:00.000Z,Washington,Oregon,34,31,True,CONFERENCE_CHAMPIONSHIP_PENDING,v0.22_population_ledger
2023,401539479,2023-12-02T17:00:00.000Z,Texas,Oklahoma State,49,21,True,CONFERENCE_CHAMPIONSHIP_PENDING,v0.22_population_ledger
2023,401539481,2023-12-02T17:00:00.000Z,Toledo,Miami (OH),14,23,True,CONFERENCE_CHAMPIONSHIP_PENDING,v0.22_population_ledger
2023,401539482,2023-12-02T20:00:00.000Z,UNLV,Boise State,20,44,False,CONFERENCE_CHAMPIONSHIP_PENDING,v0.22_population_ledger
2023,401539477,2023-12-02T21:00:00.000Z,Tulane,SMU,14,26,False,CONFERENCE_CHAMPIONSHIP_PENDING,v0.22_population_ledger
2023,401539483,2023-12-02T21:00:00.000Z,Alabama,Georgia,27,24,True,CONFERENCE_CHAMPIONSHIP_PENDING,v0.22_population_ledger
2023,401539484,2023-12-02T21:00:00.000Z,Troy,Appalachian State,49,23,False,CONFERENCE_CHAMPIONSHIP_PENDING,v0.22_population_ledger
2023,401539478,2023-12-03T01:00:00.000Z,Florida State,Louisville,16,6,True,CONFERENCE_CHAMPIONSHIP_PENDING,v0.22_population_ledger
2023,401539480,2023-12-03T01:00:00.000Z,Iowa,Michigan,0,26,True,CONFERENCE_CHAMPIONSHIP_PENDING,v0.22_population_ledger
2023,401520445,2023-12-09T20:00:00.000Z,Army,Navy,17,11,True,PRIMARY_REGULAR_PROVISIONAL,v0.22_population_ledger
2024,401635525,2024-08-24T16:00:00.000Z,Georgia Tech,Florida State,24,21,True,PRIMARY_REGULAR_PROVISIONAL,v0.22_population_ledger
2024,401643696,2024-08-25T00:00:00.000Z,Nevada,SMU,24,29,False,PRIMARY_REGULAR_PROVISIONAL,v0.22_population_ledger
2024,401628448,2024-08-30T00:00:00.000Z,Minnesota,North Carolina,17,19,False,PRIMARY_REGULAR_PROVISIONAL,v0.22_population_ledger
2024,401640998,2024-08-30T00:00:00.000Z,Jacksonville State,Coastal Carolina,27,55,False,PRIMARY_REGULAR_PROVISIONAL,v0.22_population_ledger
2024,401628328,2024-08-30T23:00:00.000Z,Oklahoma,Temple,51,3,False,PRIMARY_REGULAR_PROVISIONAL,v0.22_population_ledger
2024,401628453,2024-08-30T23:00:00.000Z,Michigan State,Florida Atlantic,16,10,False,PRIMARY_REGULAR_PROVISIONAL,v0.22_population_ledger
2024,401628461,2024-08-31T01:00:00.000Z,Wisconsin,Western Michigan,28,14,False,PRIMARY_REGULAR_PROVISIONAL,v0.22_population_ledger
2024,401634300,2024-08-31T02:30:00.000Z,Stanford,TCU,27,34,False,PRIMARY_REGULAR_PROVISIONAL,v0.22_population_ledger
2024,401628323,2024-08-31T16:00:00.000Z,Georgia,Clemson,34,3,True,PRIMARY_REGULAR_PROVISIONAL,v0.22_population_ledger
2024,401628333,2024-08-31T16:00:00.000Z,Vanderbilt,Virginia Tech,34,27,False,PRIMARY_REGULAR_PROVISIONAL,v0.22_population_ledger
2024,401628451,2024-08-31T16:00:00.000Z,Maryland,UConn,50,7,False,PRIMARY_REGULAR_PROVISIONAL,v0.22_population_ledger
2024,401628457,2024-08-31T16:00:00.000Z,West Virginia,Penn State,12,34,False,PRIMARY_REGULAR_PROVISIONAL,v0.22_population_ledger
2024,401634305,2024-08-31T16:00:00.000Z,Pittsburgh,Kent State,55,24,False,PRIMARY_REGULAR_PROVISIONAL,v0.22_population_ledger
2024,401628322,2024-08-31T19:30:00.000Z,Florida,Miami (FL),17,41,False,PRIMARY_REGULAR_PROVISIONAL,v0.22_population_ledger
2024,401628331,2024-08-31T19:30:00.000Z,Texas,Colorado State,52,0,False,PRIMARY_REGULAR_PROVISIONAL,v0.22_population_ledger
2024,401628449,2024-08-31T19:30:00.000Z,Indiana,FIU,31,7,False,PRIMARY_REGULAR_PROVISIONAL,v0.22_population_ledger
2024,401628454,2024-08-31T19:30:00.000Z,Nebraska,UTEP,40,7,False,PRIMARY_REGULAR_PROVISIONAL,v0.22_population_ledger
2024,401628455,2024-08-31T19:30:00.000Z,Ohio State,Akron,52,6,False,PRIMARY_REGULAR_PROVISIONAL,v0.22_population_ledger
2024,401629039,2024-08-31T19:30:00.000Z,UMass,Eastern Michigan,14,28,False,PRIMARY_REGULAR_PROVISIONAL,v0.22_population_ledger
2024,401634304,2024-08-31T19:30:00.000Z,Syracuse,Ohio,38,22,False,PRIMARY_REGULAR_PROVISIONAL,v0.22_population_ledger
2024,401641015,2024-08-31T19:30:00.000Z,UTSA,Kennesaw State,28,16,False,PRIMARY_REGULAR_PROVISIONAL,v0.22_population_ledger
2024,401644683,2024-08-31T19:30:00.000Z,Northwestern,Miami (OH),13,6,True,PRIMARY_REGULAR_PROVISIONAL,v0.22_population_ledger
2024,401643700,2024-08-31T20:00:00.000Z,Georgia Southern,Boise State,45,56,False,PRIMARY_REGULAR_PROVISIONAL,v0.22_population_ledger
2024,401628329,2024-08-31T20:15:00.000Z,South Carolina,Old Dominion,23,19,False,PRIMARY_REGULAR_PROVISIONAL,v0.22_population_ledger
2024,401643775,2024-08-31T21:00:00.000Z,South Alabama,North Texas,38,52,False,PRIMARY_REGULAR_PROVISIONAL,v0.22_population_ledger
2024,401628319,2024-08-31T23:00:00.000Z,Alabama,Western Kentucky,63,0,False,PRIMARY_REGULAR_PROVISIONAL,v0.22_population_ledger
2024,401636611,2024-08-31T23:00:00.000Z,Houston,UNLV,7,27,False,PRIMARY_REGULAR_PROVISIONAL,v0.22_population_ledger
2024,401641039,2024-08-31T23:00:00.000Z,Rice,Sam Houston,14,34,False,PRIMARY_REGULAR_PROVISIONAL,v0.22_population_ledger
2024,401643701,2024-08-31T23:00:00.000Z,Troy,Nevada,26,28,False,PRIMARY_REGULAR_PROVISIONAL,v0.22_population_ledger
2024,401628332,2024-08-31T23:30:00.000Z,Texas A&M,Notre Dame,13,23,False,PRIMARY_REGULAR_PROVISIONAL,v0.22_population_ledger
2024,401628452,2024-08-31T23:30:00.000Z,Michigan,Fresno State,30,10,False,PRIMARY_REGULAR_PROVISIONAL,v0.22_population_ledger
2024,401628459,2024-08-31T23:30:00.000Z,Hawaii,UCLA,13,16,False,PRIMARY_REGULAR_PROVISIONAL,v0.22_population_ledger
2024,401628324,2024-08-31T23:45:00.000Z,Kentucky,Southern Miss,31,0,False,PRIMARY_REGULAR_PROVISIONAL,v0.22_population_ledger
2024,401634302,2024-09-01T00:00:00.000Z,Georgia Tech,Georgia State,35,12,False,PRIMARY_REGULAR_PROVISIONAL,v0.22_population_ledger
2024,401643774,2024-09-01T00:00:00.000Z,Charlotte,James Madison,7,30,False,PRIMARY_REGULAR_PROVISIONAL,v0.22_population_ledger
2024,401636608,2024-09-01T02:30:00.000Z,Arizona,New Mexico,61,39,False,PRIMARY_REGULAR_PROVISIONAL,v0.22_population_ledger
2024,401636609,2024-09-01T02:30:00.000Z,Arizona State,Wyoming,48,7,False,PRIMARY_REGULAR_PROVISIONAL,v0.22_population_ledger
2024,401628334,2024-09-01T23:30:00.000Z,LSU,USC,20,27,True,PRIMARY_REGULAR_PROVISIONAL,v0.22_population_ledger
2024,401634306,2024-09-02T23:30:00.000Z,Florida State,Boston College,13,28,False,PRIMARY_REGULAR_PROVISIONAL,v0.22_population_ledger
2024,401634765,2024-09-06T23:00:00.000Z,SMU,BYU,15,18,False,PRIMARY_REGULAR_PROVISIONAL,v0.22_population_ledger
2024,401635533,2024-09-07T01:00:00.000Z,Northwestern,Duke,20,26,True,PRIMARY_REGULAR_PROVISIONAL,v0.22_population_ledger
2024,401628336,2024-09-07T16:00:00.000Z,Oklahoma State,Arkansas,39,31,False,PRIMARY_REGULAR_PROVISIONAL,v0.22_population_ledger
2024,401628347,2024-09-07T16:00:00.000Z,Michigan,Texas,12,31,False,PRIMARY_REGULAR_PROVISIONAL,v0.22_population_ledger
2024,401628470,2024-09-07T16:00:00.000Z,Penn State,Bowling Green,34,27,False,PRIMARY_REGULAR_PROVISIONAL,v0.22_population_ledger
2024,401628471,2024-09-07T16:00:00.000Z,Rutgers,Akron,49,17,False,PRIMARY_REGULAR_PROVISIONAL,v0.22_population_ledger
2024,401635534,2024-09-07T16:00:00.000Z,Syracuse,Georgia Tech,31,28,False,PRIMARY_REGULAR_PROVISIONAL,v0.22_population_ledger
2024,401635538,2024-09-07T16:00:00.000Z,Cincinnati,Pittsburgh,27,28,False,PRIMARY_REGULAR_PROVISIONAL,v0.22_population_ledger
2024,401636616,2024-09-07T16:00:00.000Z,Tulane,Kansas State,27,34,False,PRIMARY_REGULAR_PROVISIONAL,v0.22_population_ledger
2024,401643784,2024-09-07T16:00:00.000Z,Memphis,Troy,38,17,False,PRIMARY_REGULAR_PROVISIONAL,v0.22_population_ledger
2024,401645323,2024-09-07T16:00:00.000Z,Florida Atlantic,Army,7,24,False,PRIMARY_REGULAR_PROVISIONAL,v0.22_population_ledger
2024,401628337,2024-09-07T19:30:00.000Z,Auburn,California,14,21,False,PRIMARY_REGULAR_PROVISIONAL,v0.22_population_ledger
2024,401628340,2024-09-07T19:30:00.000Z,Kentucky,South Carolina,6,31,False,PRIMARY_REGULAR_PROVISIONAL,v0.22_population_ledger
2024,401628464,2024-09-07T19:30:00.000Z,Iowa,Iowa State,19,20,False,PRIMARY_REGULAR_PROVISIONAL,v0.22_population_ledger
2024,401628465,2024-09-07T19:30:00.000Z,Maryland,Michigan State,24,27,False,PRIMARY_REGULAR_PROVISIONAL,v0.22_population_ledger
2024,401628473,2024-09-07T19:30:00.000Z,Washington,Eastern Michigan,30,9,False,PRIMARY_REGULAR_PROVISIONAL,v0.22_population_ledger
2024,401628977,2024-09-07T19:30:00.000Z,Notre Dame,Northern Illinois,14,16,False,PRIMARY_REGULAR_PROVISIONAL,v0.22_population_ledger
2024,401629040,2024-09-07T19:30:00.000Z,Toledo,UMass,38,23,False,PRIMARY_REGULAR_PROVISIONAL,v0.22_population_ledger
2024,401635535,2024-09-07T19:30:00.000Z,Louisville,Jacksonville State,49,14,False,PRIMARY_REGULAR_PROVISIONAL,v0.22_population_ledger
2024,401635537,2024-09-07T19:30:00.000Z,North Carolina,Charlotte,38,20,False,PRIMARY_REGULAR_PROVISIONAL,v0.22_population_ledger
2024,401636618,2024-09-07T19:30:00.000Z,Utah,Baylor,23,12,False,PRIMARY_REGULAR_PROVISIONAL,v0.22_population_ledger
2024,401645324,2024-09-07T19:30:00.000Z,Navy,Temple,38,11,False,PRIMARY_REGULAR_PROVISIONAL,v0.22_population_ledger
2024,401643783,2024-09-07T20:00:00.000Z,Texas State,UTSA,49,10,False,PRIMARY_REGULAR_PROVISIONAL,v0.22_population_ledger
2024,401628342,2024-09-07T20:15:00.000Z,Ole Miss,Middle Tennessee,52,3,False,PRIMARY_REGULAR_PROVISIONAL,v0.22_population_ledger
2024,401635540,2024-09-07T20:30:00.000Z,Virginia Tech,Marshall,31,14,False,PRIMARY_REGULAR_PROVISIONAL,v0.22_population_ledger
2024,401640979,2024-09-07T22:00:00.000Z,FIU,Central Michigan,52,16,True,PRIMARY_REGULAR_PROVISIONAL,v0.22_population_ledger
2024,401643778,2024-09-07T22:00:00.000Z,Old Dominion,East Carolina,14,20,False,PRIMARY_REGULAR_PROVISIONAL,v0.22_population_ledger
2024,401643781,2024-09-07T22:00:00.000Z,Ohio,South Alabama,27,20,False,PRIMARY_REGULAR_PROVISIONAL,v0.22_population_ledger
2024,401636617,2024-09-07T22:30:00.000Z,UCF,Sam Houston,45,14,False,PRIMARY_REGULAR_PROVISIONAL,v0.22_population_ledger
2024,401628335,2024-09-07T23:00:00.000Z,Alabama,South Florida,42,16,False,PRIMARY_REGULAR_PROVISIONAL,v0.22_population_ledger
2024,401628344,2024-09-07T23:00:00.000Z,Missouri,Buffalo,38,0,False,PRIMARY_REGULAR_PROVISIONAL,v0.22_population_ledger
2024,401628462,2024-09-07T23:00:00.000Z,Illinois,Kansas,23,17,False,PRIMARY_REGULAR_PROVISIONAL,v0.22_population_ledger
2024,401635639,2024-09-07T23:00:00.000Z,Wake Forest,Virginia,30,31,False,PRIMARY_REGULAR_PROVISIONAL,v0.22_population_ledger
2024,401641016,2024-09-07T23:00:00.000Z,Kennesaw State,Louisiana,10,34,False,PRIMARY_REGULAR_PROVISIONAL,v0.22_population_ledger
2024,401643705,2024-09-07T23:00:00.000Z,Air Force,San Jose State,7,17,False,PRIMARY_REGULAR_PROVISIONAL,v0.22_population_ledger
2024,401643708,2024-09-07T23:00:00.000Z,Nevada,Georgia Southern,17,20,False,PRIMARY_REGULAR_PROVISIONAL,v0.22_population_ledger
2024,401643779,2024-09-07T23:00:00.000Z,Arkansas State,Tulsa,28,24,False,PRIMARY_REGULAR_PROVISIONAL,v0.22_population_ledger
2024,401643780,2024-09-07T23:00:00.000Z,UL Monroe,UAB,32,6,False,PRIMARY_REGULAR_PROVISIONAL,v0.22_population_ledger
2024,401628346,2024-09-07T23:30:00.000Z,NC State,Tennessee,10,51,True,PRIMARY_REGULAR_PROVISIONAL,v0.22_population_ledger
2024,401628467,2024-09-07T23:30:00.000Z,Nebraska,Colorado,28,10,False,PRIMARY_REGULAR_PROVISIONAL,v0.22_population_ledger
2024,401628468,2024-09-07T23:30:00.000Z,Ohio State,Western Michigan,56,0,False,PRIMARY_REGULAR_PROVISIONAL,v0.22_population_ledger
2024,401628345,2024-09-07T23:45:00.000Z,Oklahoma,Houston,16,12,False,PRIMARY_REGULAR_PROVISIONAL,v0.22_population_ledger
2024,401635532,2024-09-08T00:00:00.000Z,Clemson,Appalachian State,66,20,False,PRIMARY_REGULAR_PROVISIONAL,v0.22_population_ledger
2024,401628469,2024-09-08T02:00:00.000Z,Oregon,Boise State,37,34,False,PRIMARY_REGULAR_PROVISIONAL,v0.22_population_ledger
2024,401636859,2024-09-08T02:00:00.000Z,Washington State,Texas Tech,37,16,False,PRIMARY_REGULAR_PROVISIONAL,v0.22_population_ledger
2024,401640989,2024-09-08T02:15:00.000Z,New Mexico State,Liberty,24,30,False,PRIMARY_REGULAR_PROVISIONAL,v0.22_population_ledger
2024,401628343,2024-09-08T02:30:00.000Z,Arizona State,Mississippi State,30,23,False,PRIMARY_REGULAR_PROVISIONAL,v0.22_population_ledger
2024,401643709,2024-09-08T02:30:00.000Z,San Diego State,Oregon State,0,21,False,PRIMARY_REGULAR_PROVISIONAL,v0.22_population_ledger
2024,401628472,2024-09-08T03:00:00.000Z,USC,Utah State,48,0,False,PRIMARY_REGULAR_PROVISIONAL,v0.22_population_ledger
2024,401636867,2024-09-12T23:30:00.000Z,Texas State,Arizona State,28,31,False,PRIMARY_REGULAR_PROVISIONAL,v0.22_population_ledger
2024,401636863,2024-09-13T23:00:00.000Z,Kansas,UNLV,20,23,True,PRIMARY_REGULAR_PROVISIONAL,v0.22_population_ledger
2024,401636864,2024-09-14T00:00:00.000Z,Kansas State,Arizona,31,7,False,PRIMARY_REGULAR_PROVISIONAL,v0.22_population_ledger
2024,401628350,2024-09-14T16:00:00.000Z,Wisconsin,Alabama,10,42,False,PRIMARY_REGULAR_PROVISIONAL,v0.22_population_ledger
2024,401628359,2024-09-14T16:00:00.000Z,South Carolina,LSU,33,36,False,PRIMARY_REGULAR_PROVISIONAL,v0.22_population_ledger
2024,401628475,2024-09-14T16:00:00.000Z,Illinois,Central Michigan,30,9,False,PRIMARY_REGULAR_PROVISIONAL,v0.22_population_ledger
2024,401628479,2024-09-14T16:00:00.000Z,Michigan,Arkansas State,28,18,False,PRIMARY_REGULAR_PROVISIONAL,v0.22_population_ledger
2024,401635542,2024-09-14T16:00:00.000Z,Florida State,Memphis,12,20,False,PRIMARY_REGULAR_PROVISIONAL,v0.22_population_ledger
2024,401635546,2024-09-14T16:00:00.000Z,NC State,Louisiana Tech,30,20,False,PRIMARY_REGULAR_PROVISIONAL,v0.22_population_ledger
2024,401636865,2024-09-14T16:00:00.000Z,Miami (OH),Cincinnati,16,27,False,PRIMARY_REGULAR_PROVISIONAL,v0.22_population_ledger
2024,401636868,2024-09-14T16:00:00.000Z,Texas Tech,North Texas,66,21,False,PRIMARY_REGULAR_PROVISIONAL,v0.22_population_ledger
2024,401636869,2024-09-14T16:00:00.000Z,Tulsa,Oklahoma State,10,45,False,PRIMARY_REGULAR_PROVISIONAL,v0.22_population_ledger
2024,401628357,2024-09-14T16:45:00.000Z,Missouri,Boston College,27,21,False,PRIMARY_REGULAR_PROVISIONAL,v0.22_population_ledger
2024,401629041,2024-09-14T17:00:00.000Z,Buffalo,UMass,34,3,False,PRIMARY_REGULAR_PROVISIONAL,v0.22_population_ledger
2024,401643786,2024-09-14T18:00:00.000Z,Temple,Coastal Carolina,20,28,False,PRIMARY_REGULAR_PROVISIONAL,v0.22_population_ledger
2024,401628353,2024-09-14T19:30:00.000Z,Florida,Texas A&M,20,33,False,PRIMARY_REGULAR_PROVISIONAL,v0.22_population_ledger
2024,401628358,2024-09-14T19:30:00.000Z,Oklahoma,Tulane,34,19,False,PRIMARY_REGULAR_PROVISIONAL,v0.22_population_ledger
2024,401628481,2024-09-14T19:30:00.000Z,Minnesota,Nevada,27,0,False,PRIMARY_REGULAR_PROVISIONAL,v0.22_population_ledger
2024,401628483,2024-09-14T19:30:00.000Z,Oregon State,Oregon,14,49,False,PRIMARY_REGULAR_PROVISIONAL,v0.22_population_ledger
2024,401628484,2024-09-14T19:30:00.000Z,Washington,Washington State,19,24,True,PRIMARY_REGULAR_PROVISIONAL,v0.22_population_ledger
2024,401628978,2024-09-14T19:30:00.000Z,Purdue,Notre Dame,7,66,False,PRIMARY_REGULAR_PROVISIONAL,v0.22_population_ledger
2024,401635544,2024-09-14T19:30:00.000Z,Miami (FL),Ball State,62,0,False,PRIMARY_REGULAR_PROVISIONAL,v0.22_population_ledger
2024,401635547,2024-09-14T19:30:00.000Z,Pittsburgh,West Virginia,38,34,False,PRIMARY_REGULAR_PROVISIONAL,v0.22_population_ledger
2024,401628477,2024-09-14T20:00:00.000Z,Iowa,Troy,38,21,False,PRIMARY_REGULAR_PROVISIONAL,v0.22_population_ledger
2024,401643785,2024-09-14T20:00:00.000Z,East Carolina,Appalachian State,19,21,False,PRIMARY_REGULAR_PROVISIONAL,v0.22_population_ledger
2024,401628351,2024-09-14T20:15:00.000Z,Arkansas,UAB,37,27,False,PRIMARY_REGULAR_PROVISIONAL,v0.22_population_ledger
2024,401636870,2024-09-14T20:30:00.000Z,Utah State,Utah,21,38,False,PRIMARY_REGULAR_PROVISIONAL,v0.22_population_ledger
2024,401629030,2024-09-14T22:00:00.000Z,Duke,UConn,26,21,False,PRIMARY_REGULAR_PROVISIONAL,v0.22_population_ledger
2024,401635548,2024-09-14T22:00:00.000Z,Old Dominion,Virginia Tech,17,37,False,PRIMARY_REGULAR_PROVISIONAL,v0.22_population_ledger
2024,401640980,2024-09-14T22:00:00.000Z,Florida Atlantic,FIU,38,20,False,PRIMARY_REGULAR_PROVISIONAL,v0.22_population_ledger
2024,401640990,2024-09-14T22:00:00.000Z,Liberty,UTEP,28,10,False,PRIMARY_REGULAR_PROVISIONAL,v0.22_population_ledger
2024,401628355,2024-09-14T22:30:00.000Z,Wake Forest,Ole Miss,6,40,False,PRIMARY_REGULAR_PROVISIONAL,v0.22_population_ledger
2024,401628361,2024-09-14T23:00:00.000Z,Texas,UTSA,56,7,False,PRIMARY_REGULAR_PROVISIONAL,v0.22_population_ledger
2024,401628362,2024-09-14T23:00:00.000Z,Georgia State,Vanderbilt,36,32,False,PRIMARY_REGULAR_PROVISIONAL,v0.22_population_ledger
2024,401640999,2024-09-14T23:00:00.000Z,Eastern Michigan,Jacksonville State,37,34,False,PRIMARY_REGULAR_PROVISIONAL,v0.22_population_ledger
2024,401641017,2024-09-14T23:00:00.000Z,San Jose State,Kennesaw State,31,10,False,PRIMARY_REGULAR_PROVISIONAL,v0.22_population_ledger
2024,401641024,2024-09-14T23:00:00.000Z,Middle Tennessee,Western Kentucky,21,49,False,PRIMARY_REGULAR_PROVISIONAL,v0.22_population_ledger
2024,401641040,2024-09-14T23:00:00.000Z,Sam Houston,Hawaii,31,13,False,PRIMARY_REGULAR_PROVISIONAL,v0.22_population_ledger
2024,401643789,2024-09-14T23:00:00.000Z,Southern Miss,South Florida,24,49,False,PRIMARY_REGULAR_PROVISIONAL,v0.22_population_ledger
2024,401628352,2024-09-14T23:30:00.000Z,Auburn,New Mexico,45,19,False,PRIMARY_REGULAR_PROVISIONAL,v0.22_population_ledger
2024,401628354,2024-09-14T23:30:00.000Z,Kentucky,Georgia,12,13,False,PRIMARY_REGULAR_PROVISIONAL,v0.22_population_ledger
2024,401628356,2024-09-14T23:30:00.000Z,Mississippi State,Toledo,17,41,False,PRIMARY_REGULAR_PROVISIONAL,v0.22_population_ledger
2024,401628476,2024-09-14T23:30:00.000Z,UCLA,Indiana,13,42,False,PRIMARY_REGULAR_PROVISIONAL,v0.22_population_ledger
2024,401636860,2024-09-14T23:30:00.000Z,Baylor,Air Force,31,3,False,PRIMARY_REGULAR_PROVISIONAL,v0.22_population_ledger
2024,401636861,2024-09-14T23:30:00.000Z,Colorado State,Colorado,9,28,False,PRIMARY_REGULAR_PROVISIONAL,v0.22_population_ledger
2024,401636866,2024-09-14T23:30:00.000Z,TCU,UCF,34,35,False,PRIMARY_REGULAR_PROVISIONAL,v0.22_population_ledger
2024,401628360,2024-09-14T23:45:00.000Z,Tennessee,Kent State,71,0,False,PRIMARY_REGULAR_PROVISIONAL,v0.22_population_ledger
2024,401628478,2024-09-15T00:00:00.000Z,Virginia,Maryland,13,27,False,PRIMARY_REGULAR_PROVISIONAL,v0.22_population_ledger
2024,401636862,2024-09-15T00:00:00.000Z,Houston,Rice,33,7,False,PRIMARY_REGULAR_PROVISIONAL,v0.22_population_ledger
2024,401636871,2024-09-15T01:00:00.000Z,Wyoming,BYU,14,34,False,PRIMARY_REGULAR_PROVISIONAL,v0.22_population_ledger
2024,401635541,2024-09-15T02:30:00.000Z,California,San Diego State,31,10,False,PRIMARY_REGULAR_PROVISIONAL,v0.22_population_ledger
2024,401641033,2024-09-15T02:30:00.000Z,Fresno State,New Mexico State,48,0,False,PRIMARY_REGULAR_PROVISIONAL,v0.22_population_ledger
2024,401643790,2024-09-19T23:30:00.000Z,Appalachian State,South Alabama,14,48,False,PRIMARY_REGULAR_PROVISIONAL,v0.22_population_ledger
2024,401634766,2024-09-20T23:30:00.000Z,Syracuse,Stanford,24,26,False,PRIMARY_REGULAR_PROVISIONAL,v0.22_population_ledger
2024,401628485,2024-09-21T00:00:00.000Z,Nebraska,Illinois,24,31,False,PRIMARY_REGULAR_PROVISIONAL,v0.22_population_ledger
2024,401643714,2024-09-21T02:00:00.000Z,Washington State,San Jose State,54,52,False,PRIMARY_REGULAR_PROVISIONAL,v0.22_population_ledger
2024,401628367,2024-09-21T16:00:00.000Z,Mississippi State,Florida,28,45,False,PRIMARY_REGULAR_PROVISIONAL,v0.22_population_ledger
2024,401628486,2024-09-21T16:00:00.000Z,Indiana,Charlotte,52,14,False,PRIMARY_REGULAR_PROVISIONAL,v0.22_population_ledger
2024,401628492,2024-09-21T16:00:00.000Z,Ohio State,Marshall,49,14,False,PRIMARY_REGULAR_PROVISIONAL,v0.22_population_ledger
2024,401635552,2024-09-21T16:00:00.000Z,Clemson,NC State,59,35,False,PRIMARY_REGULAR_PROVISIONAL,v0.22_population_ledger
2024,401635556,2024-09-21T16:00:00.000Z,North Carolina,James Madison,50,70,False,PRIMARY_REGULAR_PROVISIONAL,v0.22_population_ledger
2024,401636873,2024-09-21T16:00:00.000Z,Cincinnati,Houston,34,0,False,PRIMARY_REGULAR_PROVISIONAL,v0.22_population_ledger
2024,401636879,2024-09-21T16:00:00.000Z,West Virginia,Kansas,32,28,False,PRIMARY_REGULAR_PROVISIONAL,v0.22_population_ledger
2024,401643791,2024-09-21T16:00:00.000Z,Louisiana,Tulane,33,41,False,PRIMARY_REGULAR_PROVISIONAL,v0.22_population_ledger
2024,401645328,2024-09-21T16:00:00.000Z,Army,Rice,37,14,False,PRIMARY_REGULAR_PROVISIONAL,v0.22_population_ledger
2024,401628364,2024-09-21T16:45:00.000Z,Kentucky,Ohio,41,6,False,PRIMARY_REGULAR_PROVISIONAL,v0.22_population_ledger
2024,401644735,2024-09-21T17:00:00.000Z,Central Michigan,Ball State,37,34,False,PRIMARY_REGULAR_PROVISIONAL,v0.22_population_ledger
2024,401635558,2024-09-21T18:00:00.000Z,Coastal Carolina,Virginia,24,43,False,PRIMARY_REGULAR_PROVISIONAL,v0.22_population_ledger
2024,401636875,2024-09-21T18:00:00.000Z,Iowa State,Arkansas State,52,7,False,PRIMARY_REGULAR_PROVISIONAL,v0.22_population_ledger
2024,401643715,2024-09-21T18:00:00.000Z,Temple,Utah State,45,29,False,PRIMARY_REGULAR_PROVISIONAL,v0.22_population_ledger
2024,401641000,2024-09-21T19:00:00.000Z,Jacksonville State,Southern Miss,44,7,False,PRIMARY_REGULAR_PROVISIONAL,v0.22_population_ledger
2024,401628363,2024-09-21T19:30:00.000Z,Auburn,Arkansas,14,24,False,PRIMARY_REGULAR_PROVISIONAL,v0.22_population_ledger
2024,401628365,2024-09-21T19:30:00.000Z,LSU,UCLA,34,17,False,PRIMARY_REGULAR_PROVISIONAL,v0.22_population_ledger
2024,401628489,2024-09-21T19:30:00.000Z,Michigan,USC,27,24,False,PRIMARY_REGULAR_PROVISIONAL,v0.22_population_ledger
2024,401628493,2024-09-21T19:30:00.000Z,Penn State,Kent State,56,0,False,PRIMARY_REGULAR_PROVISIONAL,v0.22_population_ledger
2024,401628494,2024-09-21T19:30:00.000Z,Virginia Tech,Rutgers,23,26,False,PRIMARY_REGULAR_PROVISIONAL,v0.22_population_ledger
2024,401628979,2024-09-21T19:30:00.000Z,Notre Dame,Miami (OH),28,3,False,PRIMARY_REGULAR_PROVISIONAL,v0.22_population_ledger
2024,401635554,2024-09-21T19:30:00.000Z,Louisville,Georgia Tech,31,19,False,PRIMARY_REGULAR_PROVISIONAL,v0.22_population_ledger
2024,401636877,2024-09-21T19:30:00.000Z,Texas Tech,Arizona State,30,22,False,PRIMARY_REGULAR_PROVISIONAL,v0.22_population_ledger
2024,401644736,2024-09-21T19:30:00.000Z,Northern Illinois,Buffalo,20,23,False,PRIMARY_REGULAR_PROVISIONAL,v0.22_population_ledger
2024,401645329,2024-09-21T19:30:00.000Z,Navy,Memphis,56,44,False,PRIMARY_REGULAR_PROVISIONAL,v0.22_population_ledger
2024,401635553,2024-09-21T20:00:00.000Z,Middle Tennessee,Duke,17,45,False,PRIMARY_REGULAR_PROVISIONAL,v0.22_population_ledger
2024,401636876,2024-09-21T20:00:00.000Z,Oklahoma State,Utah,19,22,False,PRIMARY_REGULAR_PROVISIONAL,v0.22_population_ledger
2024,401628368,2024-09-21T20:15:00.000Z,Missouri,Vanderbilt,30,27,False,PRIMARY_REGULAR_PROVISIONAL,v0.22_population_ledger
2024,401635557,2024-09-21T21:00:00.000Z,SMU,TCU,66,42,False,PRIMARY_REGULAR_PROVISIONAL,v0.22_population_ledger
2024,401641028,2024-09-21T21:00:00.000Z,Colorado State,UTEP,27,17,False,PRIMARY_REGULAR_PROVISIONAL,v0.22_population_ledger
2024,401640991,2024-09-21T22:00:00.000Z,Liberty,East Carolina,35,24,False,PRIMARY_REGULAR_PROVISIONAL,v0.22_population_ledger
2024,401628491,2024-09-21T23:00:00.000Z,Washington,Northwestern,24,5,False,PRIMARY_REGULAR_PROVISIONAL,v0.22_population_ledger
2024,401629031,2024-09-21T23:00:00.000Z,UConn,Florida Atlantic,48,14,False,PRIMARY_REGULAR_PROVISIONAL,v0.22_population_ledger
2024,401635551,2024-09-21T23:00:00.000Z,Florida State,California,14,9,False,PRIMARY_REGULAR_PROVISIONAL,v0.22_population_ledger
2024,401635555,2024-09-21T23:00:00.000Z,South Florida,Miami (FL),15,50,False,PRIMARY_REGULAR_PROVISIONAL,v0.22_population_ledger
2024,401641008,2024-09-21T23:00:00.000Z,Louisiana Tech,Tulsa,20,23,False,PRIMARY_REGULAR_PROVISIONAL,v0.22_population_ledger
2024,401641034,2024-09-21T23:00:00.000Z,Sam Houston,New Mexico State,31,11,False,PRIMARY_REGULAR_PROVISIONAL,v0.22_population_ledger
2024,401641037,2024-09-21T23:00:00.000Z,Western Kentucky,Toledo,26,21,False,PRIMARY_REGULAR_PROVISIONAL,v0.22_population_ledger
2024,401643716,2024-09-21T23:00:00.000Z,North Texas,Wyoming,44,17,False,PRIMARY_REGULAR_PROVISIONAL,v0.22_population_ledger
2024,401628369,2024-09-21T23:30:00.000Z,Oklahoma,Tennessee,15,25,False,PRIMARY_REGULAR_PROVISIONAL,v0.22_population_ledger
2024,401628370,2024-09-21T23:30:00.000Z,South Carolina,Akron,50,7,False,PRIMARY_REGULAR_PROVISIONAL,v0.22_population_ledger
2024,401628372,2024-09-21T23:30:00.000Z,Texas A&M,Bowling Green,26,20,False,PRIMARY_REGULAR_PROVISIONAL,v0.22_population_ledger
2024,401628487,2024-09-21T23:30:00.000Z,Minnesota,Iowa,14,31,False,PRIMARY_REGULAR_PROVISIONAL,v0.22_population_ledger
2024,401628366,2024-09-21T23:45:00.000Z,Ole Miss,Georgia Southern,52,13,False,PRIMARY_REGULAR_PROVISIONAL,v0.22_population_ledger
2024,401628371,2024-09-22T00:00:00.000Z,Texas,UL Monroe,51,3,False,PRIMARY_REGULAR_PROVISIONAL,v0.22_population_ledger
2024,401628490,2024-09-22T00:00:00.000Z,Boston College,Michigan State,23,19,False,PRIMARY_REGULAR_PROVISIONAL,v0.22_population_ledger
2024,401636874,2024-09-22T00:00:00.000Z,Colorado,Baylor,38,31,False,PRIMARY_REGULAR_PROVISIONAL,v0.22_population_ledger
2024,401643711,2024-09-22T00:30:00.000Z,New Mexico,Fresno State,21,38,False,PRIMARY_REGULAR_PROVISIONAL,v0.22_population_ledger
2024,401643717,2024-09-22T00:30:00.000Z,Oregon State,Purdue,38,21,False,PRIMARY_REGULAR_PROVISIONAL,v0.22_population_ledger
2024,401636872,2024-09-22T02:30:00.000Z,BYU,Kansas State,38,9,False,PRIMARY_REGULAR_PROVISIONAL,v0.22_population_ledger
2024,401645331,2024-09-26T23:30:00.000Z,Temple,Army,14,42,False,PRIMARY_REGULAR_PROVISIONAL,v0.22_population_ledger
2024,401634767,2024-09-27T23:30:00.000Z,Miami (FL),Virginia Tech,38,34,False,PRIMARY_REGULAR_PROVISIONAL,v0.22_population_ledger
2024,401628501,2024-09-28T00:00:00.000Z,Rutgers,Washington,21,18,False,PRIMARY_REGULAR_PROVISIONAL,v0.22_population_ledger
2024,401628377,2024-09-28T16:00:00.000Z,Ole Miss,Kentucky,17,20,False,PRIMARY_REGULAR_PROVISIONAL,v0.22_population_ledger
2024,401628496,2024-09-28T16:00:00.000Z,Indiana,Maryland,42,28,False,PRIMARY_REGULAR_PROVISIONAL,v0.22_population_ledger
2024,401628497,2024-09-28T16:00:00.000Z,Michigan,Minnesota,27,24,False,PRIMARY_REGULAR_PROVISIONAL,v0.22_population_ledger
2024,401628499,2024-09-28T16:00:00.000Z,Purdue,Nebraska,10,28,False,PRIMARY_REGULAR_PROVISIONAL,v0.22_population_ledger
2024,401629032,2024-09-28T16:00:00.000Z,UConn,Buffalo,47,3,False,PRIMARY_REGULAR_PROVISIONAL,v0.22_population_ledger
2024,401635560,2024-09-28T16:00:00.000Z,Boston College,Western Kentucky,21,20,False,PRIMARY_REGULAR_PROVISIONAL,v0.22_population_ledger
2024,401635564,2024-09-28T16:00:00.000Z,NC State,Northern Illinois,24,17,False,PRIMARY_REGULAR_PROVISIONAL,v0.22_population_ledger
2024,401636880,2024-09-28T16:00:00.000Z,Baylor,BYU,28,34,False,PRIMARY_REGULAR_PROVISIONAL,v0.22_population_ledger
2024,401636883,2024-09-28T16:00:00.000Z,Kansas State,Oklahoma State,42,20,False,PRIMARY_REGULAR_PROVISIONAL,v0.22_population_ledger
2024,401645332,2024-09-28T16:00:00.000Z,UAB,Navy,18,41,False,PRIMARY_REGULAR_PROVISIONAL,v0.22_population_ledger
2024,401645337,2024-09-28T16:00:00.000Z,Tulane,South Florida,45,10,False,PRIMARY_REGULAR_PROVISIONAL,v0.22_population_ledger
2024,401643793,2024-09-28T17:30:00.000Z,James Madison,Ball State,63,7,False,PRIMARY_REGULAR_PROVISIONAL,v0.22_population_ledger
2024,401641041,2024-09-28T19:00:00.000Z,Sam Houston,Texas State,40,39,True,PRIMARY_REGULAR_PROVISIONAL,v0.22_population_ledger
2024,401628373,2024-09-28T19:30:00.000Z,Texas A&M,Arkansas,21,17,True,PRIMARY_REGULAR_PROVISIONAL,v0.22_population_ledger
2024,401628375,2024-09-28T19:30:00.000Z,Auburn,Oklahoma,21,27,False,PRIMARY_REGULAR_PROVISIONAL,v0.22_population_ledger
2024,401628502,2024-09-28T19:30:00.000Z,USC,Wisconsin,38,21,False,PRIMARY_REGULAR_PROVISIONAL,v0.22_population_ledger
2024,401628980,2024-09-28T19:30:00.000Z,Notre Dame,Louisville,31,24,False,PRIMARY_REGULAR_PROVISIONAL,v0.22_population_ledger
2024,401629043,2024-09-28T19:30:00.000Z,Miami (OH),UMass,23,20,False,PRIMARY_REGULAR_PROVISIONAL,v0.22_population_ledger
2024,401635659,2024-09-28T19:30:00.000Z,Wake Forest,Louisiana,38,41,False,PRIMARY_REGULAR_PROVISIONAL,v0.22_population_ledger
2024,401636882,2024-09-28T19:30:00.000Z,Kansas,TCU,27,38,True,PRIMARY_REGULAR_PROVISIONAL,v0.22_population_ledger
2024,401636885,2024-09-28T19:30:00.000Z,UCF,Colorado,21,48,False,PRIMARY_REGULAR_PROVISIONAL,v0.22_population_ledger
2024,401643720,2024-09-28T19:30:00.000Z,UNLV,Fresno State,59,14,False,PRIMARY_REGULAR_PROVISIONAL,v0.22_population_ledger
2024,401643721,2024-09-28T19:30:00.000Z,Central Michigan,San Diego State,22,21,False,PRIMARY_REGULAR_PROVISIONAL,v0.22_population_ledger
2024,401643792,2024-09-28T19:30:00.000Z,Georgia State,Georgia Southern,21,38,False,PRIMARY_REGULAR_PROVISIONAL,v0.22_population_ledger
2024,401643794,2024-09-28T19:30:00.000Z,Marshall,Western Michigan,27,20,False,PRIMARY_REGULAR_PROVISIONAL,v0.22_population_ledger
2024,401644738,2024-09-28T19:30:00.000Z,Ohio,Akron,30,10,False,PRIMARY_REGULAR_PROVISIONAL,v0.22_population_ledger
2024,401644739,2024-09-28T19:30:00.000Z,Kent State,Eastern Michigan,33,52,False,PRIMARY_REGULAR_PROVISIONAL,v0.22_population_ledger
2024,401635562,2024-09-28T20:00:00.000Z,Duke,North Carolina,21,20,False,PRIMARY_REGULAR_PROVISIONAL,v0.22_population_ledger
2024,401645334,2024-09-28T20:00:00.000Z,East Carolina,UTSA,30,20,False,PRIMARY_REGULAR_PROVISIONAL,v0.22_population_ledger
2024,401628378,2024-09-28T20:15:00.000Z,Texas,Mississippi State,35,13,False,PRIMARY_REGULAR_PROVISIONAL,v0.22_population_ledger
2024,401643795,2024-09-28T21:00:00.000Z,Bowling Green,Old Dominion,27,30,False,PRIMARY_REGULAR_PROVISIONAL,v0.22_population_ledger
2024,401640981,2024-09-28T22:00:00.000Z,FIU,Louisiana Tech,17,10,True,PRIMARY_REGULAR_PROVISIONAL,v0.22_population_ledger
2024,401635561,2024-09-28T23:00:00.000Z,Clemson,Stanford,40,14,False,PRIMARY_REGULAR_PROVISIONAL,v0.22_population_ledger
2024,401636881,2024-09-28T23:00:00.000Z,Houston,Iowa State,0,20,False,PRIMARY_REGULAR_PROVISIONAL,v0.22_population_ledger
2024,401643796,2024-09-28T23:00:00.000Z,Troy,UL Monroe,9,13,False,PRIMARY_REGULAR_PROVISIONAL,v0.22_population_ledger
2024,401645333,2024-09-28T23:00:00.000Z,Rice,Charlotte,20,21,False,PRIMARY_REGULAR_PROVISIONAL,v0.22_population_ledger
2024,401645336,2024-09-28T23:00:00.000Z,North Texas,Tulsa,52,20,False,PRIMARY_REGULAR_PROVISIONAL,v0.22_population_ledger
2024,401628374,2024-09-28T23:30:00.000Z,Alabama,Georgia,41,34,False,PRIMARY_REGULAR_PROVISIONAL,v0.22_population_ledger
2024,401628495,2024-09-28T23:30:00.000Z,Penn State,Illinois,21,7,False,PRIMARY_REGULAR_PROVISIONAL,v0.22_population_ledger
2024,401628498,2024-09-28T23:30:00.000Z,Michigan State,Ohio State,7,38,False,PRIMARY_REGULAR_PROVISIONAL,v0.22_population_ledger
2024,401641025,2024-09-28T23:30:00.000Z,Memphis,Middle Tennessee,24,7,False,PRIMARY_REGULAR_PROVISIONAL,v0.22_population_ledger
2024,401628376,2024-09-28T23:45:00.000Z,LSU,South Alabama,42,10,False,PRIMARY_REGULAR_PROVISIONAL,v0.22_population_ledger
2024,401635563,2024-09-29T00:00:00.000Z,SMU,Florida State,42,16,False,PRIMARY_REGULAR_PROVISIONAL,v0.22_population_ledger
2024,401636884,2024-09-29T00:00:00.000Z,Texas Tech,Cincinnati,44,41,False,PRIMARY_REGULAR_PROVISIONAL,v0.22_population_ledger
2024,401641035,2024-09-29T00:00:00.000Z,New Mexico State,New Mexico,40,50,False,PRIMARY_REGULAR_PROVISIONAL,v0.22_population_ledger
2024,401643718,2024-09-29T00:00:00.000Z,Wyoming,Air Force,31,19,False,PRIMARY_REGULAR_PROVISIONAL,v0.22_population_ledger
2024,401643719,2024-09-29T02:00:00.000Z,Boise State,Washington State,45,24,False,PRIMARY_REGULAR_PROVISIONAL,v0.22_population_ledger
2024,401636886,2024-09-29T02:15:00.000Z,Utah,Arizona,10,23,False,PRIMARY_REGULAR_PROVISIONAL,v0.22_population_ledger
2024,401628500,2024-09-29T03:00:00.000Z,UCLA,Oregon,13,34,False,PRIMARY_REGULAR_PROVISIONAL,v0.22_population_ledger
2024,401643797,2024-10-03T23:00:00.000Z,Troy,Texas State,17,38,False,PRIMARY_REGULAR_PROVISIONAL,v0.22_population_ledger
2024,401641029,2024-10-04T01:00:00.000Z,UTEP,Sam Houston,21,41,False,PRIMARY_REGULAR_PROVISIONAL,v0.22_population_ledger
2024,401641001,2024-10-04T23:00:00.000Z,Kennesaw State,Jacksonville State,24,63,False,PRIMARY_REGULAR_PROVISIONAL,v0.22_population_ledger
2024,401636891,2024-10-04T23:30:00.000Z,TCU,Houston,19,30,False,PRIMARY_REGULAR_PROVISIONAL,v0.22_population_ledger
2024,401628506,2024-10-05T01:00:00.000Z,Oregon,Michigan State,31,10,False,PRIMARY_REGULAR_PROVISIONAL,v0.22_population_ledger
2024,401634779,2024-10-05T01:00:00.000Z,UNLV,Syracuse,41,44,False,PRIMARY_REGULAR_PROVISIONAL,v0.22_population_ledger
2024,401628383,2024-10-05T16:00:00.000Z,Texas A&M,Missouri,41,10,False,PRIMARY_REGULAR_PROVISIONAL,v0.22_population_ledger
2024,401628509,2024-10-05T16:00:00.000Z,Wisconsin,Purdue,52,6,False,PRIMARY_REGULAR_PROVISIONAL,v0.22_population_ledger
2024,401628510,2024-10-05T16:00:00.000Z,Penn State,UCLA,27,11,False,PRIMARY_REGULAR_PROVISIONAL,v0.22_population_ledger
2024,401629044,2024-10-05T16:00:00.000Z,Northern Illinois,UMass,34,20,False,PRIMARY_REGULAR_PROVISIONAL,v0.22_population_ledger
2024,401635567,2024-10-05T16:00:00.000Z,Virginia,Boston College,24,14,False,PRIMARY_REGULAR_PROVISIONAL,v0.22_population_ledger
2024,401635571,2024-10-05T16:00:00.000Z,Louisville,SMU,27,34,False,PRIMARY_REGULAR_PROVISIONAL,v0.22_population_ledger
2024,401635572,2024-10-05T16:00:00.000Z,North Carolina,Pittsburgh,24,34,False,PRIMARY_REGULAR_PROVISIONAL,v0.22_population_ledger
2024,401635638,2024-10-05T16:00:00.000Z,NC State,Wake Forest,30,34,False,PRIMARY_REGULAR_PROVISIONAL,v0.22_population_ledger
2024,401643722,2024-10-05T16:00:00.000Z,Air Force,Navy,7,34,False,PRIMARY_REGULAR_PROVISIONAL,v0.22_population_ledger
2024,401645339,2024-10-05T16:00:00.000Z,Tulsa,Army,7,49,False,PRIMARY_REGULAR_PROVISIONAL,v0.22_population_ledger
2024,401645338,2024-10-05T17:00:00.000Z,UAB,Tulane,20,71,False,PRIMARY_REGULAR_PROVISIONAL,v0.22_population_ledger
2024,401644741,2024-10-05T18:00:00.000Z,Ball State,Western Michigan,42,45,False,PRIMARY_REGULAR_PROVISIONAL,v0.22_population_ledger
2024,401628381,2024-10-05T19:30:00.000Z,Georgia,Auburn,31,13,False,PRIMARY_REGULAR_PROVISIONAL,v0.22_population_ledger
2024,401628382,2024-10-05T19:30:00.000Z,South Carolina,Ole Miss,3,27,False,PRIMARY_REGULAR_PROVISIONAL,v0.22_population_ledger
2024,401628503,2024-10-05T19:30:00.000Z,Northwestern,Indiana,24,41,True,PRIMARY_REGULAR_PROVISIONAL,v0.22_population_ledger
2024,401628504,2024-10-05T19:30:00.000Z,Ohio State,Iowa,35,7,False,PRIMARY_REGULAR_PROVISIONAL,v0.22_population_ledger
2024,401629033,2024-10-05T19:30:00.000Z,UConn,Temple,29,20,False,PRIMARY_REGULAR_PROVISIONAL,v0.22_population_ledger
2024,401635573,2024-10-05T19:30:00.000Z,Stanford,Virginia Tech,7,31,False,PRIMARY_REGULAR_PROVISIONAL,v0.22_population_ledger
2024,401643799,2024-10-05T19:30:00.000Z,Marshall,Appalachian State,52,37,False,PRIMARY_REGULAR_PROVISIONAL,v0.22_population_ledger
2024,401644684,2024-10-05T19:30:00.000Z,Toledo,Miami (OH),30,20,False,PRIMARY_REGULAR_PROVISIONAL,v0.22_population_ledger
2024,401644740,2024-10-05T19:30:00.000Z,Akron,Bowling Green,20,27,False,PRIMARY_REGULAR_PROVISIONAL,v0.22_population_ledger
2024,401645340,2024-10-05T19:30:00.000Z,Charlotte,East Carolina,55,24,False,PRIMARY_REGULAR_PROVISIONAL,v0.22_population_ledger
2024,401628508,2024-10-05T20:00:00.000Z,Nebraska,Rutgers,14,7,False,PRIMARY_REGULAR_PROVISIONAL,v0.22_population_ledger
2024,401636890,2024-10-05T20:00:00.000Z,Oklahoma State,West Virginia,14,38,False,PRIMARY_REGULAR_PROVISIONAL,v0.22_population_ledger
2024,401628384,2024-10-05T20:15:00.000Z,Vanderbilt,Alabama,40,35,False,PRIMARY_REGULAR_PROVISIONAL,v0.22_population_ledger
2024,401643724,2024-10-05T22:30:00.000Z,Oregon State,Colorado State,39,31,False,PRIMARY_REGULAR_PROVISIONAL,v0.22_population_ledger
2024,401635569,2024-10-05T23:00:00.000Z,Florida State,Clemson,13,29,False,PRIMARY_REGULAR_PROVISIONAL,v0.22_population_ledger
2024,401643723,2024-10-05T23:00:00.000Z,Boise State,Utah State,62,30,False,PRIMARY_REGULAR_PROVISIONAL,v0.22_population_ledger
2024,401643798,2024-10-05T23:00:00.000Z,Coastal Carolina,Old Dominion,45,37,False,PRIMARY_REGULAR_PROVISIONAL,v0.22_population_ledger
2024,401643800,2024-10-05T23:00:00.000Z,Arkansas State,South Alabama,18,16,False,PRIMARY_REGULAR_PROVISIONAL,v0.22_population_ledger
2024,401643801,2024-10-05T23:00:00.000Z,UL Monroe,James Madison,21,19,False,PRIMARY_REGULAR_PROVISIONAL,v0.22_population_ledger
2024,401643802,2024-10-05T23:00:00.000Z,Southern Miss,Louisiana,13,23,False,PRIMARY_REGULAR_PROVISIONAL,v0.22_population_ledger
2024,401628379,2024-10-05T23:30:00.000Z,Arkansas,Tennessee,19,14,False,PRIMARY_REGULAR_PROVISIONAL,v0.22_population_ledger
2024,401628505,2024-10-05T23:30:00.000Z,Washington,Michigan,27,17,False,PRIMARY_REGULAR_PROVISIONAL,v0.22_population_ledger
2024,401628507,2024-10-05T23:30:00.000Z,Minnesota,USC,24,17,False,PRIMARY_REGULAR_PROVISIONAL,v0.22_population_ledger
2024,401636889,2024-10-05T23:30:00.000Z,Iowa State,Baylor,43,21,False,PRIMARY_REGULAR_PROVISIONAL,v0.22_population_ledger
2024,401643726,2024-10-05T23:30:00.000Z,San Jose State,Nevada,35,31,False,PRIMARY_REGULAR_PROVISIONAL,v0.22_population_ledger
2024,401628380,2024-10-05T23:45:00.000Z,Florida,UCF,24,13,False,PRIMARY_REGULAR_PROVISIONAL,v0.22_population_ledger
2024,401635570,2024-10-06T00:00:00.000Z,Georgia Tech,Duke,24,14,False,PRIMARY_REGULAR_PROVISIONAL,v0.22_population_ledger
2024,401636888,2024-10-06T00:00:00.000Z,Arizona State,Kansas,35,31,False,PRIMARY_REGULAR_PROVISIONAL,v0.22_population_ledger
2024,401643725,2024-10-06T00:00:00.000Z,San Diego State,Hawaii,27,24,False,PRIMARY_REGULAR_PROVISIONAL,v0.22_population_ledger
2024,401635568,2024-10-06T02:30:00.000Z,California,Miami (FL),38,39,False,PRIMARY_REGULAR_PROVISIONAL,v0.22_population_ledger
2024,401636887,2024-10-06T03:00:00.000Z,Arizona,Texas Tech,22,28,False,PRIMARY_REGULAR_PROVISIONAL,v0.22_population_ledger
2024,401640982,2024-10-08T23:00:00.000Z,Liberty,FIU,31,24,False,PRIMARY_REGULAR_PROVISIONAL,v0.22_population_ledger
2024,401641002,2024-10-09T23:30:00.000Z,Jacksonville State,New Mexico State,54,13,False,PRIMARY_REGULAR_PROVISIONAL,v0.22_population_ledger
2024,401643803,2024-10-10T23:30:00.000Z,James Madison,Coastal Carolina,39,7,False,PRIMARY_REGULAR_PROVISIONAL,v0.22_population_ledger
2024,401641009,2024-10-11T00:00:00.000Z,Louisiana Tech,Middle Tennessee,48,21,False,PRIMARY_REGULAR_PROVISIONAL,v0.22_population_ledger
2024,401641030,2024-10-11T00:00:00.000Z,Western Kentucky,UTEP,44,17,False,PRIMARY_REGULAR_PROVISIONAL,v0.22_population_ledger
2024,401628513,2024-10-12T00:00:00.000Z,Maryland,Northwestern,10,37,False,PRIMARY_REGULAR_PROVISIONAL,v0.22_population_ledger
2024,401643733,2024-10-12T01:00:00.000Z,Utah State,UNLV,34,50,False,PRIMARY_REGULAR_PROVISIONAL,v0.22_population_ledger
2024,401636892,2024-10-12T02:30:00.000Z,Arizona State,Utah,27,19,False,PRIMARY_REGULAR_PROVISIONAL,v0.22_population_ledger
2024,401628385,2024-10-12T16:00:00.000Z,Alabama,South Carolina,27,25,False,PRIMARY_REGULAR_PROVISIONAL,v0.22_population_ledger
2024,401628389,2024-10-12T16:00:00.000Z,UMass,Missouri,3,45,False,PRIMARY_REGULAR_PROVISIONAL,v0.22_population_ledger
2024,401628512,2024-10-12T16:00:00.000Z,Iowa,Washington,40,16,False,PRIMARY_REGULAR_PROVISIONAL,v0.22_population_ledger
2024,401628517,2024-10-12T16:00:00.000Z,Rutgers,Wisconsin,7,42,False,PRIMARY_REGULAR_PROVISIONAL,v0.22_population_ledger
2024,401635576,2024-10-12T16:00:00.000Z,Wake Forest,Clemson,14,49,False,PRIMARY_REGULAR_PROVISIONAL,v0.22_population_ledger
2024,401635577,2024-10-12T16:00:00.000Z,North Carolina,Georgia Tech,34,41,False,PRIMARY_REGULAR_PROVISIONAL,v0.22_population_ledger
2024,401644743,2024-10-12T16:00:00.000Z,Kent State,Ball State,35,37,False,PRIMARY_REGULAR_PROVISIONAL,v0.22_population_ledger
2024,401644745,2024-10-12T16:00:00.000Z,Buffalo,Toledo,30,15,False,PRIMARY_REGULAR_PROVISIONAL,v0.22_population_ledger
2024,401645342,2024-10-12T16:00:00.000Z,Army,UAB,44,10,False,PRIMARY_REGULAR_PROVISIONAL,v0.22_population_ledger
2024,401644685,2024-10-12T18:00:00.000Z,Eastern Michigan,Miami (OH),14,38,False,PRIMARY_REGULAR_PROVISIONAL,v0.22_population_ledger
2024,401628390,2024-10-12T19:30:00.000Z,Oklahoma,Texas,3,34,True,PRIMARY_REGULAR_PROVISIONAL,v0.22_population_ledger
2024,401628511,2024-10-12T19:30:00.000Z,Illinois,Purdue,50,49,False,PRIMARY_REGULAR_PROVISIONAL,v0.22_population_ledger
2024,401628516,2024-10-12T19:30:00.000Z,USC,Penn State,30,33,False,PRIMARY_REGULAR_PROVISIONAL,v0.22_population_ledger
2024,401628981,2024-10-12T19:30:00.000Z,Notre Dame,Stanford,49,7,False,PRIMARY_REGULAR_PROVISIONAL,v0.22_population_ledger
2024,401635575,2024-10-12T19:30:00.000Z,Pittsburgh,California,17,15,False,PRIMARY_REGULAR_PROVISIONAL,v0.22_population_ledger
2024,401635578,2024-10-12T19:30:00.000Z,Virginia,Louisville,20,24,False,PRIMARY_REGULAR_PROVISIONAL,v0.22_population_ledger
2024,401636895,2024-10-12T19:30:00.000Z,UCF,Cincinnati,13,19,False,PRIMARY_REGULAR_PROVISIONAL,v0.22_population_ledger
2024,401643729,2024-10-12T19:30:00.000Z,Colorado State,San Jose State,31,24,False,PRIMARY_REGULAR_PROVISIONAL,v0.22_population_ledger
2024,401643732,2024-10-12T19:30:00.000Z,Wyoming,San Diego State,24,27,False,PRIMARY_REGULAR_PROVISIONAL,v0.22_population_ledger
2024,401643805,2024-10-12T19:30:00.000Z,Georgia State,Old Dominion,14,21,False,PRIMARY_REGULAR_PROVISIONAL,v0.22_population_ledger
2024,401644742,2024-10-12T19:30:00.000Z,Western Michigan,Akron,34,24,False,PRIMARY_REGULAR_PROVISIONAL,v0.22_population_ledger
2024,401644744,2024-10-12T19:30:00.000Z,Bowling Green,Northern Illinois,7,17,False,PRIMARY_REGULAR_PROVISIONAL,v0.22_population_ledger
2024,401645341,2024-10-12T19:30:00.000Z,South Florida,Memphis,3,21,True,PRIMARY_REGULAR_PROVISIONAL,v0.22_population_ledger
2024,401636893,2024-10-12T20:00:00.000Z,BYU,Arizona,41,19,False,PRIMARY_REGULAR_PROVISIONAL,v0.22_population_ledger
2024,401644746,2024-10-12T20:00:00.000Z,Central Michigan,Ohio,25,27,False,PRIMARY_REGULAR_PROVISIONAL,v0.22_population_ledger
2024,401628386,2024-10-12T20:15:00.000Z,Georgia,Mississippi State,41,31,False,PRIMARY_REGULAR_PROVISIONAL,v0.22_population_ledger
2024,401643807,2024-10-12T21:00:00.000Z,UL Monroe,Southern Miss,38,21,False,PRIMARY_REGULAR_PROVISIONAL,v0.22_population_ledger
2024,401628391,2024-10-12T23:00:00.000Z,Tennessee,Florida,23,17,False,PRIMARY_REGULAR_PROVISIONAL,v0.22_population_ledger
2024,401643727,2024-10-12T23:00:00.000Z,New Mexico,Air Force,52,37,False,PRIMARY_REGULAR_PROVISIONAL,v0.22_population_ledger
2024,401643730,2024-10-12T23:00:00.000Z,Fresno State,Washington State,17,25,False,PRIMARY_REGULAR_PROVISIONAL,v0.22_population_ledger
2024,401643808,2024-10-12T23:00:00.000Z,Texas State,Arkansas State,41,9,False,PRIMARY_REGULAR_PROVISIONAL,v0.22_population_ledger
2024,401645343,2024-10-12T23:00:00.000Z,Florida Atlantic,North Texas,37,41,False,PRIMARY_REGULAR_PROVISIONAL,v0.22_population_ledger
2024,401645344,2024-10-12T23:00:00.000Z,Rice,UTSA,29,27,False,PRIMARY_REGULAR_PROVISIONAL,v0.22_population_ledger
2024,401628388,2024-10-12T23:30:00.000Z,LSU,Ole Miss,29,26,False,PRIMARY_REGULAR_PROVISIONAL,v0.22_population_ledger
2024,401628515,2024-10-12T23:30:00.000Z,Oregon,Ohio State,32,31,False,PRIMARY_REGULAR_PROVISIONAL,v0.22_population_ledger
2024,401643731,2024-10-12T23:30:00.000Z,Nevada,Oregon State,42,37,False,PRIMARY_REGULAR_PROVISIONAL,v0.22_population_ledger
2024,401643806,2024-10-12T23:30:00.000Z,Louisiana,Appalachian State,34,24,False,PRIMARY_REGULAR_PROVISIONAL,v0.22_population_ledger
2024,401628387,2024-10-12T23:45:00.000Z,Kentucky,Vanderbilt,13,20,False,PRIMARY_REGULAR_PROVISIONAL,v0.22_population_ledger
2024,401635574,2024-10-13T00:00:00.000Z,NC State,Syracuse,17,24,False,PRIMARY_REGULAR_PROVISIONAL,v0.22_population_ledger
2024,401636896,2024-10-13T00:00:00.000Z,West Virginia,Iowa State,16,28,False,PRIMARY_REGULAR_PROVISIONAL,v0.22_population_ledger
2024,401643804,2024-10-13T00:00:00.000Z,Georgia Southern,Marshall,24,23,False,PRIMARY_REGULAR_PROVISIONAL,v0.22_population_ledger
2024,401628514,2024-10-13T01:00:00.000Z,UCLA,Minnesota,17,21,False,PRIMARY_REGULAR_PROVISIONAL,v0.22_population_ledger
2024,401636894,2024-10-13T02:15:00.000Z,Colorado,Kansas State,28,31,False,PRIMARY_REGULAR_PROVISIONAL,v0.22_population_ledger
2024,401643728,2024-10-13T03:00:00.000Z,Hawaii,Boise State,7,28,False,PRIMARY_REGULAR_PROVISIONAL,v0.22_population_ledger
2024,401643809,2024-10-15T23:30:00.000Z,South Alabama,Troy,25,9,False,PRIMARY_REGULAR_PROVISIONAL,v0.22_population_ledger
2024,401641019,2024-10-16T00:00:00.000Z,Middle Tennessee,Kennesaw State,14,5,False,PRIMARY_REGULAR_PROVISIONAL,v0.22_population_ledger
2024,401641010,2024-10-16T01:00:00.000Z,New Mexico State,Louisiana Tech,33,30,False,PRIMARY_REGULAR_PROVISIONAL,v0.22_population_ledger
2024,401641038,2024-10-16T23:00:00.000Z,Sam Houston,Western Kentucky,14,31,False,PRIMARY_REGULAR_PROVISIONAL,v0.22_population_ledger
2024,401640983,2024-10-17T01:00:00.000Z,UTEP,FIU,30,21,False,PRIMARY_REGULAR_PROVISIONAL,v0.22_population_ledger
2024,401643810,2024-10-17T23:00:00.000Z,Marshall,Georgia State,35,20,False,PRIMARY_REGULAR_PROVISIONAL,v0.22_population_ledger
2024,401634768,2024-10-17T23:30:00.000Z,Virginia Tech,Boston College,42,21,False,PRIMARY_REGULAR_PROVISIONAL,v0.22_population_ledger
2024,401634769,2024-10-18T23:00:00.000Z,Duke,Florida State,23,16,False,PRIMARY_REGULAR_PROVISIONAL,v0.22_population_ledger
2024,401628523,2024-10-19T00:00:00.000Z,Purdue,Oregon,0,35,False,PRIMARY_REGULAR_PROVISIONAL,v0.22_population_ledger
2024,401636898,2024-10-19T02:15:00.000Z,BYU,Oklahoma State,38,35,False,PRIMARY_REGULAR_PROVISIONAL,v0.22_population_ledger
2024,401643735,2024-10-19T02:30:00.000Z,Nevada,Fresno State,21,24,False,PRIMARY_REGULAR_PROVISIONAL,v0.22_population_ledger
2024,401628395,2024-10-19T16:00:00.000Z,Missouri,Auburn,21,17,False,PRIMARY_REGULAR_PROVISIONAL,v0.22_population_ledger
2024,401628519,2024-10-19T16:00:00.000Z,Indiana,Nebraska,56,7,False,PRIMARY_REGULAR_PROVISIONAL,v0.22_population_ledger
2024,401628522,2024-10-19T16:00:00.000Z,Northwestern,Wisconsin,3,23,True,PRIMARY_REGULAR_PROVISIONAL,v0.22_population_ledger
2024,401628524,2024-10-19T16:00:00.000Z,Rutgers,UCLA,32,35,False,PRIMARY_REGULAR_PROVISIONAL,v0.22_population_ledger
2024,401629034,2024-10-19T16:00:00.000Z,UConn,Wake Forest,20,23,False,PRIMARY_REGULAR_PROVISIONAL,v0.22_population_ledger
2024,401635588,2024-10-19T16:00:00.000Z,Clemson,Virginia,48,31,False,PRIMARY_REGULAR_PROVISIONAL,v0.22_population_ledger
2024,401635589,2024-10-19T16:00:00.000Z,Louisville,Miami (FL),45,52,False,PRIMARY_REGULAR_PROVISIONAL,v0.22_population_ledger
2024,401636899,2024-10-19T16:00:00.000Z,Cincinnati,Arizona State,24,14,False,PRIMARY_REGULAR_PROVISIONAL,v0.22_population_ledger
2024,401643811,2024-10-19T16:00:00.000Z,Coastal Carolina,Louisiana,24,34,False,PRIMARY_REGULAR_PROVISIONAL,v0.22_population_ledger
2024,401645346,2024-10-19T16:00:00.000Z,Army,East Carolina,45,28,False,PRIMARY_REGULAR_PROVISIONAL,v0.22_population_ledger
2024,401628396,2024-10-19T16:45:00.000Z,Oklahoma,South Carolina,9,35,False,PRIMARY_REGULAR_PROVISIONAL,v0.22_population_ledger
2024,401644750,2024-10-19T18:00:00.000Z,Eastern Michigan,Central Michigan,38,34,False,PRIMARY_REGULAR_PROVISIONAL,v0.22_population_ledger
2024,401645351,2024-10-19T18:00:00.000Z,Temple,Tulsa,20,10,False,PRIMARY_REGULAR_PROVISIONAL,v0.22_population_ledger
2024,401628397,2024-10-19T19:30:00.000Z,Tennessee,Alabama,24,17,False,PRIMARY_REGULAR_PROVISIONAL,v0.22_population_ledger
2024,401628518,2024-10-19T19:30:00.000Z,Illinois,Michigan,21,7,False,PRIMARY_REGULAR_PROVISIONAL,v0.22_population_ledger
2024,401628982,2024-10-19T19:30:00.000Z,Georgia Tech,Notre Dame,13,31,True,PRIMARY_REGULAR_PROVISIONAL,v0.22_population_ledger
2024,401635587,2024-10-19T19:30:00.000Z,California,NC State,23,24,False,PRIMARY_REGULAR_PROVISIONAL,v0.22_population_ledger
2024,401636901,2024-10-19T19:30:00.000Z,Kansas,Houston,42,14,True,PRIMARY_REGULAR_PROVISIONAL,v0.22_population_ledger
2024,401643736,2024-10-19T19:30:00.000Z,Washington State,Hawaii,42,10,False,PRIMARY_REGULAR_PROVISIONAL,v0.22_population_ledger
2024,401643813,2024-10-19T19:30:00.000Z,Old Dominion,Texas State,24,14,False,PRIMARY_REGULAR_PROVISIONAL,v0.22_population_ledger
2024,401644686,2024-10-19T19:30:00.000Z,Miami (OH),Ohio,30,20,False,PRIMARY_REGULAR_PROVISIONAL,v0.22_population_ledger
2024,401644748,2024-10-19T19:30:00.000Z,Bowling Green,Kent State,27,6,False,PRIMARY_REGULAR_PROVISIONAL,v0.22_population_ledger
2024,401644749,2024-10-19T19:30:00.000Z,Buffalo,Western Michigan,41,48,False,PRIMARY_REGULAR_PROVISIONAL,v0.22_population_ledger
2024,401644751,2024-10-19T19:30:00.000Z,Northern Illinois,Toledo,6,13,False,PRIMARY_REGULAR_PROVISIONAL,v0.22_population_ledger
2024,401645345,2024-10-19T19:30:00.000Z,South Florida,UAB,35,25,False,PRIMARY_REGULAR_PROVISIONAL,v0.22_population_ledger
2024,401645347,2024-10-19T19:30:00.000Z,Navy,Charlotte,51,17,False,PRIMARY_REGULAR_PROVISIONAL,v0.22_population_ledger
2024,401645348,2024-10-19T19:30:00.000Z,UTSA,Florida Atlantic,38,24,False,PRIMARY_REGULAR_PROVISIONAL,v0.22_population_ledger
2024,401645350,2024-10-19T19:30:00.000Z,Tulane,Rice,24,10,False,PRIMARY_REGULAR_PROVISIONAL,v0.22_population_ledger
2024,401628521,2024-10-19T20:00:00.000Z,Maryland,USC,29,28,False,PRIMARY_REGULAR_PROVISIONAL,v0.22_population_ledger
2024,401636897,2024-10-19T20:00:00.000Z,Arizona,Colorado,7,34,False,PRIMARY_REGULAR_PROVISIONAL,v0.22_population_ledger
2024,401636902,2024-10-19T20:00:00.000Z,Texas Tech,Baylor,35,59,False,PRIMARY_REGULAR_PROVISIONAL,v0.22_population_ledger
2024,401643737,2024-10-19T20:00:00.000Z,Utah State,New Mexico,45,50,False,PRIMARY_REGULAR_PROVISIONAL,v0.22_population_ledger
2024,401643738,2024-10-19T20:00:00.000Z,San Jose State,Wyoming,24,14,False,PRIMARY_REGULAR_PROVISIONAL,v0.22_population_ledger
2024,401643812,2024-10-19T20:00:00.000Z,Georgia Southern,James Madison,28,14,False,PRIMARY_REGULAR_PROVISIONAL,v0.22_population_ledger
2024,401628394,2024-10-19T20:15:00.000Z,Mississippi State,Texas A&M,24,34,False,PRIMARY_REGULAR_PROVISIONAL,v0.22_population_ledger
2024,401628392,2024-10-19T23:00:00.000Z,Arkansas,LSU,10,34,False,PRIMARY_REGULAR_PROVISIONAL,v0.22_population_ledger
2024,401628399,2024-10-19T23:00:00.000Z,Vanderbilt,Ball State,24,14,False,PRIMARY_REGULAR_PROVISIONAL,v0.22_population_ledger
2024,401643814,2024-10-19T23:00:00.000Z,Southern Miss,Arkansas State,28,44,False,PRIMARY_REGULAR_PROVISIONAL,v0.22_population_ledger
2024,401628398,2024-10-19T23:30:00.000Z,Texas,Georgia,15,30,False,PRIMARY_REGULAR_PROVISIONAL,v0.22_population_ledger
2024,401628520,2024-10-19T23:30:00.000Z,Michigan State,Iowa,32,20,False,PRIMARY_REGULAR_PROVISIONAL,v0.22_population_ledger
2024,401636900,2024-10-19T23:30:00.000Z,Iowa State,UCF,38,35,False,PRIMARY_REGULAR_PROVISIONAL,v0.22_population_ledger
2024,401636904,2024-10-19T23:30:00.000Z,West Virginia,Kansas State,18,45,False,PRIMARY_REGULAR_PROVISIONAL,v0.22_population_ledger
2024,401645349,2024-10-19T23:30:00.000Z,Memphis,North Texas,52,44,False,PRIMARY_REGULAR_PROVISIONAL,v0.22_population_ledger
2024,401628393,2024-10-19T23:45:00.000Z,Florida,Kentucky,48,20,False,PRIMARY_REGULAR_PROVISIONAL,v0.22_population_ledger
2024,401635590,2024-10-20T00:00:00.000Z,Stanford,SMU,10,40,False,PRIMARY_REGULAR_PROVISIONAL,v0.22_population_ledger
2024,401643734,2024-10-20T00:00:00.000Z,Air Force,Colorado State,13,21,False,PRIMARY_REGULAR_PROVISIONAL,v0.22_population_ledger
2024,401643739,2024-10-20T02:00:00.000Z,Oregon State,UNLV,25,33,False,PRIMARY_REGULAR_PROVISIONAL,v0.22_population_ledger
2024,401636903,2024-10-20T02:30:00.000Z,Utah,TCU,7,13,False,PRIMARY_REGULAR_PROVISIONAL,v0.22_population_ledger
2024,401640984,2024-10-22T23:30:00.000Z,FIU,Sam Houston,7,10,True,PRIMARY_REGULAR_PROVISIONAL,v0.22_population_ledger
2024,401641011,2024-10-23T00:00:00.000Z,Louisiana Tech,UTEP,14,10,False,PRIMARY_REGULAR_PROVISIONAL,v0.22_population_ledger
2024,401640993,2024-10-23T23:00:00.000Z,Kennesaw State,Liberty,27,24,False,PRIMARY_REGULAR_PROVISIONAL,v0.22_population_ledger
2024,401641003,2024-10-23T23:30:00.000Z,Jacksonville State,Middle Tennessee,42,20,False,PRIMARY_REGULAR_PROVISIONAL,v0.22_population_ledger
2024,401643815,2024-10-24T23:00:00.000Z,Old Dominion,Georgia Southern,47,19,False,PRIMARY_REGULAR_PROVISIONAL,v0.22_population_ledger
2024,401634770,2024-10-24T23:30:00.000Z,Pittsburgh,Syracuse,41,13,False,PRIMARY_REGULAR_PROVISIONAL,v0.22_population_ledger
2024,401634771,2024-10-25T23:30:00.000Z,Boston College,Louisville,27,31,False,PRIMARY_REGULAR_PROVISIONAL,v0.22_population_ledger
2024,401643740,2024-10-26T02:30:00.000Z,UNLV,Boise State,24,29,False,PRIMARY_REGULAR_PROVISIONAL,v0.22_population_ledger
2024,401628532,2024-10-26T03:00:00.000Z,USC,Rutgers,42,20,False,PRIMARY_REGULAR_PROVISIONAL,v0.22_population_ledger
2024,401628402,2024-10-26T16:00:00.000Z,Ole Miss,Oklahoma,26,14,False,PRIMARY_REGULAR_PROVISIONAL,v0.22_population_ledger
2024,401628526,2024-10-26T16:00:00.000Z,Indiana,Washington,31,17,False,PRIMARY_REGULAR_PROVISIONAL,v0.22_population_ledger
2024,401628530,2024-10-26T16:00:00.000Z,Ohio State,Nebraska,21,17,False,PRIMARY_REGULAR_PROVISIONAL,v0.22_population_ledger
2024,401628983,2024-10-26T16:00:00.000Z,Navy,Notre Dame,14,51,True,PRIMARY_REGULAR_PROVISIONAL,v0.22_population_ledger
2024,401635597,2024-10-26T16:00:00.000Z,Virginia Tech,Georgia Tech,21,6,False,PRIMARY_REGULAR_PROVISIONAL,v0.22_population_ledger
2024,401635598,2024-10-26T16:00:00.000Z,Virginia,North Carolina,14,41,False,PRIMARY_REGULAR_PROVISIONAL,v0.22_population_ledger
2024,401644755,2024-10-26T16:00:00.000Z,Ohio,Buffalo,47,16,False,PRIMARY_REGULAR_PROVISIONAL,v0.22_population_ledger
2024,401645353,2024-10-26T16:00:00.000Z,Memphis,Charlotte,33,28,False,PRIMARY_REGULAR_PROVISIONAL,v0.22_population_ledger
2024,401645354,2024-10-26T16:00:00.000Z,North Texas,Tulane,37,45,False,PRIMARY_REGULAR_PROVISIONAL,v0.22_population_ledger
2024,401628403,2024-10-26T16:45:00.000Z,Mississippi State,Arkansas,25,58,False,PRIMARY_REGULAR_PROVISIONAL,v0.22_population_ledger
2024,401643816,2024-10-26T17:00:00.000Z,Appalachian State,Georgia State,33,26,False,PRIMARY_REGULAR_PROVISIONAL,v0.22_population_ledger
2024,401644687,2024-10-26T18:00:00.000Z,Miami (OH),Central Michigan,46,7,False,PRIMARY_REGULAR_PROVISIONAL,v0.22_population_ledger
2024,401645352,2024-10-26T18:00:00.000Z,East Carolina,Temple,56,34,False,PRIMARY_REGULAR_PROVISIONAL,v0.22_population_ledger
2024,401628400,2024-10-26T19:30:00.000Z,Alabama,Missouri,34,0,False,PRIMARY_REGULAR_PROVISIONAL,v0.22_population_ledger
2024,401628525,2024-10-26T19:30:00.000Z,Oregon,Illinois,38,9,False,PRIMARY_REGULAR_PROVISIONAL,v0.22_population_ledger
2024,401628527,2024-10-26T19:30:00.000Z,Iowa,Northwestern,40,14,False,PRIMARY_REGULAR_PROVISIONAL,v0.22_population_ledger
2024,401628528,2024-10-26T19:30:00.000Z,Minnesota,Maryland,48,23,False,PRIMARY_REGULAR_PROVISIONAL,v0.22_population_ledger
2024,401629035,2024-10-26T19:30:00.000Z,UConn,Rice,17,10,False,PRIMARY_REGULAR_PROVISIONAL,v0.22_population_ledger
2024,401635599,2024-10-26T19:30:00.000Z,Stanford,Wake Forest,24,27,False,PRIMARY_REGULAR_PROVISIONAL,v0.22_population_ledger
2024,401636906,2024-10-26T19:30:00.000Z,Baylor,Oklahoma State,38,28,False,PRIMARY_REGULAR_PROVISIONAL,v0.22_population_ledger
2024,401636910,2024-10-26T19:30:00.000Z,TCU,Texas Tech,35,34,False,PRIMARY_REGULAR_PROVISIONAL,v0.22_population_ledger
2024,401636911,2024-10-26T19:30:00.000Z,UCF,BYU,24,37,False,PRIMARY_REGULAR_PROVISIONAL,v0.22_population_ledger
2024,401643817,2024-10-26T19:30:00.000Z,James Madison,Southern Miss,32,15,False,PRIMARY_REGULAR_PROVISIONAL,v0.22_population_ledger
2024,401644752,2024-10-26T19:30:00.000Z,Akron,Eastern Michigan,25,21,False,PRIMARY_REGULAR_PROVISIONAL,v0.22_population_ledger
2024,401644753,2024-10-26T19:30:00.000Z,Ball State,Northern Illinois,25,23,False,PRIMARY_REGULAR_PROVISIONAL,v0.22_population_ledger
2024,401644754,2024-10-26T19:30:00.000Z,Toledo,Bowling Green,26,41,False,PRIMARY_REGULAR_PROVISIONAL,v0.22_population_ledger
2024,401644756,2024-10-26T19:30:00.000Z,Western Michigan,Kent State,52,21,False,PRIMARY_REGULAR_PROVISIONAL,v0.22_population_ledger
2024,401645355,2024-10-26T19:30:00.000Z,Tulsa,UTSA,46,45,False,PRIMARY_REGULAR_PROVISIONAL,v0.22_population_ledger
2024,401635594,2024-10-26T20:00:00.000Z,California,Oregon State,44,7,False,PRIMARY_REGULAR_PROVISIONAL,v0.22_population_ledger
2024,401628405,2024-10-26T20:15:00.000Z,Vanderbilt,Texas,24,27,False,PRIMARY_REGULAR_PROVISIONAL,v0.22_population_ledger
2024,401643741,2024-10-26T21:00:00.000Z,Colorado State,New Mexico,17,6,False,PRIMARY_REGULAR_PROVISIONAL,v0.22_population_ledger
2024,401643819,2024-10-26T21:00:00.000Z,South Alabama,UL Monroe,46,17,False,PRIMARY_REGULAR_PROVISIONAL,v0.22_population_ledger
2024,401635596,2024-10-26T23:00:00.000Z,Miami (FL),Florida State,36,14,False,PRIMARY_REGULAR_PROVISIONAL,v0.22_population_ledger
2024,401636905,2024-10-26T23:00:00.000Z,Arizona,West Virginia,26,31,False,PRIMARY_REGULAR_PROVISIONAL,v0.22_population_ledger
2024,401636908,2024-10-26T23:00:00.000Z,Houston,Utah,17,14,False,PRIMARY_REGULAR_PROVISIONAL,v0.22_population_ledger
2024,401643745,2024-10-26T23:00:00.000Z,Wyoming,Utah State,25,27,False,PRIMARY_REGULAR_PROVISIONAL,v0.22_population_ledger
2024,401643818,2024-10-26T23:00:00.000Z,Arkansas State,Troy,34,31,False,PRIMARY_REGULAR_PROVISIONAL,v0.22_population_ledger
2024,401628404,2024-10-26T23:30:00.000Z,Texas A&M,LSU,38,23,False,PRIMARY_REGULAR_PROVISIONAL,v0.22_population_ledger
2024,401628529,2024-10-26T23:30:00.000Z,Michigan,Michigan State,24,17,False,PRIMARY_REGULAR_PROVISIONAL,v0.22_population_ledger
2024,401628531,2024-10-26T23:30:00.000Z,Wisconsin,Penn State,13,28,False,PRIMARY_REGULAR_PROVISIONAL,v0.22_population_ledger
2024,401628401,2024-10-26T23:45:00.000Z,Kentucky,Auburn,10,24,False,PRIMARY_REGULAR_PROVISIONAL,v0.22_population_ledger
2024,401635595,2024-10-27T00:00:00.000Z,Duke,SMU,27,28,False,PRIMARY_REGULAR_PROVISIONAL,v0.22_population_ledger
2024,401636909,2024-10-27T00:00:00.000Z,Kansas State,Kansas,29,27,False,PRIMARY_REGULAR_PROVISIONAL,v0.22_population_ledger
2024,401643742,2024-10-27T00:00:00.000Z,Fresno State,San Jose State,33,10,False,PRIMARY_REGULAR_PROVISIONAL,v0.22_population_ledger
2024,401636907,2024-10-27T02:15:00.000Z,Colorado,Cincinnati,34,23,False,PRIMARY_REGULAR_PROVISIONAL,v0.22_population_ledger
2024,401643744,2024-10-27T02:30:00.000Z,San Diego State,Washington State,26,29,False,PRIMARY_REGULAR_PROVISIONAL,v0.22_population_ledger
2024,401643743,2024-10-27T03:59:00.000Z,Hawaii,Nevada,34,13,False,PRIMARY_REGULAR_PROVISIONAL,v0.22_population_ledger
2024,401640985,2024-10-29T23:00:00.000Z,FIU,New Mexico State,34,13,True,PRIMARY_REGULAR_PROVISIONAL,v0.22_population_ledger
2024,401643820,2024-10-29T23:30:00.000Z,Texas State,Louisiana,17,23,False,PRIMARY_REGULAR_PROVISIONAL,v0.22_population_ledger
2024,401641012,2024-10-30T00:00:00.000Z,Sam Houston,Louisiana Tech,9,3,False,PRIMARY_REGULAR_PROVISIONAL,v0.22_population_ledger
2024,401640994,2024-10-30T23:00:00.000Z,Liberty,Jacksonville State,21,31,False,PRIMARY_REGULAR_PROVISIONAL,v0.22_population_ledger
2024,401641020,2024-10-30T23:30:00.000Z,Western Kentucky,Kennesaw State,31,14,False,PRIMARY_REGULAR_PROVISIONAL,v0.22_population_ledger
2024,401645356,2024-10-31T23:30:00.000Z,Charlotte,Tulane,3,34,False,PRIMARY_REGULAR_PROVISIONAL,v0.22_population_ledger
2024,401629036,2024-11-01T23:00:00.000Z,UConn,Georgia State,34,27,False,PRIMARY_REGULAR_PROVISIONAL,v0.22_population_ledger
2024,401645357,2024-11-01T23:30:00.000Z,Florida Atlantic,South Florida,21,44,False,PRIMARY_REGULAR_PROVISIONAL,v0.22_population_ledger
2024,401643747,2024-11-02T00:00:00.000Z,Boise State,San Diego State,56,24,False,PRIMARY_REGULAR_PROVISIONAL,v0.22_population_ledger
2024,401628406,2024-11-02T16:00:00.000Z,Arkansas,Ole Miss,31,63,False,PRIMARY_REGULAR_PROVISIONAL,v0.22_population_ledger
2024,401628533,2024-11-02T16:00:00.000Z,Illinois,Minnesota,17,25,False,PRIMARY_REGULAR_PROVISIONAL,v0.22_population_ledger
2024,401628538,2024-11-02T16:00:00.000Z,Purdue,Northwestern,20,26,False,PRIMARY_REGULAR_PROVISIONAL,v0.22_population_ledger
2024,401628539,2024-11-02T16:00:00.000Z,Penn State,Ohio State,13,20,False,PRIMARY_REGULAR_PROVISIONAL,v0.22_population_ledger
2024,401635516,2024-11-02T16:00:00.000Z,NC State,Stanford,59,28,False,PRIMARY_REGULAR_PROVISIONAL,v0.22_population_ledger
2024,401635601,2024-11-02T16:00:00.000Z,Miami (FL),Duke,53,31,False,PRIMARY_REGULAR_PROVISIONAL,v0.22_population_ledger
2024,401635604,2024-11-02T16:00:00.000Z,Syracuse,Virginia Tech,38,31,False,PRIMARY_REGULAR_PROVISIONAL,v0.22_population_ledger
2024,401643746,2024-11-02T16:00:00.000Z,Army,Air Force,20,3,False,PRIMARY_REGULAR_PROVISIONAL,v0.22_population_ledger
2024,401644757,2024-11-02T16:00:00.000Z,Akron,Buffalo,30,41,False,PRIMARY_REGULAR_PROVISIONAL,v0.22_population_ledger
2024,401644758,2024-11-02T16:00:00.000Z,Eastern Michigan,Toledo,28,29,False,PRIMARY_REGULAR_PROVISIONAL,v0.22_population_ledger
2024,401645359,2024-11-02T16:00:00.000Z,UTSA,Memphis,44,36,False,PRIMARY_REGULAR_PROVISIONAL,v0.22_population_ledger
2024,401628407,2024-11-02T16:45:00.000Z,Auburn,Vanderbilt,7,17,False,PRIMARY_REGULAR_PROVISIONAL,v0.22_population_ledger
2024,401643821,2024-11-02T18:30:00.000Z,Appalachian State,Old Dominion,28,20,False,PRIMARY_REGULAR_PROVISIONAL,v0.22_population_ledger
2024,401645358,2024-11-02T18:30:00.000Z,UAB,Tulsa,59,21,False,PRIMARY_REGULAR_PROVISIONAL,v0.22_population_ledger
2024,401628408,2024-11-02T19:30:00.000Z,Georgia,Florida,34,20,True,PRIMARY_REGULAR_PROVISIONAL,v0.22_population_ledger
2024,401628534,2024-11-02T19:30:00.000Z,Michigan State,Indiana,10,47,False,PRIMARY_REGULAR_PROVISIONAL,v0.22_population_ledger
2024,401628536,2024-11-02T19:30:00.000Z,Michigan,Oregon,17,38,False,PRIMARY_REGULAR_PROVISIONAL,v0.22_population_ledger
2024,401628537,2024-11-02T19:30:00.000Z,Nebraska,UCLA,20,27,False,PRIMARY_REGULAR_PROVISIONAL,v0.22_population_ledger
2024,401635602,2024-11-02T19:30:00.000Z,Florida State,North Carolina,11,35,False,PRIMARY_REGULAR_PROVISIONAL,v0.22_population_ledger
2024,401636913,2024-11-02T19:30:00.000Z,Houston,Kansas State,24,19,False,PRIMARY_REGULAR_PROVISIONAL,v0.22_population_ledger
2024,401636914,2024-11-02T19:30:00.000Z,Iowa State,Texas Tech,22,23,False,PRIMARY_REGULAR_PROVISIONAL,v0.22_population_ledger
2024,401636915,2024-11-02T19:30:00.000Z,Oklahoma State,Arizona State,21,42,False,PRIMARY_REGULAR_PROVISIONAL,v0.22_population_ledger
2024,401636916,2024-11-02T19:30:00.000Z,UCF,Arizona,56,12,False,PRIMARY_REGULAR_PROVISIONAL,v0.22_population_ledger
2024,401641026,2024-11-02T19:30:00.000Z,UTEP,Middle Tennessee,13,20,False,PRIMARY_REGULAR_PROVISIONAL,v0.22_population_ledger
2024,401643822,2024-11-02T19:30:00.000Z,Marshall,UL Monroe,28,23,False,PRIMARY_REGULAR_PROVISIONAL,v0.22_population_ledger
2024,401643750,2024-11-02T20:00:00.000Z,New Mexico,Wyoming,45,49,False,PRIMARY_REGULAR_PROVISIONAL,v0.22_population_ledger
2024,401643824,2024-11-02T20:00:00.000Z,Troy,Coastal Carolina,38,24,False,PRIMARY_REGULAR_PROVISIONAL,v0.22_population_ledger
2024,401645360,2024-11-02T20:00:00.000Z,Rice,Navy,24,10,False,PRIMARY_REGULAR_PROVISIONAL,v0.22_population_ledger
2024,401628409,2024-11-02T20:15:00.000Z,Mississippi State,UMass,45,20,False,PRIMARY_REGULAR_PROVISIONAL,v0.22_population_ledger
2024,401643749,2024-11-02T23:00:00.000Z,Fresno State,Hawaii,20,21,False,PRIMARY_REGULAR_PROVISIONAL,v0.22_population_ledger
2024,401628411,2024-11-02T23:30:00.000Z,South Carolina,Texas A&M,44,20,False,PRIMARY_REGULAR_PROVISIONAL,v0.22_population_ledger
2024,401628535,2024-11-02T23:30:00.000Z,Iowa,Wisconsin,42,10,False,PRIMARY_REGULAR_PROVISIONAL,v0.22_population_ledger
2024,401628540,2024-11-02T23:30:00.000Z,Washington,USC,26,21,False,PRIMARY_REGULAR_PROVISIONAL,v0.22_population_ledger
2024,401635600,2024-11-02T23:30:00.000Z,Clemson,Louisville,21,33,False,PRIMARY_REGULAR_PROVISIONAL,v0.22_population_ledger
2024,401643823,2024-11-02T23:30:00.000Z,South Alabama,Georgia Southern,30,34,False,PRIMARY_REGULAR_PROVISIONAL,v0.22_population_ledger
2024,401628412,2024-11-02T23:45:00.000Z,Tennessee,Kentucky,28,18,False,PRIMARY_REGULAR_PROVISIONAL,v0.22_population_ledger
2024,401635627,2024-11-03T00:00:00.000Z,SMU,Pittsburgh,48,25,False,PRIMARY_REGULAR_PROVISIONAL,v0.22_population_ledger
2024,401636912,2024-11-03T00:00:00.000Z,Baylor,TCU,37,34,False,PRIMARY_REGULAR_PROVISIONAL,v0.22_population_ledger
2024,401643748,2024-11-03T00:00:00.000Z,Nevada,Colorado State,21,38,False,PRIMARY_REGULAR_PROVISIONAL,v0.22_population_ledger
2024,401644760,2024-11-06T00:30:00.000Z,Central Michigan,Bowling Green,13,23,False,PRIMARY_REGULAR_PROVISIONAL,v0.22_population_ledger
2024,401644688,2024-11-06T01:00:00.000Z,Ball State,Miami (OH),21,27,False,PRIMARY_REGULAR_PROVISIONAL,v0.22_population_ledger
2024,401644761,2024-11-07T00:00:00.000Z,Kent State,Ohio,0,41,False,PRIMARY_REGULAR_PROVISIONAL,v0.22_population_ledger
2024,401644762,2024-11-07T00:00:00.000Z,Western Michigan,Northern Illinois,28,42,False,PRIMARY_REGULAR_PROVISIONAL,v0.22_population_ledger
2024,401643825,2024-11-08T01:00:00.000Z,Coastal Carolina,Appalachian State,38,24,False,PRIMARY_REGULAR_PROVISIONAL,v0.22_population_ledger
2024,401645361,2024-11-08T01:00:00.000Z,East Carolina,Florida Atlantic,49,14,False,PRIMARY_REGULAR_PROVISIONAL,v0.22_population_ledger
2024,401634773,2024-11-09T01:00:00.000Z,Wake Forest,California,36,46,False,PRIMARY_REGULAR_PROVISIONAL,v0.22_population_ledger
2024,401628542,2024-11-09T02:00:00.000Z,UCLA,Iowa,20,17,False,PRIMARY_REGULAR_PROVISIONAL,v0.22_population_ledger
2024,401645362,2024-11-09T02:00:00.000Z,Memphis,Rice,27,20,False,PRIMARY_REGULAR_PROVISIONAL,v0.22_population_ledger
2024,401643754,2024-11-09T03:30:00.000Z,San Diego State,New Mexico,16,21,False,PRIMARY_REGULAR_PROVISIONAL,v0.22_population_ledger
2024,401628417,2024-11-09T17:00:00.000Z,Texas,Florida,49,17,False,PRIMARY_REGULAR_PROVISIONAL,v0.22_population_ledger
2024,401628544,2024-11-09T17:00:00.000Z,Rutgers,Minnesota,26,19,False,PRIMARY_REGULAR_PROVISIONAL,v0.22_population_ledger
2024,401628545,2024-11-09T17:00:00.000Z,Ohio State,Purdue,45,0,False,PRIMARY_REGULAR_PROVISIONAL,v0.22_population_ledger
2024,401635606,2024-11-09T17:00:00.000Z,Boston College,Syracuse,37,31,False,PRIMARY_REGULAR_PROVISIONAL,v0.22_population_ledger
2024,401635609,2024-11-09T17:00:00.000Z,Georgia Tech,Miami (FL),28,23,False,PRIMARY_REGULAR_PROVISIONAL,v0.22_population_ledger
2024,401636918,2024-11-09T17:00:00.000Z,Cincinnati,West Virginia,24,31,False,PRIMARY_REGULAR_PROVISIONAL,v0.22_population_ledger
2024,401643828,2024-11-09T17:00:00.000Z,UL Monroe,Texas State,17,38,False,PRIMARY_REGULAR_PROVISIONAL,v0.22_population_ledger
2024,401645363,2024-11-09T17:00:00.000Z,South Florida,Navy,7,28,False,PRIMARY_REGULAR_PROVISIONAL,v0.22_population_ledger
2024,401640995,2024-11-09T18:00:00.000Z,Middle Tennessee,Liberty,17,37,False,PRIMARY_REGULAR_PROVISIONAL,v0.22_population_ledger
2024,401629037,2024-11-09T19:30:00.000Z,UAB,UConn,23,31,False,PRIMARY_REGULAR_PROVISIONAL,v0.22_population_ledger
2024,401643829,2024-11-09T20:00:00.000Z,Southern Miss,Marshall,3,37,False,PRIMARY_REGULAR_PROVISIONAL,v0.22_population_ledger
2024,401628414,2024-11-09T20:30:00.000Z,Ole Miss,Georgia,28,10,False,PRIMARY_REGULAR_PROVISIONAL,v0.22_population_ledger
2024,401628541,2024-11-09T20:30:00.000Z,Indiana,Michigan,20,15,False,PRIMARY_REGULAR_PROVISIONAL,v0.22_population_ledger
2024,401629045,2024-11-09T20:30:00.000Z,North Texas,Army,3,14,False,PRIMARY_REGULAR_PROVISIONAL,v0.22_population_ledger
2024,401635607,2024-11-09T20:30:00.000Z,Virginia Tech,Clemson,14,24,False,PRIMARY_REGULAR_PROVISIONAL,v0.22_population_ledger
2024,401635608,2024-11-09T20:30:00.000Z,NC State,Duke,19,29,False,PRIMARY_REGULAR_PROVISIONAL,v0.22_population_ledger
2024,401636919,2024-11-09T20:30:00.000Z,Kansas,Iowa State,45,36,True,PRIMARY_REGULAR_PROVISIONAL,v0.22_population_ledger
2024,401643755,2024-11-09T20:30:00.000Z,Oregon State,San Jose State,13,24,False,PRIMARY_REGULAR_PROVISIONAL,v0.22_population_ledger
2024,401643826,2024-11-09T20:30:00.000Z,James Madison,Georgia State,38,7,False,PRIMARY_REGULAR_PROVISIONAL,v0.22_population_ledger
2024,401636921,2024-11-09T21:00:00.000Z,Texas Tech,Colorado,27,41,False,PRIMARY_REGULAR_PROVISIONAL,v0.22_population_ledger
2024,401641021,2024-11-09T21:00:00.000Z,UTEP,Kennesaw State,43,35,False,PRIMARY_REGULAR_PROVISIONAL,v0.22_population_ledger
2024,401645364,2024-11-09T21:00:00.000Z,Tulane,Temple,52,6,False,PRIMARY_REGULAR_PROVISIONAL,v0.22_population_ledger
2024,401628418,2024-11-09T21:15:00.000Z,Vanderbilt,South Carolina,7,28,False,PRIMARY_REGULAR_PROVISIONAL,v0.22_population_ledger
2024,401641004,2024-11-09T21:30:00.000Z,Louisiana Tech,Jacksonville State,37,44,False,PRIMARY_REGULAR_PROVISIONAL,v0.22_population_ledger
2024,401643827,2024-11-09T22:00:00.000Z,Louisiana,Arkansas State,55,19,False,PRIMARY_REGULAR_PROVISIONAL,v0.22_population_ledger
2024,401641036,2024-11-09T23:00:00.000Z,New Mexico State,Western Kentucky,28,41,False,PRIMARY_REGULAR_PROVISIONAL,v0.22_population_ledger
2024,401628416,2024-11-10T00:00:00.000Z,Tennessee,Mississippi State,33,14,False,PRIMARY_REGULAR_PROVISIONAL,v0.22_population_ledger
2024,401628543,2024-11-10T00:00:00.000Z,Oregon,Maryland,39,18,False,PRIMARY_REGULAR_PROVISIONAL,v0.22_population_ledger
2024,401636917,2024-11-10T00:00:00.000Z,Arizona State,UCF,35,31,False,PRIMARY_REGULAR_PROVISIONAL,v0.22_population_ledger
2024,401636920,2024-11-10T00:00:00.000Z,TCU,Oklahoma State,38,13,False,PRIMARY_REGULAR_PROVISIONAL,v0.22_population_ledger
2024,401628413,2024-11-10T00:30:00.000Z,LSU,Alabama,13,42,False,PRIMARY_REGULAR_PROVISIONAL,v0.22_population_ledger
2024,401628984,2024-11-10T00:30:00.000Z,Notre Dame,Florida State,52,3,False,PRIMARY_REGULAR_PROVISIONAL,v0.22_population_ledger
2024,401628415,2024-11-10T00:45:00.000Z,Missouri,Oklahoma,30,23,False,PRIMARY_REGULAR_PROVISIONAL,v0.22_population_ledger
2024,401628546,2024-11-10T01:00:00.000Z,Penn State,Washington,35,6,False,PRIMARY_REGULAR_PROVISIONAL,v0.22_population_ledger
2024,401635610,2024-11-10T01:00:00.000Z,Pittsburgh,Virginia,19,24,False,PRIMARY_REGULAR_PROVISIONAL,v0.22_population_ledger
2024,401643752,2024-11-10T01:00:00.000Z,Boise State,Nevada,28,21,False,PRIMARY_REGULAR_PROVISIONAL,v0.22_population_ledger
2024,401643753,2024-11-10T02:00:00.000Z,Hawaii,UNLV,27,29,False,PRIMARY_REGULAR_PROVISIONAL,v0.22_population_ledger
2024,401643751,2024-11-10T02:45:00.000Z,Air Force,Fresno State,36,28,False,PRIMARY_REGULAR_PROVISIONAL,v0.22_population_ledger
2024,401636922,2024-11-10T03:15:00.000Z,Utah,BYU,21,22,False,PRIMARY_REGULAR_PROVISIONAL,v0.22_population_ledger
2024,401643756,2024-11-10T03:30:00.000Z,Washington State,Utah State,49,28,False,PRIMARY_REGULAR_PROVISIONAL,v0.22_population_ledger
2024,401644763,2024-11-13T00:00:00.000Z,Buffalo,Ball State,51,48,False,PRIMARY_REGULAR_PROVISIONAL,v0.22_population_ledger
2024,401644764,2024-11-13T00:00:00.000Z,Bowling Green,Western Michigan,31,13,False,PRIMARY_REGULAR_PROVISIONAL,v0.22_population_ledger
2024,401644765,2024-11-13T00:00:00.000Z,Toledo,Central Michigan,37,10,False,PRIMARY_REGULAR_PROVISIONAL,v0.22_population_ledger
2024,401644689,2024-11-14T00:00:00.000Z,Miami (OH),Kent State,34,7,False,PRIMARY_REGULAR_PROVISIONAL,v0.22_population_ledger
2024,401644766,2024-11-14T00:00:00.000Z,Northern Illinois,Akron,29,16,False,PRIMARY_REGULAR_PROVISIONAL,v0.22_population_ledger
2024,401644767,2024-11-14T00:00:00.000Z,Ohio,Eastern Michigan,35,10,False,PRIMARY_REGULAR_PROVISIONAL,v0.22_population_ledger
2024,401645365,2024-11-15T00:30:00.000Z,Tulsa,East Carolina,31,38,False,PRIMARY_REGULAR_PROVISIONAL,v0.22_population_ledger
2024,401643759,2024-11-16T01:00:00.000Z,Colorado State,Wyoming,24,10,False,PRIMARY_REGULAR_PROVISIONAL,v0.22_population_ledger
2024,401645366,2024-11-16T01:00:00.000Z,UTSA,North Texas,48,27,False,PRIMARY_REGULAR_PROVISIONAL,v0.22_population_ledger
2024,401628553,2024-11-16T02:00:00.000Z,Washington,UCLA,31,19,False,PRIMARY_REGULAR_PROVISIONAL,v0.22_population_ledger
2024,401636923,2024-11-16T03:15:00.000Z,Arizona,Houston,27,3,False,PRIMARY_REGULAR_PROVISIONAL,v0.22_population_ledger
2024,401628419,2024-11-16T17:00:00.000Z,Arkansas,Texas,10,20,False,PRIMARY_REGULAR_PROVISIONAL,v0.22_population_ledger
2024,401628550,2024-11-16T17:00:00.000Z,Northwestern,Ohio State,7,31,True,PRIMARY_REGULAR_PROVISIONAL,v0.22_population_ledger
2024,401629046,2024-11-16T17:00:00.000Z,UMass,Liberty,34,35,False,PRIMARY_REGULAR_PROVISIONAL,v0.22_population_ledger
2024,401635582,2024-11-16T17:00:00.000Z,Pittsburgh,Clemson,20,24,False,PRIMARY_REGULAR_PROVISIONAL,v0.22_population_ledger
2024,401636925,2024-11-16T17:00:00.000Z,Colorado,Utah,49,24,False,PRIMARY_REGULAR_PROVISIONAL,v0.22_population_ledger
2024,401641013,2024-11-16T17:00:00.000Z,Western Kentucky,Louisiana Tech,7,12,False,PRIMARY_REGULAR_PROVISIONAL,v0.22_population_ledger
2024,401645370,2024-11-16T17:00:00.000Z,Navy,Tulane,0,35,False,PRIMARY_REGULAR_PROVISIONAL,v0.22_population_ledger
2024,401628426,2024-11-16T17:45:00.000Z,Auburn,UL Monroe,48,14,False,PRIMARY_REGULAR_PROVISIONAL,v0.22_population_ledger
2024,401643832,2024-11-16T18:00:00.000Z,Marshall,Coastal Carolina,31,19,False,PRIMARY_REGULAR_PROVISIONAL,v0.22_population_ledger
2024,401640986,2024-11-16T19:00:00.000Z,Jacksonville State,FIU,34,31,False,PRIMARY_REGULAR_PROVISIONAL,v0.22_population_ledger
2024,401645369,2024-11-16T19:00:00.000Z,Temple,Florida Atlantic,18,15,False,PRIMARY_REGULAR_PROVISIONAL,v0.22_population_ledger
2024,401628547,2024-11-16T19:30:00.000Z,Illinois,Michigan State,38,16,False,PRIMARY_REGULAR_PROVISIONAL,v0.22_population_ledger
2024,401635581,2024-11-16T20:00:00.000Z,California,Syracuse,25,33,False,PRIMARY_REGULAR_PROVISIONAL,v0.22_population_ledger
2024,401641022,2024-11-16T20:00:00.000Z,Kennesaw State,Sam Houston,17,23,False,PRIMARY_REGULAR_PROVISIONAL,v0.22_population_ledger
2024,401643760,2024-11-16T20:00:00.000Z,Utah State,Hawaii,55,10,False,PRIMARY_REGULAR_PROVISIONAL,v0.22_population_ledger
2024,401628420,2024-11-16T20:30:00.000Z,Florida,LSU,27,16,False,PRIMARY_REGULAR_PROVISIONAL,v0.22_population_ledger
2024,401628552,2024-11-16T20:30:00.000Z,Purdue,Penn State,10,49,False,PRIMARY_REGULAR_PROVISIONAL,v0.22_population_ledger
2024,401628985,2024-11-16T20:30:00.000Z,Notre Dame,Virginia,35,14,False,PRIMARY_REGULAR_PROVISIONAL,v0.22_population_ledger
2024,401635517,2024-11-16T20:30:00.000Z,Stanford,Louisville,38,35,False,PRIMARY_REGULAR_PROVISIONAL,v0.22_population_ledger
2024,401635580,2024-11-16T20:30:00.000Z,SMU,Boston College,38,28,False,PRIMARY_REGULAR_PROVISIONAL,v0.22_population_ledger
2024,401643757,2024-11-16T20:30:00.000Z,Air Force,Oregon State,28,0,False,PRIMARY_REGULAR_PROVISIONAL,v0.22_population_ledger
2024,401645368,2024-11-16T20:30:00.000Z,Charlotte,South Florida,24,59,False,PRIMARY_REGULAR_PROVISIONAL,v0.22_population_ledger
2024,401628549,2024-11-16T21:00:00.000Z,USC,Nebraska,28,20,False,PRIMARY_REGULAR_PROVISIONAL,v0.22_population_ledger
2024,401636929,2024-11-16T21:00:00.000Z,West Virginia,Baylor,35,49,False,PRIMARY_REGULAR_PROVISIONAL,v0.22_population_ledger
2024,401643830,2024-11-16T21:00:00.000Z,Georgia Southern,Troy,20,28,False,PRIMARY_REGULAR_PROVISIONAL,v0.22_population_ledger
2024,401643833,2024-11-16T21:00:00.000Z,Old Dominion,James Madison,32,35,False,PRIMARY_REGULAR_PROVISIONAL,v0.22_population_ledger
2024,401628423,2024-11-16T21:15:00.000Z,South Carolina,Missouri,34,30,False,PRIMARY_REGULAR_PROVISIONAL,v0.22_population_ledger
2024,401643831,2024-11-16T22:00:00.000Z,Georgia State,Arkansas State,20,27,False,PRIMARY_REGULAR_PROVISIONAL,v0.22_population_ledger
2024,401628548,2024-11-16T23:00:00.000Z,Maryland,Rutgers,17,31,False,PRIMARY_REGULAR_PROVISIONAL,v0.22_population_ledger
2024,401636927,2024-11-17T00:00:00.000Z,Kansas State,Arizona State,14,24,False,PRIMARY_REGULAR_PROVISIONAL,v0.22_population_ledger
2024,401643758,2024-11-17T00:00:00.000Z,San Jose State,Boise State,21,42,False,PRIMARY_REGULAR_PROVISIONAL,v0.22_population_ledger
2024,401643834,2024-11-17T00:00:00.000Z,Louisiana,South Alabama,22,24,False,PRIMARY_REGULAR_PROVISIONAL,v0.22_population_ledger
2024,401643835,2024-11-17T00:00:00.000Z,Texas State,Southern Miss,58,3,False,PRIMARY_REGULAR_PROVISIONAL,v0.22_population_ledger
2024,401628421,2024-11-17T00:30:00.000Z,Georgia,Tennessee,31,17,False,PRIMARY_REGULAR_PROVISIONAL,v0.22_population_ledger
2024,401628551,2024-11-17T00:30:00.000Z,Wisconsin,Oregon,13,16,False,PRIMARY_REGULAR_PROVISIONAL,v0.22_population_ledger
2024,401628424,2024-11-17T00:45:00.000Z,Texas A&M,New Mexico State,38,3,False,PRIMARY_REGULAR_PROVISIONAL,v0.22_population_ledger
2024,401635583,2024-11-17T01:00:00.000Z,North Carolina,Wake Forest,31,24,False,PRIMARY_REGULAR_PROVISIONAL,v0.22_population_ledger
2024,401636926,2024-11-17T01:00:00.000Z,Iowa State,Cincinnati,34,17,False,PRIMARY_REGULAR_PROVISIONAL,v0.22_population_ledger
2024,401645367,2024-11-17T01:00:00.000Z,Memphis,UAB,53,18,False,PRIMARY_REGULAR_PROVISIONAL,v0.22_population_ledger
2024,401643761,2024-11-17T02:30:00.000Z,New Mexico,Washington State,38,35,False,PRIMARY_REGULAR_PROVISIONAL,v0.22_population_ledger
2024,401636924,2024-11-17T03:15:00.000Z,BYU,Kansas,13,17,False,PRIMARY_REGULAR_PROVISIONAL,v0.22_population_ledger
2024,401643762,2024-11-17T03:30:00.000Z,UNLV,San Diego State,41,20,False,PRIMARY_REGULAR_PROVISIONAL,v0.22_population_ledger
2024,401644769,2024-11-20T00:00:00.000Z,Kent State,Akron,17,38,False,PRIMARY_REGULAR_PROVISIONAL,v0.22_population_ledger
2024,401644770,2024-11-20T00:30:00.000Z,Central Michigan,Western Michigan,16,14,False,PRIMARY_REGULAR_PROVISIONAL,v0.22_population_ledger
2024,401644690,2024-11-20T01:00:00.000Z,Miami (OH),Northern Illinois,20,9,False,PRIMARY_REGULAR_PROVISIONAL,v0.22_population_ledger
2024,401644772,2024-11-21T00:00:00.000Z,Eastern Michigan,Buffalo,20,37,False,PRIMARY_REGULAR_PROVISIONAL,v0.22_population_ledger
2024,401644773,2024-11-21T00:00:00.000Z,Toledo,Ohio,7,24,False,PRIMARY_REGULAR_PROVISIONAL,v0.22_population_ledger
2024,401634772,2024-11-22T00:30:00.000Z,Georgia Tech,NC State,30,29,False,PRIMARY_REGULAR_PROVISIONAL,v0.22_population_ledger
2024,401645374,2024-11-23T00:00:00.000Z,UTSA,Temple,51,27,False,PRIMARY_REGULAR_PROVISIONAL,v0.22_population_ledger
2024,401628558,2024-11-23T01:00:00.000Z,Michigan State,Purdue,24,17,False,PRIMARY_REGULAR_PROVISIONAL,v0.22_population_ledger
2024,401643767,2024-11-23T03:00:00.000Z,San Jose State,UNLV,16,27,False,PRIMARY_REGULAR_PROVISIONAL,v0.22_population_ledger
2024,401628429,2024-11-23T17:00:00.000Z,Florida,Ole Miss,24,17,False,PRIMARY_REGULAR_PROVISIONAL,v0.22_population_ledger
2024,401628554,2024-11-23T17:00:00.000Z,Rutgers,Illinois,31,38,False,PRIMARY_REGULAR_PROVISIONAL,v0.22_population_ledger
2024,401628555,2024-11-23T17:00:00.000Z,Ohio State,Indiana,38,15,False,PRIMARY_REGULAR_PROVISIONAL,v0.22_population_ledger
2024,401628556,2024-11-23T17:00:00.000Z,Maryland,Iowa,13,29,False,PRIMARY_REGULAR_PROVISIONAL,v0.22_population_ledger
2024,401635518,2024-11-23T17:00:00.000Z,Syracuse,UConn,31,24,False,PRIMARY_REGULAR_PROVISIONAL,v0.22_population_ledger
2024,401635612,2024-11-23T17:00:00.000Z,Boston College,North Carolina,41,21,False,PRIMARY_REGULAR_PROVISIONAL,v0.22_population_ledger
2024,401635618,2024-11-23T17:00:00.000Z,Miami (FL),Wake Forest,42,14,False,PRIMARY_REGULAR_PROVISIONAL,v0.22_population_ledger
2024,401635619,2024-11-23T17:00:00.000Z,Virginia,SMU,7,33,False,PRIMARY_REGULAR_PROVISIONAL,v0.22_population_ledger
2024,401641005,2024-11-23T17:00:00.000Z,Jacksonville State,Sam Houston,21,11,False,PRIMARY_REGULAR_PROVISIONAL,v0.22_population_ledger
2024,401628430,2024-11-23T17:45:00.000Z,Georgia,UMass,59,21,False,PRIMARY_REGULAR_PROVISIONAL,v0.22_population_ledger
2024,401628435,2024-11-23T18:00:00.000Z,Tennessee,UTEP,56,0,False,PRIMARY_REGULAR_PROVISIONAL,v0.22_population_ledger
2024,401640996,2024-11-23T18:00:00.000Z,Liberty,Western Kentucky,38,21,False,PRIMARY_REGULAR_PROVISIONAL,v0.22_population_ledger
2024,401644774,2024-11-23T19:00:00.000Z,Ball State,Bowling Green,13,38,False,PRIMARY_REGULAR_PROVISIONAL,v0.22_population_ledger
2024,401645373,2024-11-23T19:00:00.000Z,UAB,Rice,40,14,False,PRIMARY_REGULAR_PROVISIONAL,v0.22_population_ledger
2024,401641027,2024-11-23T19:30:00.000Z,Middle Tennessee,New Mexico State,21,36,False,PRIMARY_REGULAR_PROVISIONAL,v0.22_population_ledger
2024,401643836,2024-11-23T19:30:00.000Z,Appalachian State,James Madison,34,20,False,PRIMARY_REGULAR_PROVISIONAL,v0.22_population_ledger
2024,401636935,2024-11-23T20:00:00.000Z,TCU,Arizona,49,28,False,PRIMARY_REGULAR_PROVISIONAL,v0.22_population_ledger
2024,401640987,2024-11-23T20:00:00.000Z,Kennesaw State,FIU,27,26,False,PRIMARY_REGULAR_PROVISIONAL,v0.22_population_ledger
2024,401643839,2024-11-23T20:00:00.000Z,Arkansas State,UL Monroe,28,21,False,PRIMARY_REGULAR_PROVISIONAL,v0.22_population_ledger
2024,401643841,2024-11-23T20:00:00.000Z,Southern Miss,South Alabama,14,35,False,PRIMARY_REGULAR_PROVISIONAL,v0.22_population_ledger
2024,401645371,2024-11-23T20:00:00.000Z,Florida Atlantic,Charlotte,27,39,False,PRIMARY_REGULAR_PROVISIONAL,v0.22_population_ledger
2024,401628436,2024-11-23T20:30:00.000Z,Texas,Kentucky,31,14,False,PRIMARY_REGULAR_PROVISIONAL,v0.22_population_ledger
2024,401628557,2024-11-23T20:30:00.000Z,Michigan,Northwestern,50,6,False,PRIMARY_REGULAR_PROVISIONAL,v0.22_population_ledger
2024,401628559,2024-11-23T20:30:00.000Z,Minnesota,Penn State,25,26,False,PRIMARY_REGULAR_PROVISIONAL,v0.22_population_ledger
2024,401628560,2024-11-23T20:30:00.000Z,Nebraska,Wisconsin,44,25,False,PRIMARY_REGULAR_PROVISIONAL,v0.22_population_ledger
2024,401635613,2024-11-23T20:30:00.000Z,California,Stanford,24,21,False,PRIMARY_REGULAR_PROVISIONAL,v0.22_population_ledger
2024,401636930,2024-11-23T20:30:00.000Z,Arizona State,BYU,28,23,False,PRIMARY_REGULAR_PROVISIONAL,v0.22_population_ledger
2024,401636932,2024-11-23T20:30:00.000Z,Kansas,Colorado,37,21,True,PRIMARY_REGULAR_PROVISIONAL,v0.22_population_ledger
2024,401636934,2024-11-23T20:30:00.000Z,Oklahoma State,Texas Tech,48,56,False,PRIMARY_REGULAR_PROVISIONAL,v0.22_population_ledger
2024,401636937,2024-11-23T20:30:00.000Z,West Virginia,UCF,31,21,False,PRIMARY_REGULAR_PROVISIONAL,v0.22_population_ledger
2024,401643766,2024-11-23T20:30:00.000Z,Utah State,San Diego State,41,20,False,PRIMARY_REGULAR_PROVISIONAL,v0.22_population_ledger
2024,401643837,2024-11-23T20:30:00.000Z,Coastal Carolina,Georgia Southern,6,26,False,PRIMARY_REGULAR_PROVISIONAL,v0.22_population_ledger
2024,401645372,2024-11-23T20:30:00.000Z,North Texas,East Carolina,28,40,False,PRIMARY_REGULAR_PROVISIONAL,v0.22_population_ledger
2024,401645375,2024-11-23T20:30:00.000Z,South Florida,Tulsa,63,30,False,PRIMARY_REGULAR_PROVISIONAL,v0.22_population_ledger
2024,401628427,2024-11-23T21:00:00.000Z,Arkansas,Louisiana Tech,35,14,False,PRIMARY_REGULAR_PROVISIONAL,v0.22_population_ledger
2024,401635617,2024-11-23T21:00:00.000Z,Louisville,Pittsburgh,37,9,False,PRIMARY_REGULAR_PROVISIONAL,v0.22_population_ledger
2024,401628432,2024-11-23T21:15:00.000Z,Mississippi State,Missouri,20,39,False,PRIMARY_REGULAR_PROVISIONAL,v0.22_population_ledger
2024,401643840,2024-11-23T22:00:00.000Z,Louisiana,Troy,51,30,False,PRIMARY_REGULAR_PROVISIONAL,v0.22_population_ledger
2024,401628572,2024-11-24T00:00:00.000Z,Oregon State,Washington State,41,38,False,PRIMARY_REGULAR_PROVISIONAL,v0.22_population_ledger
2024,401636931,2024-11-24T00:00:00.000Z,Houston,Baylor,10,20,False,PRIMARY_REGULAR_PROVISIONAL,v0.22_population_ledger
2024,401640959,2024-11-24T00:00:00.000Z,Notre Dame,Army,49,14,True,PRIMARY_REGULAR_PROVISIONAL,v0.22_population_ledger
2024,401643764,2024-11-24T00:00:00.000Z,Wyoming,Boise State,13,17,False,PRIMARY_REGULAR_PROVISIONAL,v0.22_population_ledger
2024,401643842,2024-11-24T00:00:00.000Z,Texas State,Georgia State,44,52,False,PRIMARY_REGULAR_PROVISIONAL,v0.22_population_ledger
2024,401628428,2024-11-24T00:30:00.000Z,Auburn,Texas A&M,43,41,False,PRIMARY_REGULAR_PROVISIONAL,v0.22_population_ledger
2024,401628433,2024-11-24T00:30:00.000Z,Oklahoma,Alabama,24,3,False,PRIMARY_REGULAR_PROVISIONAL,v0.22_population_ledger
2024,401636936,2024-11-24T00:30:00.000Z,Utah,Iowa State,28,31,False,PRIMARY_REGULAR_PROVISIONAL,v0.22_population_ledger
2024,401643838,2024-11-24T00:30:00.000Z,Old Dominion,Marshall,35,42,False,PRIMARY_REGULAR_PROVISIONAL,v0.22_population_ledger
2024,401628431,2024-11-24T00:45:00.000Z,LSU,Vanderbilt,24,17,False,PRIMARY_REGULAR_PROVISIONAL,v0.22_population_ledger
2024,401635615,2024-11-24T01:00:00.000Z,Duke,Virginia Tech,31,28,False,PRIMARY_REGULAR_PROVISIONAL,v0.22_population_ledger
2024,401636933,2024-11-24T01:00:00.000Z,Kansas State,Cincinnati,41,15,False,PRIMARY_REGULAR_PROVISIONAL,v0.22_population_ledger
2024,401628561,2024-11-24T03:30:00.000Z,UCLA,USC,13,19,False,PRIMARY_REGULAR_PROVISIONAL,v0.22_population_ledger
2024,401643763,2024-11-24T03:30:00.000Z,Nevada,Air Force,19,22,False,PRIMARY_REGULAR_PROVISIONAL,v0.22_population_ledger
2024,401643765,2024-11-24T03:30:00.000Z,Fresno State,Colorado State,28,22,False,PRIMARY_REGULAR_PROVISIONAL,v0.22_population_ledger
2024,401644775,2024-11-27T00:00:00.000Z,Akron,Toledo,21,14,False,PRIMARY_REGULAR_PROVISIONAL,v0.22_population_ledger
2024,401644776,2024-11-27T00:00:00.000Z,Buffalo,Kent State,43,7,False,PRIMARY_REGULAR_PROVISIONAL,v0.22_population_ledger
2024,401645376,2024-11-29T00:30:00.000Z,Tulane,Memphis,24,34,False,PRIMARY_REGULAR_PROVISIONAL,v0.22_population_ledger
2024,401628568,2024-11-29T17:00:00.000Z,Wisconsin,Minnesota,7,24,False,PRIMARY_REGULAR_PROVISIONAL,v0.22_population_ledger
2024,401636938,2024-11-29T17:00:00.000Z,Colorado,Oklahoma State,52,0,False,PRIMARY_REGULAR_PROVISIONAL,v0.22_population_ledger
2024,401643769,2024-11-29T17:00:00.000Z,Boise State,Oregon State,34,18,False,PRIMARY_REGULAR_PROVISIONAL,v0.22_population_ledger
2024,401644691,2024-11-29T17:00:00.000Z,Bowling Green,Miami (OH),12,28,False,PRIMARY_REGULAR_PROVISIONAL,v0.22_population_ledger
2024,401644777,2024-11-29T17:00:00.000Z,Ohio,Ball State,42,21,False,PRIMARY_REGULAR_PROVISIONAL,v0.22_population_ledger
2024,401645379,2024-11-29T17:00:00.000Z,East Carolina,Navy,20,34,False,PRIMARY_REGULAR_PROVISIONAL,v0.22_population_ledger
2024,401628442,2024-11-29T20:30:00.000Z,Ole Miss,Mississippi State,26,14,False,PRIMARY_REGULAR_PROVISIONAL,v0.22_population_ledger
2024,401640997,2024-11-29T20:30:00.000Z,Sam Houston,Liberty,20,18,False,PRIMARY_REGULAR_PROVISIONAL,v0.22_population_ledger
2024,401643770,2024-11-29T20:30:00.000Z,Colorado State,Utah State,42,37,False,PRIMARY_REGULAR_PROVISIONAL,v0.22_population_ledger
2024,401643843,2024-11-29T20:30:00.000Z,South Alabama,Texas State,38,45,False,PRIMARY_REGULAR_PROVISIONAL,v0.22_population_ledger
2024,401635625,2024-11-29T21:00:00.000Z,San Jose State,Stanford,34,31,False,PRIMARY_REGULAR_PROVISIONAL,v0.22_population_ledger
2024,401628439,2024-11-30T00:30:00.000Z,Georgia,Georgia Tech,44,42,False,PRIMARY_REGULAR_PROVISIONAL,v0.22_population_ledger
2024,401628562,2024-11-30T00:30:00.000Z,Iowa,Nebraska,13,10,False,PRIMARY_REGULAR_PROVISIONAL,v0.22_population_ledger
2024,401636939,2024-11-30T01:00:00.000Z,UCF,Utah,14,28,False,PRIMARY_REGULAR_PROVISIONAL,v0.22_population_ledger
2024,401628440,2024-11-30T17:00:00.000Z,Kentucky,Louisville,14,41,False,PRIMARY_REGULAR_PROVISIONAL,v0.22_population_ledger
2024,401628444,2024-11-30T17:00:00.000Z,Clemson,South Carolina,14,17,False,PRIMARY_REGULAR_PROVISIONAL,v0.22_population_ledger
2024,401628446,2024-11-30T17:00:00.000Z,Vanderbilt,Tennessee,23,36,False,PRIMARY_REGULAR_PROVISIONAL,v0.22_population_ledger
2024,401628563,2024-11-30T17:00:00.000Z,Northwestern,Illinois,28,38,True,PRIMARY_REGULAR_PROVISIONAL,v0.22_population_ledger
2024,401628566,2024-11-30T17:00:00.000Z,Ohio State,Michigan,10,13,False,PRIMARY_REGULAR_PROVISIONAL,v0.22_population_ledger
2024,401629038,2024-11-30T17:00:00.000Z,UMass,UConn,42,47,False,PRIMARY_REGULAR_PROVISIONAL,v0.22_population_ledger
2024,401635622,2024-11-30T17:00:00.000Z,Wake Forest,Duke,17,23,False,PRIMARY_REGULAR_PROVISIONAL,v0.22_population_ledger
2024,401636941,2024-11-30T17:00:00.000Z,Baylor,Kansas,45,17,False,PRIMARY_REGULAR_PROVISIONAL,v0.22_population_ledger
2024,401636945,2024-11-30T17:00:00.000Z,Texas Tech,West Virginia,52,15,False,PRIMARY_REGULAR_PROVISIONAL,v0.22_population_ledger
2024,401643848,2024-11-30T17:00:00.000Z,UL Monroe,Louisiana,23,37,False,PRIMARY_REGULAR_PROVISIONAL,v0.22_population_ledger
2024,401645378,2024-11-30T17:00:00.000Z,Army,UTSA,29,24,False,PRIMARY_REGULAR_PROVISIONAL,v0.22_population_ledger
2024,401645381,2024-11-30T17:00:00.000Z,Temple,North Texas,17,24,False,PRIMARY_REGULAR_PROVISIONAL,v0.22_population_ledger
2024,401644780,2024-11-30T18:30:00.000Z,Western Michigan,Eastern Michigan,26,18,False,PRIMARY_REGULAR_PROVISIONAL,v0.22_population_ledger
2024,401640988,2024-11-30T19:00:00.000Z,FIU,Middle Tennessee,35,24,True,PRIMARY_REGULAR_PROVISIONAL,v0.22_population_ledger
2024,401643845,2024-11-30T19:00:00.000Z,Georgia State,Coastal Carolina,27,48,False,PRIMARY_REGULAR_PROVISIONAL,v0.22_population_ledger
2024,401643849,2024-11-30T19:00:00.000Z,Troy,Southern Miss,52,20,False,PRIMARY_REGULAR_PROVISIONAL,v0.22_population_ledger
2024,401645382,2024-11-30T19:00:00.000Z,Rice,South Florida,35,28,False,PRIMARY_REGULAR_PROVISIONAL,v0.22_population_ledger
2024,401635620,2024-11-30T20:00:00.000Z,Boston College,Pittsburgh,34,23,False,PRIMARY_REGULAR_PROVISIONAL,v0.22_population_ledger
2024,401643847,2024-11-30T20:00:00.000Z,Arkansas State,Old Dominion,32,40,False,PRIMARY_REGULAR_PROVISIONAL,v0.22_population_ledger
2024,401628437,2024-11-30T20:30:00.000Z,Alabama,Auburn,28,14,False,PRIMARY_REGULAR_PROVISIONAL,v0.22_population_ledger
2024,401628443,2024-11-30T20:30:00.000Z,Missouri,Arkansas,28,21,False,PRIMARY_REGULAR_PROVISIONAL,v0.22_population_ledger
2024,401628565,2024-11-30T20:30:00.000Z,Penn State,Maryland,44,7,False,PRIMARY_REGULAR_PROVISIONAL,v0.22_population_ledger
2024,401628567,2024-11-30T20:30:00.000Z,Michigan State,Rutgers,14,41,False,PRIMARY_REGULAR_PROVISIONAL,v0.22_population_ledger
2024,401628570,2024-11-30T20:30:00.000Z,UCLA,Fresno State,20,13,False,PRIMARY_REGULAR_PROVISIONAL,v0.22_population_ledger
2024,401628571,2024-11-30T20:30:00.000Z,USC,Notre Dame,35,49,False,PRIMARY_REGULAR_PROVISIONAL,v0.22_population_ledger
2024,401635621,2024-11-30T20:30:00.000Z,SMU,California,38,6,False,PRIMARY_REGULAR_PROVISIONAL,v0.22_population_ledger
2024,401635623,2024-11-30T20:30:00.000Z,Syracuse,Miami (FL),42,38,False,PRIMARY_REGULAR_PROVISIONAL,v0.22_population_ledger
2024,401635624,2024-11-30T20:30:00.000Z,North Carolina,NC State,30,35,False,PRIMARY_REGULAR_PROVISIONAL,v0.22_population_ledger
2024,401636940,2024-11-30T20:30:00.000Z,Arizona,Arizona State,7,49,False,PRIMARY_REGULAR_PROVISIONAL,v0.22_population_ledger
2024,401644779,2024-11-30T20:30:00.000Z,Northern Illinois,Central Michigan,24,16,False,PRIMARY_REGULAR_PROVISIONAL,v0.22_population_ledger
2024,401645377,2024-11-30T20:30:00.000Z,Charlotte,UAB,29,27,False,PRIMARY_REGULAR_PROVISIONAL,v0.22_population_ledger
2024,401645380,2024-11-30T20:30:00.000Z,Tulsa,Florida Atlantic,16,63,False,PRIMARY_REGULAR_PROVISIONAL,v0.22_population_ledger
2024,401641006,2024-11-30T21:00:00.000Z,Western Kentucky,Jacksonville State,19,17,False,PRIMARY_REGULAR_PROVISIONAL,v0.22_population_ledger
2024,401641014,2024-11-30T21:00:00.000Z,Louisiana Tech,Kennesaw State,33,0,False,PRIMARY_REGULAR_PROVISIONAL,v0.22_population_ledger
2024,401641031,2024-11-30T21:00:00.000Z,New Mexico State,UTEP,35,42,False,PRIMARY_REGULAR_PROVISIONAL,v0.22_population_ledger
2024,401636943,2024-11-30T23:00:00.000Z,Cincinnati,TCU,13,20,False,PRIMARY_REGULAR_PROVISIONAL,v0.22_population_ledger
2024,401643844,2024-11-30T23:00:00.000Z,Georgia Southern,Appalachian State,29,20,False,PRIMARY_REGULAR_PROVISIONAL,v0.22_population_ledger
2024,401643773,2024-11-30T23:30:00.000Z,Washington State,Wyoming,14,15,False,PRIMARY_REGULAR_PROVISIONAL,v0.22_population_ledger
2024,401628438,2024-12-01T00:00:00.000Z,Florida State,Florida,11,31,False,PRIMARY_REGULAR_PROVISIONAL,v0.22_population_ledger
2024,401628441,2024-12-01T00:00:00.000Z,LSU,Oklahoma,37,17,False,PRIMARY_REGULAR_PROVISIONAL,v0.22_population_ledger
2024,401628564,2024-12-01T00:00:00.000Z,Indiana,Purdue,66,0,False,PRIMARY_REGULAR_PROVISIONAL,v0.22_population_ledger
2024,401628445,2024-12-01T00:30:00.000Z,Texas A&M,Texas,7,17,False,PRIMARY_REGULAR_PROVISIONAL,v0.22_population_ledger
2024,401628569,2024-12-01T00:30:00.000Z,Oregon,Washington,49,21,False,PRIMARY_REGULAR_PROVISIONAL,v0.22_population_ledger
2024,401636944,2024-12-01T00:30:00.000Z,Iowa State,Kansas State,29,21,False,PRIMARY_REGULAR_PROVISIONAL,v0.22_population_ledger
2024,401635640,2024-12-01T01:00:00.000Z,Virginia Tech,Virginia,37,17,False,PRIMARY_REGULAR_PROVISIONAL,v0.22_population_ledger
2024,401643772,2024-12-01T01:00:00.000Z,UNLV,Nevada,38,14,False,PRIMARY_REGULAR_PROVISIONAL,v0.22_population_ledger
2024,401643846,2024-12-01T01:00:00.000Z,James Madison,Marshall,33,35,False,PRIMARY_REGULAR_PROVISIONAL,v0.22_population_ledger
2024,401636942,2024-12-01T03:15:00.000Z,BYU,Houston,30,18,False,PRIMARY_REGULAR_PROVISIONAL,v0.22_population_ledger
2024,401643768,2024-12-01T03:30:00.000Z,San Diego State,Air Force,20,31,False,PRIMARY_REGULAR_PROVISIONAL,v0.22_population_ledger
2024,401643771,2024-12-01T04:00:00.000Z,Hawaii,New Mexico,38,30,False,PRIMARY_REGULAR_PROVISIONAL,v0.22_population_ledger
2024,401673466,2024-12-07T00:00:00.000Z,Jacksonville State,Western Kentucky,52,12,False,CONFERENCE_CHAMPIONSHIP_PENDING,v0.22_population_ledger
2024,401673462,2024-12-07T01:00:00.000Z,Army,Tulane,35,14,False,CONFERENCE_CHAMPIONSHIP_PENDING,v0.22_population_ledger
2024,401673468,2024-12-07T01:00:00.000Z,Boise State,UNLV,21,7,False,CONFERENCE_CHAMPIONSHIP_PENDING,v0.22_population_ledger
2024,401673465,2024-12-07T17:00:00.000Z,Arizona State,Iowa State,45,19,True,CONFERENCE_CHAMPIONSHIP_PENDING,v0.22_population_ledger
2024,401673467,2024-12-07T17:00:00.000Z,Miami (OH),Ohio,3,38,True,CONFERENCE_CHAMPIONSHIP_PENDING,v0.22_population_ledger
2024,401673469,2024-12-07T21:00:00.000Z,Texas,Georgia,19,22,True,CONFERENCE_CHAMPIONSHIP_PENDING,v0.22_population_ledger
2024,401673470,2024-12-08T00:30:00.000Z,Louisiana,Marshall,3,31,False,CONFERENCE_CHAMPIONSHIP_PENDING,v0.22_population_ledger
2024,401673463,2024-12-08T01:00:00.000Z,SMU,Clemson,31,34,True,CONFERENCE_CHAMPIONSHIP_PENDING,v0.22_population_ledger
2024,401673464,2024-12-08T01:00:00.000Z,Oregon,Penn State,45,37,True,CONFERENCE_CHAMPIONSHIP_PENDING,v0.22_population_ledger
2024,401645383,2024-12-14T20:00:00.000Z,Army,Navy,13,31,True,PRIMARY_REGULAR_PROVISIONAL,v0.22_population_ledger